alert_id,customer_id,customer_segment,customer_tenure_years,country,counterparty_country,txn_amount,txn_type,counterparty,alert_reason,prior_alerts_90d,is_true_positive
AL000000,C13905,retail,18,FR,GB,5304.26,cash,CP2535,dormant_reactivation,0,0
AL000001,C65392,retail,24,US,AU,8783.77,wire,CP6574,structuring,2,0
AL000002,C80284,retail,1,JP,AU,90065.36,ach,CP3045,sanctions_match,0,0
AL000003,C47930,business,21,FR,ZA,18209.42,wire,CP2307,pep_match,0,0
AL000004,C89840,business,21,BR,JP,8610.7,wire,CP3803,structuring,0,0
AL000005,C62581,retail,1,SG,DE,16349.28,cash,CP5386,dormant_reactivation,0,0
AL000006,C28301,retail,14,ZA,MX,9235.41,ach,CP5040,structuring,3,1
AL000007,C24371,private,2,AU,RU,1135.64,card,CP3504,velocity,0,0
AL000008,C11504,retail,17,AU,AU,100000.0,card,CP2876,round_amount,0,0
AL000009,C44522,retail,23,FR,JP,73728.28,wire,CP9201,sanctions_match,0,0
AL000010,C79514,private,24,CA,SY,32019.68,ach,CP1009,pep_match,0,0
AL000011,C19071,retail,2,CA,MX,7926.86,card,CP9727,structuring,3,0
AL000012,C36365,private,17,SG,KP,2661.99,ach,CP6107,velocity,5,0
AL000013,C38864,retail,17,JP,SG,62352.45,wire,CP1117,sanctions_match,0,0
AL000014,C27342,retail,15,DE,US,16655.34,ach,CP8744,pep_match,0,0
AL000015,C95649,retail,23,AU,CA,21666.35,ach,CP2612,dormant_reactivation,0,0
AL000016,C19880,retail,7,CA,DE,13972.27,ach,CP8260,high_risk_geo,0,0
AL000017,C62565,business,15,AE,US,231628.56,card,CP1960,sanctions_match,0,0
AL000018,C73788,retail,17,AU,SG,2143.89,card,CP3536,velocity,8,0
AL000019,C76562,retail,16,US,US,15817.52,wire,CP2312,dormant_reactivation,0,0
AL000020,C91183,business,18,CA,DE,5000.0,card,CP2343,round_amount,1,0
AL000021,C69929,retail,21,JP,TR,35866.35,wire,CP6180,dormant_reactivation,0,0
AL000022,C42018,business,11,AE,CA,134639.78,ach,CP7054,sanctions_match,0,0
AL000023,C24029,retail,4,FR,US,40891.79,wire,CP3546,dormant_reactivation,1,0
AL000024,C46265,retail,2,JP,FR,14770.64,card,CP1722,high_risk_geo,2,0
AL000025,C81511,retail,22,FR,SG,19113.35,ach,CP1590,high_risk_geo,0,0
AL000026,C37535,business,1,GB,US,1855.03,card,CP5088,velocity,5,0
AL000027,C64040,retail,25,AU,MM,9827.42,wire,CP1406,structuring,0,0
AL000028,C71694,retail,12,BR,NG,12558.73,wire,CP4644,pep_match,1,0
AL000029,C46585,retail,2,MX,DE,7851.83,wire,CP6753,structuring,0,0
AL000030,C55309,retail,3,JP,AE,933.91,card,CP6139,velocity,0,0
AL000031,C97900,retail,25,IR,DE,269.71,ach,CP4228,velocity,0,0
AL000032,C48752,retail,10,JP,CA,45022.33,ach,CP3085,dormant_reactivation,1,0
AL000033,C66346,retail,9,AU,GB,16382.11,ach,CP6279,high_risk_geo,2,0
AL000034,C40784,retail,10,DE,GB,4422.82,ach,CP6085,dormant_reactivation,1,0
AL000035,C60328,retail,20,US,SG,21994.75,wire,CP9099,high_risk_geo,0,0
AL000036,C83060,retail,16,US,AE,21372.28,wire,CP5082,pep_match,5,0
AL000037,C76162,business,14,GB,NG,24757.85,ach,CP7991,high_risk_geo,5,0
AL000038,C78327,business,8,GB,SG,25000.0,cash,CP8939,round_amount,2,0
AL000039,C30028,retail,4,CA,DE,1712.45,card,CP4505,velocity,0,0
AL000040,C85456,retail,22,SG,DE,21123.15,card,CP7232,pep_match,1,1
AL000041,C45774,retail,7,MX,AU,19950.31,ach,CP8140,high_risk_geo,1,0
AL000042,C13552,retail,18,AU,SG,9947.78,ach,CP2375,structuring,3,0
AL000043,C46471,retail,24,SG,FR,25000.0,wire,CP7906,round_amount,0,0
AL000044,C42411,retail,1,US,US,1159.9,wire,CP4266,velocity,5,0
AL000045,C89593,business,11,DE,CA,23955.14,ach,CP2876,high_risk_geo,0,0
AL000046,C87607,private,22,FR,US,2900.19,card,CP4978,velocity,0,0
AL000047,C65057,retail,20,CA,US,2687.09,ach,CP9031,velocity,0,0
AL000048,C80539,retail,20,NG,BR,7818.96,wire,CP8921,dormant_reactivation,0,0
AL000049,C89997,retail,24,ZA,DE,46744.17,wire,CP7209,pep_match,0,0
AL000050,C82848,retail,22,JP,DE,3999.27,ach,CP1166,velocity,3,0
AL000051,C12260,retail,15,DE,SG,20163.29,ach,CP2524,high_risk_geo,1,0
AL000052,C56112,retail,23,DE,JP,100000.0,ach,CP8434,round_amount,0,0
AL000053,C73464,retail,6,CA,JP,185848.83,card,CP5530,sanctions_match,1,0
AL000054,C26591,private,0,VE,AE,9867.06,wire,CP5494,pep_match,0,0
AL000055,C72746,retail,18,FR,GB,43449.37,ach,CP8216,dormant_reactivation,3,0
AL000056,C29887,retail,20,MX,BR,205617.85,ach,CP3444,sanctions_match,0,0
AL000057,C59856,business,7,AE,IR,20288.87,ach,CP8381,high_risk_geo,2,0
AL000058,C96563,business,20,AU,US,24202.18,wire,CP2330,high_risk_geo,2,0
AL000059,C69510,retail,9,CA,AU,100000.0,ach,CP2166,round_amount,0,0
AL000060,C19359,retail,8,NG,DE,5000.0,ach,CP1977,round_amount,1,0
AL000061,C20543,retail,17,FR,SG,15343.74,ach,CP1653,dormant_reactivation,0,0
AL000062,C45325,business,24,FR,DE,41830.74,ach,CP1659,dormant_reactivation,5,0
AL000063,C53687,private,15,SG,KP,137177.0,card,CP6260,high_risk_geo,5,0
AL000064,C51224,retail,1,MX,SG,3329.79,ach,CP5135,velocity,2,0
AL000065,C75338,retail,16,RU,AE,43494.5,ach,CP8242,dormant_reactivation,0,0
AL000066,C30758,private,25,GB,RU,24338.65,wire,CP6091,dormant_reactivation,1,0
AL000067,C45838,retail,22,CA,CA,5000.0,ach,CP7807,round_amount,0,0
AL000068,C46208,business,4,KP,GB,10000.0,card,CP7798,round_amount,0,0
AL000069,C68529,retail,15,FR,MX,15068.08,ach,CP9824,dormant_reactivation,8,0
AL000070,C63841,retail,7,AU,JP,9594.89,ach,CP1715,pep_match,1,0
AL000071,C67711,retail,10,AU,GB,5000.0,wire,CP2633,round_amount,5,0
AL000072,C20527,retail,22,GB,GB,117637.9,card,CP6383,sanctions_match,0,0
AL000073,C92727,business,19,BR,NG,44394.45,ach,CP5708,dormant_reactivation,0,0
AL000074,C17355,business,0,AU,MM,43654.45,ach,CP5806,dormant_reactivation,1,1
AL000075,C86435,retail,21,DE,GB,8183.4,ach,CP3344,structuring,0,0
AL000076,C55293,retail,2,SG,US,23369.61,wire,CP5901,pep_match,0,0
AL000077,C85341,retail,12,FR,FR,9988.63,card,CP5847,structuring,0,0
AL000078,C89569,business,24,AU,US,19903.44,card,CP6772,high_risk_geo,3,0
AL000079,C85965,retail,25,FR,GB,5038.76,ach,CP6977,dormant_reactivation,0,0
AL000080,C45720,private,11,FR,AU,8239.74,cash,CP3695,structuring,3,0
AL000081,C39571,retail,2,BR,MX,43545.77,card,CP7511,dormant_reactivation,0,0
AL000082,C86619,business,23,MX,AU,66482.42,wire,CP7242,sanctions_match,0,0
AL000083,C18285,business,19,AE,SG,155076.94,card,CP8606,sanctions_match,0,1
AL000084,C69459,business,17,AU,US,76438.96,ach,CP7078,sanctions_match,0,1
AL000085,C58566,retail,8,AU,GB,5000.0,card,CP4559,round_amount,1,0
AL000086,C26011,retail,8,MX,JP,23033.92,ach,CP8450,high_risk_geo,0,0
AL000087,C86858,retail,24,US,JP,9965.52,cash,CP4538,structuring,0,0
AL000088,C24408,business,8,GB,US,4299.11,wire,CP1422,velocity,0,0
AL000089,C72422,retail,3,DE,US,8381.15,wire,CP8344,structuring,0,0
AL000090,C94323,private,16,CA,DE,58673.01,cash,CP1510,high_risk_geo,2,0
AL000091,C26540,retail,19,AU,CA,50000.0,wire,CP5505,round_amount,0,0
AL000092,C95814,retail,22,JP,FR,100000.0,ach,CP4522,round_amount,0,0
AL000093,C59060,retail,10,BR,SG,50000.0,cash,CP3500,round_amount,0,0
AL000094,C86869,retail,4,CA,AE,5000.0,cash,CP6400,round_amount,0,0
AL000095,C30280,retail,18,AU,NG,242115.46,ach,CP8900,sanctions_match,0,0
AL000096,C90422,retail,24,JP,FR,9523.18,ach,CP1430,high_risk_geo,1,0
AL000097,C84228,retail,5,FR,FR,38167.99,card,CP7566,dormant_reactivation,0,0
AL000098,C84395,retail,9,US,DE,50000.0,ach,CP2391,round_amount,0,0
AL000099,C77154,business,8,US,FR,50000.0,ach,CP2864,round_amount,0,0
AL000100,C37686,retail,6,SG,FR,55519.35,card,CP3248,sanctions_match,0,0
AL000101,C56421,private,17,CA,AU,8082.92,ach,CP2180,structuring,0,0
AL000102,C25096,retail,20,AU,CA,15790.42,ach,CP7636,pep_match,0,0
AL000103,C61873,retail,12,SG,MX,109459.59,wire,CP6083,sanctions_match,0,0
AL000104,C94599,private,23,GB,CA,151990.41,card,CP3419,high_risk_geo,0,0
AL000105,C83889,retail,20,DE,GB,38005.79,wire,CP8354,pep_match,5,0
AL000106,C49691,retail,15,NG,JP,48554.46,ach,CP5500,pep_match,0,0
AL000107,C76462,retail,2,CA,SG,14694.07,card,CP7299,sanctions_match,0,0
AL000108,C55015,retail,14,US,DE,3044.78,ach,CP2381,velocity,5,0
AL000109,C54350,retail,9,DE,SG,15454.96,wire,CP1857,high_risk_geo,0,0
AL000110,C53694,private,19,AE,AU,1297.38,card,CP2335,velocity,5,0
AL000111,C53054,retail,12,JP,AU,9103.14,card,CP3093,structuring,0,0
AL000112,C38074,retail,11,NG,VE,161683.19,ach,CP6598,sanctions_match,0,0
AL000113,C79013,business,17,DE,KP,74300.13,cash,CP1618,sanctions_match,0,0
AL000114,C67366,retail,25,ZA,AU,8155.32,card,CP1715,structuring,2,0
AL000115,C71474,retail,7,DE,ZA,3774.34,cash,CP4178,velocity,0,0
AL000116,C28140,retail,6,BR,FR,19217.25,ach,CP5096,pep_match,5,0
AL000117,C68893,retail,24,JP,CA,42325.44,card,CP9410,dormant_reactivation,0,0
AL000118,C59140,retail,12,DE,MX,104016.78,ach,CP4678,sanctions_match,0,0
AL000119,C71487,retail,4,NG,GB,7883.88,card,CP8349,structuring,0,0
AL000120,C49472,retail,24,AE,GB,23804.52,ach,CP2996,high_risk_geo,0,0
AL000121,C66261,retail,22,SG,SG,15721.08,ach,CP1025,high_risk_geo,1,0
AL000122,C76535,retail,16,AU,CA,24493.09,wire,CP1333,high_risk_geo,0,0
AL000123,C23587,retail,23,AU,SY,1008.86,cash,CP6447,dormant_reactivation,0,0
AL000124,C27675,retail,20,JP,TR,39001.3,ach,CP2033,pep_match,1,0
AL000125,C81176,private,16,IR,US,10133.6,wire,CP8756,pep_match,3,0
AL000126,C67637,retail,13,DE,US,32855.42,wire,CP7334,pep_match,2,0
AL000127,C52101,retail,5,SG,FR,4314.05,ach,CP2680,pep_match,0,0
AL000128,C67008,retail,11,FR,AU,9310.58,ach,CP5498,structuring,0,0
AL000129,C89635,retail,0,US,AU,2589.78,cash,CP8179,velocity,0,0
AL000130,C85225,retail,14,JP,US,8068.76,ach,CP3255,high_risk_geo,0,0
AL000131,C44116,retail,17,FR,CA,184050.88,ach,CP8311,sanctions_match,0,1
AL000132,C51889,retail,2,SG,GB,3887.79,wire,CP6692,pep_match,1,0
AL000133,C25907,private,11,FR,KP,35536.28,cash,CP4292,dormant_reactivation,0,0
AL000134,C72739,private,2,SG,JP,100000.0,wire,CP9612,round_amount,3,0
AL000135,C82260,retail,4,CA,JP,3893.42,ach,CP3981,dormant_reactivation,0,0
AL000136,C78012,private,7,US,ZA,8466.03,wire,CP5653,structuring,3,1
AL000137,C96341,business,18,FR,FR,15669.56,ach,CP6531,high_risk_geo,0,0
AL000138,C92203,business,0,US,FR,10698.26,ach,CP9938,dormant_reactivation,1,0
AL000139,C36741,retail,13,BR,AU,2295.04,ach,CP6573,velocity,0,0
AL000140,C71141,retail,3,JP,JP,10000.0,cash,CP3007,round_amount,0,0
AL000141,C85718,retail,5,CA,AU,30845.8,wire,CP6123,pep_match,2,0
AL000142,C38199,retail,14,SG,FR,5000.0,wire,CP6781,round_amount,0,0
AL000143,C57964,retail,11,SG,US,5553.35,wire,CP1741,pep_match,0,0
AL000144,C25572,retail,19,DE,FR,96894.03,ach,CP3108,sanctions_match,0,0
AL000145,C27961,business,1,JP,JP,7384.51,ach,CP6456,pep_match,0,1
AL000146,C49221,business,19,GB,GB,4660.28,ach,CP6511,velocity,0,0
AL000147,C92478,retail,13,SG,FR,5000.0,ach,CP1436,round_amount,1,0
AL000148,C99224,retail,12,DE,SG,8948.07,cash,CP4968,structuring,2,1
AL000149,C71814,retail,16,AE,SG,2122.96,ach,CP2020,velocity,0,0
AL000150,C56437,private,17,JP,RU,125364.96,card,CP5331,high_risk_geo,0,0
AL000151,C74094,retail,22,DE,FR,9861.85,card,CP6194,structuring,2,1
AL000152,C20358,retail,9,FR,AU,25000.0,card,CP6674,round_amount,2,0
AL000153,C16653,business,18,SG,FR,18923.43,wire,CP9700,high_risk_geo,1,0
AL000154,C72350,retail,5,CA,SG,170457.4,wire,CP8822,sanctions_match,5,0
AL000155,C14888,retail,23,FR,US,4655.14,ach,CP3868,pep_match,0,0
AL000156,C11214,retail,9,AE,RU,24870.12,card,CP5888,pep_match,5,0
AL000157,C70150,retail,3,JP,SG,9663.82,ach,CP5215,structuring,0,0
AL000158,C77538,private,12,JP,ZA,37912.68,wire,CP6372,dormant_reactivation,2,0
AL000159,C53204,retail,14,GB,RU,4682.34,wire,CP5947,velocity,0,0
AL000160,C50760,retail,21,FR,DE,167112.64,ach,CP2923,sanctions_match,0,0
AL000161,C81989,retail,11,MX,DE,8847.22,ach,CP8714,structuring,8,1
AL000162,C20237,private,16,TR,NG,29871.56,cash,CP2838,pep_match,0,0
AL000163,C74071,retail,6,DE,GB,8518.58,ach,CP2489,structuring,0,0
AL000164,C12853,business,25,US,AU,100000.0,wire,CP7487,round_amount,0,0
AL000165,C19046,retail,1,DE,US,25000.0,cash,CP8734,round_amount,0,0
AL000166,C99486,retail,12,GB,AU,4964.64,ach,CP9835,velocity,2,0
AL000167,C49107,retail,24,AE,AU,7546.94,card,CP8585,high_risk_geo,2,1
AL000168,C14222,retail,23,AU,TR,25000.0,wire,CP7868,round_amount,0,0
AL000169,C15798,retail,1,AE,CA,148689.06,ach,CP7590,sanctions_match,1,0
AL000170,C52030,retail,19,US,FR,9586.57,cash,CP4881,structuring,0,0
AL000171,C65994,retail,5,DE,FR,139401.17,ach,CP9120,sanctions_match,1,0
AL000172,C41584,retail,24,AU,JP,20932.97,wire,CP4692,dormant_reactivation,0,0
AL000173,C53288,retail,7,SG,ZA,50000.0,ach,CP2295,round_amount,0,0
AL000174,C87015,business,2,AE,DE,67481.17,ach,CP4555,sanctions_match,1,1
AL000175,C41797,retail,24,MX,US,9852.38,card,CP4350,structuring,0,0
AL000176,C75179,retail,11,JP,AU,100000.0,ach,CP8635,round_amount,0,0
AL000177,C12125,retail,7,RU,JP,8611.84,ach,CP5272,structuring,1,0
AL000178,C99764,retail,17,AU,DE,1188.59,ach,CP6530,velocity,0,0
AL000179,C74004,retail,4,NG,SG,10000.0,cash,CP4015,round_amount,0,0
AL000180,C29795,business,20,US,CA,33477.13,cash,CP1149,pep_match,0,0
AL000181,C46010,retail,0,US,SG,24495.15,wire,CP9777,dormant_reactivation,1,1
AL000182,C56457,business,19,AU,TR,229553.19,ach,CP5379,sanctions_match,0,0
AL000183,C95182,private,20,AU,DE,11447.69,ach,CP1519,dormant_reactivation,2,0
AL000184,C22499,retail,25,SG,US,8734.9,ach,CP9653,dormant_reactivation,0,0
AL000185,C51220,business,1,SG,CA,46294.12,card,CP1256,dormant_reactivation,1,0
AL000186,C53480,business,21,AU,MX,9035.07,ach,CP7288,structuring,2,0
AL000187,C88067,private,19,CA,JP,24872.6,wire,CP7499,sanctions_match,0,0
AL000188,C86791,business,13,FR,SG,10000.0,ach,CP7227,round_amount,3,0
AL000189,C57277,retail,23,DE,CA,813.39,cash,CP2745,velocity,1,0
AL000190,C23538,retail,17,BR,FR,33560.5,wire,CP1430,sanctions_match,0,0
AL000191,C41816,retail,17,JP,AE,2098.36,cash,CP9537,velocity,1,0
AL000192,C20082,retail,13,GB,FR,10000.0,wire,CP6916,round_amount,0,0
AL000193,C91289,retail,12,SG,DE,5000.0,wire,CP7224,round_amount,0,0
AL000194,C62198,business,10,JP,GB,1637.29,card,CP6228,velocity,0,0
AL000195,C36188,retail,3,SG,TR,1911.47,card,CP9939,velocity,0,0
AL000196,C63627,retail,2,US,BR,10640.49,cash,CP9180,dormant_reactivation,2,0
AL000197,C76402,retail,18,FR,AU,18974.14,ach,CP7853,pep_match,1,0
AL000198,C83822,retail,20,JP,CA,192354.03,ach,CP7547,sanctions_match,0,0
AL000199,C68429,business,22,AU,CA,1148.91,cash,CP7129,velocity,1,0
AL000200,C28569,retail,2,GB,US,5000.0,wire,CP6707,round_amount,3,0
AL000201,C15856,retail,10,DE,JP,5000.0,ach,CP2885,round_amount,1,0
AL000202,C70562,retail,17,CA,GB,12346.86,wire,CP4798,dormant_reactivation,0,0
AL000203,C60965,private,14,TR,BR,5000.0,cash,CP1072,round_amount,3,0
AL000204,C79168,private,21,CA,ZA,8601.09,wire,CP6134,structuring,0,0
AL000205,C98094,retail,19,CA,SG,8450.55,ach,CP3194,high_risk_geo,2,0
AL000206,C93296,retail,13,CA,GB,12769.27,ach,CP9804,high_risk_geo,1,0
AL000207,C11256,retail,1,GB,SG,744.47,ach,CP8939,velocity,0,0
AL000208,C84107,retail,15,ZA,SG,50000.0,ach,CP1505,round_amount,2,0
AL000209,C24838,private,15,US,FR,9509.82,ach,CP2871,structuring,2,0
AL000210,C95678,retail,3,JP,US,36005.22,ach,CP5055,pep_match,8,0
AL000211,C55957,retail,25,RU,CA,5000.0,cash,CP8015,round_amount,0,0
AL000212,C48356,retail,10,DE,AE,12016.31,wire,CP5740,high_risk_geo,0,0
AL000213,C95969,retail,1,ZA,MM,4942.21,card,CP3078,pep_match,2,0
AL000214,C64293,private,20,GB,TR,42209.07,ach,CP7146,pep_match,0,0
AL000215,C22208,retail,10,CA,FR,46829.54,ach,CP8511,dormant_reactivation,5,0
AL000216,C54270,retail,10,CA,AU,9920.2,card,CP9967,structuring,0,0
AL000217,C30707,retail,3,SG,US,25343.9,cash,CP8230,sanctions_match,0,0
AL000218,C42819,retail,2,RU,GB,15232.9,card,CP2350,dormant_reactivation,3,0
AL000219,C37973,retail,22,TR,FR,35032.18,wire,CP8812,dormant_reactivation,1,0
AL000220,C60209,retail,15,SG,JP,6205.57,card,CP2463,pep_match,1,1
AL000221,C28724,private,20,JP,FR,8638.16,card,CP2120,structuring,3,0
AL000222,C21362,retail,14,GB,DE,37463.79,card,CP2646,dormant_reactivation,1,0
AL000223,C88644,retail,7,AU,AU,3965.83,wire,CP5668,velocity,1,0
AL000224,C41370,private,20,NG,KP,171385.37,wire,CP9108,high_risk_geo,0,1
AL000225,C81612,retail,18,CA,US,4672.93,wire,CP3830,velocity,2,0
AL000226,C47550,private,25,IR,CA,65915.23,wire,CP9209,sanctions_match,0,1
AL000227,C52827,private,25,AU,GB,463.81,wire,CP7401,velocity,3,0
AL000228,C90254,retail,13,CA,AU,47680.71,wire,CP1901,dormant_reactivation,0,0
AL000229,C43980,retail,16,GB,GB,765.26,ach,CP3735,dormant_reactivation,0,0
AL000230,C85582,retail,16,FR,CA,45014.89,ach,CP2262,pep_match,0,1
AL000231,C39937,retail,21,US,GB,828.68,cash,CP9336,velocity,3,0
AL000232,C95944,retail,1,AE,SG,1945.75,wire,CP7870,velocity,3,0
AL000233,C77603,retail,5,JP,CA,12456.16,ach,CP1752,high_risk_geo,3,0
AL000234,C49834,business,9,SG,MX,477.61,ach,CP4974,velocity,0,0
AL000235,C13133,retail,0,SG,KP,45042.08,cash,CP4817,dormant_reactivation,0,0
AL000236,C41217,retail,3,US,AE,32933.73,card,CP7878,pep_match,1,0
AL000237,C70091,retail,22,GB,CA,230357.96,card,CP2391,sanctions_match,0,0
AL000238,C61505,retail,10,AU,US,10000.0,wire,CP6345,round_amount,0,0
AL000239,C63282,retail,14,CA,TR,38553.3,wire,CP2978,pep_match,0,0
AL000240,C89076,retail,9,TR,SG,4269.79,wire,CP1660,velocity,2,0
AL000241,C63004,retail,5,TR,DE,2011.41,wire,CP8408,velocity,0,1
AL000242,C62505,retail,4,CA,GB,3483.25,card,CP7098,sanctions_match,8,1
AL000243,C26880,retail,20,AE,FR,3934.36,card,CP2506,pep_match,0,0
AL000244,C60165,business,12,MX,SG,42413.31,ach,CP7990,sanctions_match,2,0
AL000245,C82179,retail,9,GB,SG,7875.88,ach,CP8848,structuring,0,0
AL000246,C57069,retail,12,GB,DE,49705.55,ach,CP8859,dormant_reactivation,0,0
AL000247,C71824,retail,24,JP,GB,80059.95,wire,CP9674,sanctions_match,3,0
AL000248,C38758,retail,23,DE,IR,9238.53,wire,CP7363,structuring,2,1
AL000249,C84403,retail,22,TR,JP,36957.63,ach,CP3328,pep_match,1,0
AL000250,C72650,retail,7,SG,GB,5000.0,wire,CP1011,round_amount,0,1
AL000251,C28566,retail,18,GB,GB,42245.35,ach,CP2817,pep_match,0,0
AL000252,C67261,business,5,AE,AU,7020.64,ach,CP8982,high_risk_geo,0,0
AL000253,C85082,retail,5,JP,GB,25000.0,cash,CP7415,round_amount,0,0
AL000254,C20198,business,15,US,JP,48383.08,wire,CP4899,pep_match,1,0
AL000255,C18885,retail,6,CA,NG,36518.44,ach,CP6742,dormant_reactivation,0,0
AL000256,C59197,retail,12,US,SG,21098.73,wire,CP2661,dormant_reactivation,0,0
AL000257,C32296,business,3,DE,CA,42318.97,wire,CP7151,pep_match,0,1
AL000258,C23272,retail,13,CA,SG,1743.46,card,CP6424,dormant_reactivation,0,0
AL000259,C57294,retail,15,FR,FR,8010.06,ach,CP1062,structuring,0,1
AL000260,C62096,retail,3,SG,US,8174.12,wire,CP8715,structuring,0,0
AL000261,C70956,retail,1,CA,AU,8612.53,ach,CP5315,structuring,0,0
AL000262,C82561,retail,24,US,CA,167201.22,card,CP1999,sanctions_match,0,0
AL000263,C14551,business,9,BR,NG,46830.8,ach,CP9226,pep_match,0,1
AL000264,C65492,retail,6,GB,SG,9878.44,wire,CP2283,structuring,0,1
AL000265,C82358,business,12,GB,MX,4558.48,card,CP6343,velocity,0,0
AL000266,C23133,business,24,US,AU,103903.38,wire,CP2730,sanctions_match,1,0
AL000267,C32570,retail,19,FR,MX,25000.0,ach,CP5512,round_amount,0,0
AL000268,C49722,retail,11,AU,JP,12031.45,cash,CP6094,dormant_reactivation,3,1
AL000269,C64627,retail,10,CA,KP,8458.05,cash,CP2462,structuring,2,0
AL000270,C27779,retail,22,AU,JP,2999.05,cash,CP9589,pep_match,0,0
AL000271,C45910,business,11,DE,TR,3069.85,wire,CP7035,pep_match,0,0
AL000272,C55843,business,15,CA,DE,2469.49,ach,CP6640,velocity,5,0
AL000273,C39012,retail,24,NG,AE,185.88,wire,CP4688,velocity,2,0
AL000274,C89736,retail,0,AU,US,10000.0,ach,CP6004,round_amount,1,0
AL000275,C91737,private,21,MX,AU,17565.72,wire,CP7506,pep_match,0,0
AL000276,C46291,retail,8,JP,FR,3437.85,ach,CP5278,velocity,0,0
AL000277,C62965,retail,25,NG,GB,20309.49,card,CP6236,high_risk_geo,2,0
AL000278,C34892,retail,22,SG,SY,50000.0,ach,CP6622,round_amount,0,0
AL000279,C22793,private,17,SG,MM,2561.21,card,CP8713,velocity,2,0
AL000280,C53426,retail,9,GB,MX,4647.13,ach,CP7089,dormant_reactivation,1,0
AL000281,C64146,retail,12,CA,CA,10000.0,ach,CP1885,round_amount,2,0
AL000282,C33176,business,15,DE,SG,8492.88,cash,CP6134,structuring,2,0
AL000283,C66847,retail,2,FR,GB,20289.67,ach,CP8035,high_risk_geo,2,0
AL000284,C98702,retail,16,BR,DE,18780.45,wire,CP1067,dormant_reactivation,0,0
AL000285,C48119,retail,1,JP,CA,100000.0,ach,CP8469,round_amount,0,0
AL000286,C62873,private,5,MX,GB,4980.89,ach,CP1313,velocity,2,0
AL000287,C93928,retail,25,GB,US,15092.67,wire,CP5190,high_risk_geo,1,1
AL000288,C26199,private,13,ZA,MM,163565.12,wire,CP9966,sanctions_match,1,0
AL000289,C27978,retail,19,DE,US,2133.31,wire,CP7862,velocity,0,0
AL000290,C56913,business,16,CA,CA,10000.0,ach,CP7713,round_amount,2,0
AL000291,C85255,retail,2,SG,NG,25000.0,wire,CP9095,round_amount,0,0
AL000292,C23082,retail,8,CA,CA,3239.47,ach,CP3862,velocity,5,0
AL000293,C28139,business,1,MX,MX,5000.0,wire,CP3793,round_amount,2,1
AL000294,C60556,retail,14,ZA,CA,4084.07,wire,CP8835,velocity,0,0
AL000295,C67430,private,25,TR,US,8137.89,ach,CP3969,pep_match,1,0
AL000296,C44290,retail,14,US,NG,8857.94,ach,CP6148,structuring,3,1
AL000297,C96732,retail,19,ZA,DE,43682.55,ach,CP5072,dormant_reactivation,1,0
AL000298,C19812,retail,15,AU,US,161027.98,wire,CP9055,sanctions_match,2,0
AL000299,C85108,retail,14,FR,DE,17866.35,ach,CP8341,high_risk_geo,0,0
AL000300,C21913,retail,17,JP,SG,32737.98,wire,CP5990,dormant_reactivation,0,0
AL000301,C88636,business,17,SG,MX,2902.91,wire,CP8751,pep_match,0,0
AL000302,C59006,private,9,SG,DE,85668.6,card,CP2741,sanctions_match,5,0
AL000303,C61497,retail,3,GB,NG,20578.7,wire,CP4532,dormant_reactivation,0,0
AL000304,C69950,retail,24,JP,AU,231693.32,card,CP9260,sanctions_match,1,0
AL000305,C32760,retail,5,US,AU,29339.01,card,CP3103,pep_match,2,0
AL000306,C54939,retail,8,JP,AU,100000.0,card,CP5819,round_amount,2,0
AL000307,C36330,retail,17,AU,FR,35134.42,card,CP4435,pep_match,1,0
AL000308,C25126,retail,22,JP,TR,32574.3,card,CP6771,dormant_reactivation,0,0
AL000309,C97851,retail,12,AU,FR,21234.84,wire,CP1927,pep_match,0,0
AL000310,C14234,retail,6,GB,MM,774.82,wire,CP6876,velocity,2,0
AL000311,C60014,business,22,DE,AU,8918.92,cash,CP7349,structuring,1,0
AL000312,C93071,retail,14,JP,AE,186045.66,wire,CP7025,sanctions_match,2,0
AL000313,C25643,private,5,DE,TR,2271.63,card,CP7180,velocity,0,0
AL000314,C88234,retail,4,FR,FR,82975.42,cash,CP1833,sanctions_match,0,0
AL000315,C76209,private,5,NG,JP,196115.85,ach,CP3611,sanctions_match,0,0
AL000316,C72240,retail,24,CA,DE,16727.8,ach,CP1144,dormant_reactivation,0,0
AL000317,C24860,retail,12,DE,ZA,9876.54,wire,CP7322,high_risk_geo,3,0
AL000318,C77357,retail,20,US,MX,21056.33,ach,CP2349,high_risk_geo,0,0
AL000319,C67047,business,3,US,DE,31549.82,wire,CP2181,dormant_reactivation,1,0
AL000320,C39837,private,2,SG,AE,18775.38,wire,CP5237,sanctions_match,0,0
AL000321,C86756,retail,19,AU,US,5000.0,ach,CP1745,round_amount,1,0
AL000322,C14039,private,12,CA,FR,67301.04,cash,CP8765,high_risk_geo,0,0
AL000323,C94926,retail,25,AU,FR,7374.96,ach,CP7113,dormant_reactivation,3,0
AL000324,C55069,business,9,GB,US,16933.1,ach,CP4469,high_risk_geo,3,0
AL000325,C17128,retail,25,GB,DE,21694.97,wire,CP9992,high_risk_geo,0,0
AL000326,C95914,retail,11,FR,FR,49755.69,ach,CP4842,sanctions_match,5,1
AL000327,C51462,retail,18,DE,SG,3100.9,ach,CP8017,velocity,1,0
AL000328,C57020,retail,15,DE,AU,4208.54,wire,CP6004,velocity,1,0
AL000329,C12441,retail,23,CA,TR,8928.64,cash,CP9309,high_risk_geo,1,1
AL000330,C29481,retail,15,ZA,DE,138122.7,ach,CP6993,sanctions_match,8,0
AL000331,C41310,retail,16,ZA,FR,8817.7,ach,CP3717,structuring,0,1
AL000332,C18239,private,24,GB,GB,36653.82,card,CP5331,dormant_reactivation,0,0
AL000333,C52476,retail,1,DE,JP,50000.0,card,CP2691,round_amount,3,0
AL000334,C20202,private,11,FR,MX,158870.01,wire,CP9465,high_risk_geo,1,0
AL000335,C28214,retail,19,KP,JP,43412.43,ach,CP8207,pep_match,0,1
AL000336,C53283,retail,7,FR,GB,8593.27,cash,CP2856,structuring,0,0
AL000337,C15136,retail,4,DE,AU,61295.74,wire,CP3406,sanctions_match,1,0
AL000338,C47152,retail,23,GB,AU,24384.87,ach,CP2404,high_risk_geo,3,0
AL000339,C96461,retail,24,SG,TR,9618.5,ach,CP9369,structuring,2,1
AL000340,C76107,retail,0,JP,ZA,6376.86,ach,CP7877,high_risk_geo,0,0
AL000341,C89098,business,21,GB,US,26665.21,cash,CP9835,pep_match,0,0
AL000342,C59969,business,25,NG,AU,4380.38,ach,CP6742,velocity,0,0
AL000343,C63562,retail,19,CA,FR,10000.0,card,CP5223,round_amount,0,0
AL000344,C23970,retail,10,US,CA,5143.88,ach,CP3535,high_risk_geo,1,0
AL000345,C82365,retail,24,FR,BR,12312.88,wire,CP8904,high_risk_geo,1,0
AL000346,C40116,retail,21,SG,FR,11887.13,cash,CP8317,high_risk_geo,1,0
AL000347,C61000,private,22,IR,AU,17054.2,ach,CP1086,pep_match,1,1
AL000348,C62513,business,1,BR,BR,16488.07,wire,CP9536,sanctions_match,0,0
AL000349,C35525,retail,25,AE,TR,24819.55,wire,CP1550,dormant_reactivation,2,0
AL000350,C62354,private,2,DE,NG,90255.13,ach,CP6785,sanctions_match,5,0
AL000351,C46242,retail,18,DE,CA,137623.37,cash,CP4707,sanctions_match,1,0
AL000352,C25336,retail,9,AU,FR,8691.62,wire,CP9409,structuring,0,0
AL000353,C70142,business,10,ZA,SG,100000.0,ach,CP8548,round_amount,0,0
AL000354,C56281,business,10,BR,CA,10000.0,ach,CP9462,round_amount,0,0
AL000355,C38647,retail,15,FR,CA,25000.0,wire,CP5408,round_amount,3,0
AL000356,C91080,retail,6,DE,DE,9410.59,card,CP6833,structuring,0,0
AL000357,C51342,retail,15,CA,SG,5132.47,card,CP9066,high_risk_geo,5,0
AL000358,C26809,business,7,ZA,BR,9955.82,card,CP1887,structuring,0,0
AL000359,C51373,retail,22,US,AU,34379.66,wire,CP1137,pep_match,5,0
AL000360,C34105,retail,19,CA,FR,9001.35,wire,CP9171,structuring,0,0
AL000361,C23090,retail,21,JP,AU,2281.11,ach,CP5422,velocity,5,0
AL000362,C51383,business,20,AU,GB,5000.0,wire,CP8972,round_amount,0,0
AL000363,C53864,retail,3,US,GB,54259.1,wire,CP5256,sanctions_match,2,0
AL000364,C95082,retail,18,FR,AU,88097.08,ach,CP9821,sanctions_match,1,0
AL000365,C28985,retail,9,JP,SG,36879.0,card,CP3745,pep_match,0,0
AL000366,C48188,retail,10,BR,AU,45372.24,wire,CP5382,pep_match,0,0
AL000367,C26389,retail,5,SG,JP,29428.6,card,CP4844,dormant_reactivation,0,0
AL000368,C13455,retail,15,NG,DE,8669.53,wire,CP7504,structuring,3,0
AL000369,C68085,retail,7,IR,GB,163880.75,card,CP3071,sanctions_match,0,0
AL000370,C81898,retail,17,AE,JP,45780.56,card,CP8288,pep_match,0,0
AL000371,C50587,retail,20,ZA,SG,37495.8,card,CP6688,dormant_reactivation,0,0
AL000372,C27865,retail,16,CA,JP,25000.0,wire,CP6634,round_amount,0,0
AL000373,C81855,retail,7,SG,BR,95.21,ach,CP7121,velocity,0,0
AL000374,C91962,retail,8,BR,GB,36908.47,ach,CP4924,dormant_reactivation,0,0
AL000375,C69682,retail,9,FR,FR,10000.0,card,CP8418,round_amount,0,0
AL000376,C67464,retail,9,DE,GB,242444.2,wire,CP1134,sanctions_match,5,1
AL000377,C53286,retail,22,SG,AU,3939.34,ach,CP2314,velocity,0,0
AL000378,C11653,business,8,AE,AU,136026.39,wire,CP2998,sanctions_match,3,0
AL000379,C97294,business,24,AU,SG,9415.39,wire,CP4415,structuring,0,1
AL000380,C93692,retail,3,FR,TR,36466.21,cash,CP5895,dormant_reactivation,0,0
AL000381,C61879,retail,8,NG,CA,9186.07,ach,CP4982,structuring,0,0
AL000382,C91937,retail,21,SG,GB,3865.45,wire,CP1983,velocity,0,0
AL000383,C35292,retail,25,CA,DE,4909.29,cash,CP1349,velocity,2,0
AL000384,C34461,retail,15,GB,US,50000.0,ach,CP9906,round_amount,0,0
AL000385,C80989,retail,9,FR,ZA,27815.11,wire,CP7014,pep_match,0,0
AL000386,C80642,retail,23,AU,US,22136.59,cash,CP7348,high_risk_geo,0,1
AL000387,C27009,retail,2,GB,JP,25000.0,wire,CP3926,round_amount,0,0
AL000388,C43546,business,19,SG,US,17835.03,ach,CP1804,high_risk_geo,0,0
AL000389,C57307,retail,25,CA,DE,24671.99,card,CP7814,dormant_reactivation,0,0
AL000390,C22729,business,6,US,MX,5813.06,wire,CP2658,high_risk_geo,0,0
AL000391,C93705,private,13,DE,DE,175065.01,wire,CP6864,high_risk_geo,1,0
AL000392,C88632,retail,5,AU,TR,9183.75,ach,CP8258,pep_match,0,0
AL000393,C41551,business,23,ZA,SY,18711.63,cash,CP9939,pep_match,0,0
AL000394,C77844,retail,9,FR,SG,50000.0,wire,CP3213,round_amount,0,0
AL000395,C77013,business,8,FR,KP,15882.25,cash,CP3534,pep_match,3,0
AL000396,C38499,retail,18,GB,JP,9997.14,wire,CP2264,high_risk_geo,0,0
AL000397,C17329,private,12,TR,CA,178450.92,wire,CP6478,high_risk_geo,2,1
AL000398,C92862,retail,0,BR,AE,38565.42,cash,CP7266,pep_match,2,0
AL000399,C68407,retail,23,JP,GB,2536.89,wire,CP9269,velocity,0,0
AL000400,C75774,retail,8,AU,JP,119225.74,cash,CP8118,sanctions_match,0,1
AL000401,C78714,private,19,GB,DE,50000.0,ach,CP5034,round_amount,0,0
AL000402,C95905,retail,10,AU,CA,168101.01,ach,CP1396,sanctions_match,0,0
AL000403,C30446,private,6,JP,BR,79163.7,wire,CP2405,high_risk_geo,2,0
AL000404,C37395,retail,15,GB,MX,86146.21,card,CP9814,sanctions_match,0,1
AL000405,C43483,retail,21,FR,GB,34998.01,wire,CP3790,dormant_reactivation,1,0
AL000406,C24141,retail,21,FR,US,97466.96,wire,CP1312,sanctions_match,2,0
AL000407,C34434,retail,19,BR,AU,24532.24,wire,CP4258,high_risk_geo,0,0
AL000408,C91950,retail,21,US,FR,2475.17,cash,CP5953,velocity,0,0
AL000409,C46725,retail,0,VE,US,13032.43,ach,CP4695,dormant_reactivation,8,0
AL000410,C85090,retail,7,NG,AU,24212.11,ach,CP3502,high_risk_geo,1,0
AL000411,C50501,retail,6,JP,GB,9228.92,ach,CP9582,structuring,1,0
AL000412,C29073,business,5,GB,GB,385.68,ach,CP1483,velocity,1,0
AL000413,C90213,private,4,RU,SY,25000.0,wire,CP5372,round_amount,0,0
AL000414,C95140,retail,19,DE,US,443.4,cash,CP7126,velocity,0,0
AL000415,C39170,retail,8,SG,DE,7870.58,cash,CP4323,structuring,0,0
AL000416,C89682,private,12,SG,RU,16379.8,ach,CP7232,dormant_reactivation,0,0
AL000417,C15144,private,17,US,SG,5000.0,card,CP7347,round_amount,0,0
AL000418,C90364,retail,5,US,SG,25000.0,cash,CP1893,round_amount,0,0
AL000419,C61520,retail,22,BR,BR,180800.37,wire,CP7775,sanctions_match,2,0
AL000420,C26193,retail,22,SG,DE,5000.0,wire,CP2494,round_amount,1,0
AL000421,C15754,retail,12,JP,AU,39595.12,ach,CP3799,dormant_reactivation,3,0
AL000422,C68491,business,23,GB,GB,9484.45,wire,CP5731,structuring,0,0
AL000423,C10753,retail,15,GB,AE,20307.92,wire,CP9084,high_risk_geo,0,0
AL000424,C83079,retail,8,SG,SG,150503.53,wire,CP4401,sanctions_match,3,0
AL000425,C64651,retail,2,JP,US,28989.02,ach,CP3920,dormant_reactivation,0,1
AL000426,C59668,retail,10,GB,NG,12203.77,wire,CP2108,high_risk_geo,2,0
AL000427,C37400,private,16,AE,GB,173807.55,wire,CP1953,sanctions_match,0,1
AL000428,C56380,retail,18,CA,FR,100000.0,card,CP3125,round_amount,0,0
AL000429,C91980,retail,3,SG,GB,9654.43,wire,CP2932,high_risk_geo,0,1
AL000430,C43347,private,6,AU,JP,2824.06,ach,CP2111,velocity,0,0
AL000431,C35430,retail,0,JP,CA,16797.49,ach,CP6415,dormant_reactivation,1,0
AL000432,C70616,business,17,BR,AE,6960.54,wire,CP7782,dormant_reactivation,0,0
AL000433,C56346,business,25,FR,JP,15717.71,wire,CP2084,high_risk_geo,1,0
AL000434,C50407,business,5,US,AU,26806.8,wire,CP6152,dormant_reactivation,1,0
AL000435,C59049,private,9,CA,DE,2286.94,card,CP1612,velocity,0,0
AL000436,C52904,private,16,RU,SG,80815.56,ach,CP3347,high_risk_geo,0,0
AL000437,C15771,private,0,GB,US,50000.0,cash,CP2426,round_amount,0,0
AL000438,C47560,retail,10,AE,FR,144601.18,ach,CP5532,sanctions_match,3,1
AL000439,C55916,retail,3,CA,GB,616.58,card,CP6218,velocity,1,0
AL000440,C71700,retail,1,MX,GB,78188.7,card,CP1826,sanctions_match,0,1
AL000441,C79924,retail,24,AU,SG,12112.49,ach,CP2286,high_risk_geo,0,0
AL000442,C71000,business,9,SG,CA,40157.05,ach,CP8709,pep_match,0,0
AL000443,C13966,retail,10,FR,BR,9332.16,ach,CP2070,structuring,2,0
AL000444,C24022,retail,12,SG,MX,17561.05,ach,CP6339,pep_match,0,0
AL000445,C54658,retail,15,FR,AU,13268.84,ach,CP4411,high_risk_geo,0,0
AL000446,C85260,business,23,AU,JP,18882.66,wire,CP8972,high_risk_geo,1,0
AL000447,C59664,retail,21,JP,SG,8474.6,ach,CP6364,structuring,1,0
AL000448,C69372,retail,4,CA,GB,23065.12,ach,CP9704,high_risk_geo,0,0
AL000449,C55123,retail,13,SG,JP,2872.87,card,CP2462,velocity,0,0
AL000450,C57086,retail,22,AU,MX,92621.11,ach,CP2797,sanctions_match,0,0
AL000451,C32729,business,17,TR,AU,16042.74,ach,CP8780,dormant_reactivation,0,0
AL000452,C28873,retail,2,JP,TR,4987.41,ach,CP8974,velocity,0,0
AL000453,C69558,retail,13,KP,AU,22910.23,cash,CP9346,pep_match,1,0
AL000454,C75762,retail,23,BR,GB,100000.0,wire,CP5411,round_amount,0,0
AL000455,C78997,retail,22,JP,US,14665.36,ach,CP5578,high_risk_geo,1,1
AL000456,C80127,retail,1,CA,CA,31757.65,cash,CP1176,dormant_reactivation,0,0
AL000457,C88333,retail,9,SG,JP,25000.0,card,CP5981,round_amount,2,0
AL000458,C47593,private,23,AE,ZA,9054.56,ach,CP8942,structuring,0,0
AL000459,C29809,retail,5,FR,FR,4296.4,wire,CP8317,velocity,0,0
AL000460,C64125,retail,4,DE,US,4921.15,card,CP7277,velocity,1,0
AL000461,C72420,retail,5,GB,JP,160744.14,cash,CP5937,sanctions_match,0,0
AL000462,C68827,retail,0,ZA,AU,25000.0,wire,CP7258,round_amount,3,0
AL000463,C53904,retail,20,NG,AE,17748.48,card,CP5429,high_risk_geo,0,0
AL000464,C33582,retail,21,AU,DE,33660.11,cash,CP6132,dormant_reactivation,0,0
AL000465,C14461,retail,9,CA,CA,7078.15,ach,CP1388,high_risk_geo,0,0
AL000466,C94922,retail,4,DE,NG,177164.74,wire,CP4027,sanctions_match,2,0
AL000467,C52389,business,22,FR,CA,22781.5,card,CP5216,dormant_reactivation,2,0
AL000468,C36302,retail,2,US,JP,64930.53,card,CP7432,sanctions_match,0,0
AL000469,C19557,retail,8,GB,AU,9144.59,wire,CP2153,structuring,0,1
AL000470,C53231,retail,12,SG,SG,9229.78,wire,CP7411,structuring,0,0
AL000471,C73185,retail,7,SG,AU,36442.82,card,CP2985,pep_match,0,1
AL000472,C54572,retail,2,MX,FR,5000.0,ach,CP2318,round_amount,5,0
AL000473,C23994,business,22,FR,GB,5786.62,ach,CP6886,high_risk_geo,0,0
AL000474,C80851,retail,15,BR,GB,48676.63,cash,CP6041,sanctions_match,1,0
AL000475,C95701,retail,12,BR,AE,85151.63,ach,CP9570,sanctions_match,1,1
AL000476,C91051,retail,15,GB,DE,9700.98,wire,CP1750,sanctions_match,1,0
AL000477,C23937,retail,18,US,US,4112.66,wire,CP2870,velocity,1,0
AL000478,C25833,retail,21,DE,DE,25000.0,card,CP9943,round_amount,8,0
AL000479,C82536,retail,5,TR,GB,362.95,wire,CP3703,velocity,2,0
AL000480,C21683,retail,0,AE,AU,8056.13,card,CP5648,pep_match,0,0
AL000481,C14931,retail,5,BR,DE,9201.22,ach,CP3949,structuring,0,0
AL000482,C91123,private,16,AE,MX,2122.99,ach,CP6929,velocity,0,0
AL000483,C30940,business,15,VE,DE,312.69,wire,CP1706,velocity,0,0
AL000484,C80432,retail,23,DE,JP,21103.07,cash,CP3881,high_risk_geo,0,1
AL000485,C52688,retail,23,CA,DE,22352.08,ach,CP4769,dormant_reactivation,0,0
AL000486,C67129,private,18,CA,AU,10157.8,card,CP3374,pep_match,0,0
AL000487,C14206,retail,6,GB,GB,10000.0,ach,CP1977,round_amount,5,0
AL000488,C90154,retail,25,SG,GB,17310.09,card,CP3784,pep_match,1,0
AL000489,C66113,retail,8,DE,SG,49784.08,ach,CP5041,pep_match,2,1
AL000490,C71689,retail,1,DE,ZA,9801.12,card,CP9261,structuring,0,1
AL000491,C63296,retail,24,SG,NG,5080.36,ach,CP4571,pep_match,0,1
AL000492,C70786,retail,0,CA,FR,9340.24,card,CP3271,structuring,1,0
AL000493,C65823,business,16,JP,US,31439.79,ach,CP5420,pep_match,1,1
AL000494,C16758,retail,21,DE,CA,22616.94,cash,CP2818,high_risk_geo,0,0
AL000495,C53899,retail,6,US,GB,28027.76,wire,CP4909,dormant_reactivation,1,0
AL000496,C58865,retail,8,DE,DE,1795.92,wire,CP6656,velocity,1,0
AL000497,C18601,retail,22,CA,FR,100000.0,ach,CP4085,round_amount,1,0
AL000498,C75054,business,3,CA,GB,4793.37,wire,CP3465,velocity,0,0
AL000499,C18250,business,0,US,GB,25000.0,ach,CP1361,round_amount,1,0
AL000500,C81888,business,22,JP,JP,32373.35,ach,CP8295,dormant_reactivation,1,0
AL000501,C47274,retail,1,FR,FR,8860.49,card,CP8469,structuring,2,1
AL000502,C31135,business,21,GB,FR,9931.32,card,CP4897,structuring,1,0
AL000503,C29391,retail,10,VE,FR,963.26,ach,CP7109,velocity,0,0
AL000504,C81584,retail,10,VE,US,50000.0,cash,CP9313,round_amount,3,0
AL000505,C24721,retail,14,SG,ZA,7524.76,ach,CP8847,dormant_reactivation,3,0
AL000506,C35578,business,1,CA,AU,21817.54,ach,CP9625,high_risk_geo,0,0
AL000507,C74286,retail,16,MX,CA,21989.03,ach,CP6206,high_risk_geo,5,0
AL000508,C47309,retail,12,US,MX,10000.0,cash,CP6651,round_amount,0,0
AL000509,C65552,retail,25,VE,SG,49631.34,card,CP7786,dormant_reactivation,0,0
AL000510,C21593,retail,18,CA,FR,100000.0,card,CP1108,round_amount,0,0
AL000511,C74302,retail,12,BR,SG,28482.23,card,CP1691,dormant_reactivation,0,0
AL000512,C71936,business,20,FR,SG,7858.78,wire,CP3034,structuring,0,0
AL000513,C57416,retail,2,BR,DE,30278.99,wire,CP8872,sanctions_match,8,0
AL000514,C29154,retail,5,NG,CA,2587.0,ach,CP6237,velocity,2,0
AL000515,C93747,retail,9,JP,FR,2126.59,card,CP2258,velocity,0,0
AL000516,C99842,retail,25,GB,GB,11452.14,ach,CP6939,high_risk_geo,2,0
AL000517,C30257,retail,5,GB,FR,3905.1,ach,CP9247,velocity,3,0
AL000518,C28220,retail,9,CA,CA,204801.76,card,CP8240,sanctions_match,0,0
AL000519,C39697,business,22,JP,FR,186242.82,wire,CP6036,sanctions_match,0,1
AL000520,C96479,retail,6,CA,CA,5192.2,ach,CP9412,sanctions_match,0,1
AL000521,C36217,retail,19,FR,FR,711.57,wire,CP4027,dormant_reactivation,0,0
AL000522,C76179,retail,23,GB,MX,11956.73,wire,CP2119,high_risk_geo,0,0
AL000523,C38051,retail,23,US,DE,900.28,cash,CP9260,velocity,0,0
AL000524,C24790,business,16,GB,CA,9628.09,card,CP6149,structuring,0,0
AL000525,C47173,retail,15,GB,JP,14555.91,cash,CP8486,dormant_reactivation,0,0
AL000526,C99015,retail,25,SG,AU,4925.56,ach,CP7020,velocity,2,0
AL000527,C87405,retail,4,RU,AU,100000.0,ach,CP2666,round_amount,0,0
AL000528,C75419,private,7,KP,DE,1041.3,card,CP5563,velocity,0,0
AL000529,C29316,private,15,ZA,AU,2405.34,ach,CP8448,velocity,0,0
AL000530,C33474,retail,21,SG,GB,25351.05,wire,CP7269,sanctions_match,0,1
AL000531,C48477,retail,25,FR,CA,4010.56,cash,CP9157,pep_match,2,0
AL000532,C51229,retail,3,JP,ZA,5353.41,cash,CP7165,high_risk_geo,8,0
AL000533,C24336,retail,12,GB,FR,8374.38,ach,CP9037,dormant_reactivation,0,0
AL000534,C56237,retail,12,SG,GB,6114.74,wire,CP5660,high_risk_geo,1,0
AL000535,C22759,retail,20,US,JP,4057.29,ach,CP8014,velocity,2,0
AL000536,C49965,retail,22,JP,DE,8313.82,ach,CP2875,structuring,0,1
AL000537,C51486,retail,15,JP,AU,15295.2,ach,CP7188,high_risk_geo,0,0
AL000538,C31840,retail,24,CA,AE,33820.54,ach,CP5907,dormant_reactivation,0,0
AL000539,C62694,retail,9,SG,CA,42546.65,wire,CP4700,pep_match,0,0
AL000540,C55523,retail,15,NG,AE,11736.76,wire,CP2256,high_risk_geo,2,0
AL000541,C33671,retail,21,FR,JP,8707.35,wire,CP1304,structuring,0,0
AL000542,C90533,retail,20,GB,DE,48113.43,cash,CP8106,dormant_reactivation,0,0
AL000543,C67067,business,24,US,JP,10000.0,wire,CP7721,round_amount,1,0
AL000544,C41258,retail,19,AE,AU,4127.37,ach,CP2860,velocity,0,0
AL000545,C46408,retail,0,FR,AU,5000.0,wire,CP3883,round_amount,0,0
AL000546,C63347,retail,2,SG,US,44845.97,ach,CP6954,pep_match,0,0
AL000547,C86076,retail,3,BR,NG,7199.9,wire,CP9605,pep_match,1,0
AL000548,C65426,retail,23,TR,JP,4170.05,cash,CP4571,velocity,2,0
AL000549,C65545,retail,3,FR,FR,29556.15,ach,CP8780,pep_match,0,0
AL000550,C96798,retail,1,TR,JP,15546.94,ach,CP1895,pep_match,3,0
AL000551,C40983,retail,21,DE,AU,3212.8,cash,CP8248,velocity,3,0
AL000552,C31001,retail,6,BR,MX,496.74,card,CP8190,velocity,0,0
AL000553,C53610,retail,15,NG,US,4338.9,card,CP7920,velocity,3,0
AL000554,C13584,business,10,TR,CA,2133.31,cash,CP1853,velocity,0,0
AL000555,C42716,retail,2,SG,GB,100465.13,ach,CP9460,sanctions_match,0,1
AL000556,C32738,private,23,NG,ZA,20633.75,card,CP6367,dormant_reactivation,0,0
AL000557,C92133,private,17,AU,AU,100000.0,wire,CP4747,round_amount,3,0
AL000558,C32298,business,2,KP,GB,100558.21,ach,CP2922,sanctions_match,0,0
AL000559,C74771,retail,25,SG,BR,56508.75,wire,CP7259,sanctions_match,3,1
AL000560,C44314,retail,4,ZA,FR,33923.99,ach,CP4858,dormant_reactivation,0,1
AL000561,C37815,retail,22,MX,SG,3074.9,wire,CP7283,sanctions_match,0,0
AL000562,C88411,private,19,MX,US,83549.2,wire,CP1745,sanctions_match,3,0
AL000563,C32264,retail,18,AU,AU,18670.88,card,CP9253,dormant_reactivation,1,0
AL000564,C75432,retail,1,SG,JP,26615.11,wire,CP5603,dormant_reactivation,0,0
AL000565,C51358,private,13,SY,SY,215917.84,card,CP9049,high_risk_geo,0,0
AL000566,C25207,private,22,SG,GB,57850.21,wire,CP9108,sanctions_match,0,0
AL000567,C33678,retail,6,SG,CA,36044.25,wire,CP3757,pep_match,0,0
AL000568,C20070,private,18,ZA,VE,9077.97,card,CP5033,structuring,0,1
AL000569,C20625,private,10,MX,CA,25000.0,ach,CP8540,round_amount,5,0
AL000570,C52587,business,19,SG,FR,18160.13,ach,CP3118,high_risk_geo,0,0
AL000571,C41467,retail,12,FR,US,3722.06,card,CP7535,dormant_reactivation,0,0
AL000572,C66670,retail,9,TR,AU,3253.48,card,CP6080,velocity,0,0
AL000573,C65452,business,8,JP,JP,8997.43,ach,CP2478,high_risk_geo,0,0
AL000574,C30325,private,7,ZA,AU,10589.3,ach,CP9115,sanctions_match,0,0
AL000575,C49375,retail,4,CA,AU,226848.32,ach,CP5073,sanctions_match,0,0
AL000576,C43211,retail,21,US,US,7152.64,ach,CP6823,high_risk_geo,0,0
AL000577,C49013,retail,13,US,SG,9521.73,card,CP6143,structuring,0,0
AL000578,C89174,retail,5,SG,FR,4835.26,card,CP5248,velocity,0,0
AL000579,C88890,business,21,US,CA,43347.97,ach,CP8974,sanctions_match,1,0
AL000580,C34670,retail,3,ZA,AU,15272.3,wire,CP1439,pep_match,0,0
AL000581,C29978,retail,0,DE,DE,75579.01,ach,CP8295,sanctions_match,0,1
AL000582,C66595,business,0,SG,DE,2868.68,card,CP7810,velocity,0,0
AL000583,C73950,business,21,FR,AU,100000.0,ach,CP4799,round_amount,1,0
AL000584,C94696,private,3,AU,ZA,67328.29,ach,CP6681,sanctions_match,3,0
AL000585,C54453,retail,18,GB,DE,25000.0,ach,CP8675,round_amount,0,0
AL000586,C47022,retail,5,AU,NG,36782.31,cash,CP2412,dormant_reactivation,2,0
AL000587,C16166,retail,7,DE,SG,198473.87,card,CP1297,sanctions_match,0,0
AL000588,C73748,retail,3,GB,US,3370.55,ach,CP5224,pep_match,1,0
AL000589,C67386,business,3,US,FR,9668.96,card,CP8489,structuring,1,0
AL000590,C57400,business,3,CA,CA,28211.15,ach,CP3572,pep_match,0,0
AL000591,C64493,private,6,ZA,CA,9217.13,ach,CP1107,structuring,0,0
AL000592,C29871,retail,20,MX,GB,66870.9,cash,CP9677,sanctions_match,0,0
AL000593,C11303,retail,0,AU,AU,100000.0,cash,CP9476,round_amount,0,0
AL000594,C85308,business,20,JP,GB,5000.0,ach,CP1947,round_amount,0,0
AL000595,C51116,business,9,MM,MX,50000.0,card,CP6638,round_amount,1,0
AL000596,C55252,retail,20,GB,SG,10415.65,ach,CP7627,dormant_reactivation,2,0
AL000597,C82323,private,6,IR,JP,10000.0,ach,CP6115,round_amount,0,0
AL000598,C17857,retail,16,GB,FR,9622.58,ach,CP7110,structuring,0,1
AL000599,C86230,retail,10,CA,CA,25000.0,ach,CP9737,round_amount,0,0
AL000600,C57352,business,16,FR,GB,19007.75,cash,CP8443,dormant_reactivation,0,0
AL000601,C62789,retail,11,AU,US,10000.0,ach,CP9502,round_amount,0,0
AL000602,C26662,private,5,VE,AU,50000.0,cash,CP8942,round_amount,0,0
AL000603,C25566,private,11,CA,BR,5000.0,cash,CP7694,round_amount,3,0
AL000604,C28726,retail,15,FR,GB,93181.1,card,CP3328,sanctions_match,0,1
AL000605,C15856,private,11,FR,KP,9593.88,ach,CP7841,structuring,0,1
AL000606,C68973,retail,20,SG,BR,100000.0,wire,CP8357,round_amount,0,0
AL000607,C68077,retail,1,CA,AU,10000.0,card,CP5544,round_amount,0,0
AL000608,C16930,retail,19,NG,FR,17903.19,ach,CP9548,high_risk_geo,0,0
AL000609,C79932,retail,18,US,GB,69103.15,wire,CP6249,sanctions_match,2,0
AL000610,C23019,retail,8,US,GB,5000.0,card,CP9876,round_amount,0,0
AL000611,C17667,retail,10,FR,GB,4763.22,ach,CP5882,velocity,0,0
AL000612,C74615,retail,19,AU,MX,5000.0,wire,CP9333,round_amount,0,0
AL000613,C12440,private,13,CA,JP,100000.0,ach,CP5409,round_amount,0,0
AL000614,C28660,retail,16,CA,GB,2862.82,ach,CP7116,velocity,2,0
AL000615,C31939,retail,19,DE,AU,14034.84,wire,CP1008,high_risk_geo,0,0
AL000616,C80004,retail,9,MX,AU,4220.07,wire,CP2145,velocity,2,1
AL000617,C51720,retail,16,CA,NG,24976.43,card,CP6613,high_risk_geo,0,0
AL000618,C27527,retail,19,MM,DE,49154.49,ach,CP1033,dormant_reactivation,0,0
AL000619,C95078,retail,17,US,AU,22905.36,cash,CP2270,high_risk_geo,2,1
AL000620,C11105,retail,12,NG,CA,4861.59,ach,CP3044,velocity,1,0
AL000621,C91951,retail,2,BR,US,14200.5,card,CP5967,pep_match,0,0
AL000622,C93681,business,0,SG,AE,2489.55,cash,CP7489,velocity,1,0
AL000623,C26809,retail,5,SG,DE,36992.98,ach,CP2065,dormant_reactivation,1,0
AL000624,C90538,retail,22,TR,NG,13861.53,card,CP5143,pep_match,0,0
AL000625,C63330,retail,13,AE,NG,47165.1,wire,CP5489,dormant_reactivation,3,0
AL000626,C61361,retail,14,SG,US,11382.5,wire,CP4188,dormant_reactivation,0,0
AL000627,C18237,retail,5,AE,KP,21306.25,wire,CP2584,dormant_reactivation,0,0
AL000628,C53724,retail,10,US,JP,12670.39,wire,CP9514,pep_match,0,0
AL000629,C18523,private,1,VE,AE,22433.52,wire,CP3089,dormant_reactivation,5,0
AL000630,C90911,retail,12,AE,AU,25905.98,wire,CP7735,sanctions_match,0,0
AL000631,C13404,retail,20,US,SG,21519.67,ach,CP8439,pep_match,0,0
AL000632,C56581,retail,20,CA,CA,20788.33,wire,CP7897,high_risk_geo,1,0
AL000633,C50788,retail,20,GB,US,32356.35,ach,CP9866,sanctions_match,0,0
AL000634,C76467,private,4,FR,MX,4852.84,ach,CP1894,velocity,1,0
AL000635,C88612,retail,22,DE,DE,3606.51,wire,CP6425,pep_match,0,0
AL000636,C10484,business,1,JP,AU,853.29,ach,CP4654,velocity,2,0
AL000637,C19664,retail,0,DE,JP,37056.05,wire,CP6863,pep_match,0,0
AL000638,C32843,retail,7,FR,JP,243839.66,wire,CP6567,sanctions_match,0,0
AL000639,C54352,business,25,DE,FR,5737.94,ach,CP4444,sanctions_match,0,0
AL000640,C79803,retail,25,JP,AU,3455.8,wire,CP7196,dormant_reactivation,3,0
AL000641,C52949,retail,9,AU,KP,190889.05,ach,CP5049,sanctions_match,2,0
AL000642,C18503,retail,25,GB,ZA,10000.0,cash,CP3743,round_amount,2,0
AL000643,C72096,retail,22,JP,SG,8504.79,ach,CP5396,structuring,1,0
AL000644,C59034,retail,12,US,DE,10000.0,ach,CP5170,round_amount,0,0
AL000645,C66689,retail,13,CA,JP,9078.88,ach,CP7700,structuring,1,0
AL000646,C75767,retail,2,FR,GB,10000.0,wire,CP9401,round_amount,0,0
AL000647,C42771,retail,6,FR,AE,18301.49,wire,CP5959,sanctions_match,0,0
AL000648,C46942,private,0,MX,GB,37668.69,cash,CP6679,pep_match,3,0
AL000649,C39829,private,4,AU,NG,118265.0,ach,CP4717,sanctions_match,2,0
AL000650,C64747,private,6,DE,SG,40757.01,ach,CP4433,dormant_reactivation,0,0
AL000651,C64938,retail,11,AE,GB,4719.6,wire,CP7974,velocity,2,0
AL000652,C89036,retail,10,FR,US,20707.16,card,CP7404,high_risk_geo,0,0
AL000653,C22221,business,20,AU,AU,8839.76,ach,CP3808,structuring,5,0
AL000654,C40544,retail,12,US,ZA,5000.0,wire,CP5769,round_amount,0,0
AL000655,C64842,retail,3,US,US,8515.63,card,CP8835,structuring,0,1
AL000656,C50673,private,19,DE,DE,2189.39,cash,CP4325,velocity,0,0
AL000657,C84609,retail,7,FR,GB,5000.0,card,CP9043,round_amount,1,0
AL000658,C32954,retail,19,CA,SG,3516.57,cash,CP7800,velocity,0,0
AL000659,C30700,retail,1,NG,AU,9335.53,ach,CP5485,dormant_reactivation,0,0
AL000660,C23791,business,11,CA,DE,50000.0,card,CP9264,round_amount,1,0
AL000661,C59958,private,21,SG,DE,58927.03,wire,CP6630,high_risk_geo,1,0
AL000662,C18943,private,14,RU,FR,177420.35,wire,CP2352,sanctions_match,1,0
AL000663,C80078,retail,5,SG,FR,8236.05,card,CP7403,pep_match,1,0
AL000664,C67941,retail,21,US,GB,25000.0,wire,CP1782,round_amount,1,0
AL000665,C36442,business,1,NG,CA,25000.0,ach,CP5091,round_amount,1,0
AL000666,C22661,retail,7,CA,US,84610.6,wire,CP3750,sanctions_match,1,0
AL000667,C25834,private,12,CA,MX,175357.29,ach,CP4807,high_risk_geo,3,0
AL000668,C58362,retail,8,GB,JP,97602.07,ach,CP1719,sanctions_match,0,0
AL000669,C22418,retail,18,FR,SG,178276.51,cash,CP6314,sanctions_match,3,1
AL000670,C76981,business,18,GB,JP,33385.26,wire,CP4808,pep_match,0,0
AL000671,C59089,retail,2,US,CA,1220.16,ach,CP9171,velocity,0,0
AL000672,C51620,retail,10,DE,DE,29984.14,card,CP1648,dormant_reactivation,1,0
AL000673,C97163,retail,17,MM,AE,9654.79,ach,CP5068,structuring,0,1
AL000674,C35226,business,15,DE,AU,11432.74,ach,CP1853,high_risk_geo,0,1
AL000675,C71220,retail,16,DE,GB,15976.94,cash,CP6103,high_risk_geo,0,1
AL000676,C73068,retail,8,AU,DE,1462.5,ach,CP2310,velocity,1,0
AL000677,C73176,business,4,AU,SG,100000.0,ach,CP1324,round_amount,0,0
AL000678,C69454,private,12,CA,MX,157439.54,ach,CP5640,high_risk_geo,0,0
AL000679,C59054,retail,16,CA,SG,8138.85,wire,CP9051,structuring,0,0
AL000680,C15089,retail,2,AU,SY,50000.0,ach,CP3039,round_amount,8,0
AL000681,C58258,retail,15,DE,FR,45671.68,cash,CP1945,pep_match,0,0
AL000682,C94585,retail,0,NG,SG,230406.4,ach,CP3422,sanctions_match,1,0
AL000683,C86829,retail,12,GB,GB,29624.3,wire,CP2316,sanctions_match,1,0
AL000684,C63950,retail,12,AU,AU,3474.59,ach,CP2456,velocity,0,0
AL000685,C74451,retail,0,JP,MX,10634.37,cash,CP1025,dormant_reactivation,1,0
AL000686,C33853,retail,4,AU,FR,21661.29,wire,CP9234,dormant_reactivation,0,0
AL000687,C91844,business,13,DE,US,9299.92,cash,CP2789,dormant_reactivation,0,0
AL000688,C23213,business,15,FR,CA,368.1,wire,CP1155,velocity,0,0
AL000689,C44843,retail,16,US,US,53161.56,cash,CP8961,sanctions_match,0,0
AL000690,C56665,retail,12,AU,JP,4093.39,card,CP6410,velocity,1,0
AL000691,C42576,business,22,AU,GB,150676.34,card,CP7036,sanctions_match,0,0
AL000692,C15997,retail,0,SG,DE,246552.26,card,CP6333,sanctions_match,2,0
AL000693,C23166,retail,21,SG,CA,2168.19,card,CP7305,velocity,3,0
AL000694,C98219,retail,25,GB,ZA,42868.77,ach,CP9990,pep_match,0,0
AL000695,C23824,business,21,SG,BR,27125.26,wire,CP8125,dormant_reactivation,0,0
AL000696,C27793,business,21,JP,MX,9374.99,ach,CP9757,structuring,5,1
AL000697,C60023,retail,22,JP,ZA,46207.61,wire,CP8159,pep_match,0,0
AL000698,C26700,business,3,CA,CA,85389.34,ach,CP6134,sanctions_match,0,0
AL000699,C26555,business,25,US,DE,19529.65,ach,CP9515,pep_match,2,0
AL000700,C29323,retail,15,CA,SG,766.27,card,CP5643,velocity,2,0
AL000701,C92716,retail,22,US,FR,24806.7,wire,CP4534,high_risk_geo,8,0
AL000702,C16889,retail,25,AU,JP,9613.07,wire,CP3933,structuring,1,0
AL000703,C55653,business,13,FR,MM,8127.82,wire,CP7412,pep_match,0,0
AL000704,C17094,retail,24,FR,DE,42841.36,ach,CP5981,dormant_reactivation,0,0
AL000705,C11197,retail,6,GB,SG,4491.23,wire,CP6934,velocity,2,0
AL000706,C72111,private,1,NG,TR,50000.0,ach,CP3943,round_amount,0,0
AL000707,C88139,business,12,JP,GB,36183.01,wire,CP3826,dormant_reactivation,0,0
AL000708,C74122,retail,3,CA,AU,3180.05,ach,CP9351,velocity,0,0
AL000709,C84897,retail,22,SG,CA,29725.37,ach,CP3051,pep_match,8,0
AL000710,C78013,retail,16,GB,US,100000.0,card,CP9830,round_amount,2,0
AL000711,C68619,private,5,AE,TR,44900.59,wire,CP6149,dormant_reactivation,1,1
AL000712,C57652,retail,3,DE,CA,10135.21,cash,CP9919,high_risk_geo,0,0
AL000713,C28331,retail,21,MM,FR,236580.55,ach,CP9035,sanctions_match,2,0
AL000714,C38208,retail,6,JP,DE,5130.65,card,CP3198,dormant_reactivation,0,0
AL000715,C20912,retail,5,JP,AU,137687.23,wire,CP5164,sanctions_match,1,0
AL000716,C83877,retail,6,TR,CA,36687.21,card,CP9379,dormant_reactivation,1,0
AL000717,C24416,retail,8,GB,AU,5000.0,card,CP9984,round_amount,0,0
AL000718,C39127,retail,0,CA,JP,13808.0,card,CP7203,pep_match,0,0
AL000719,C46961,business,22,CA,FR,21426.86,ach,CP5440,high_risk_geo,0,0
AL000720,C62776,retail,17,TR,AU,8555.93,cash,CP8812,structuring,5,0
AL000721,C58516,retail,23,GB,GB,100000.0,cash,CP5081,round_amount,0,0
AL000722,C39984,retail,16,SG,JP,23539.56,wire,CP6000,pep_match,5,0
AL000723,C17525,retail,2,FR,JP,4689.0,wire,CP2385,pep_match,1,0
AL000724,C98706,private,15,BR,AE,100000.0,card,CP9722,round_amount,0,0
AL000725,C96661,retail,7,DE,NG,178682.94,cash,CP9652,sanctions_match,1,0
AL000726,C16672,retail,4,SG,NG,26271.12,wire,CP7925,pep_match,0,0
AL000727,C44701,retail,9,CA,DE,27048.16,cash,CP4490,pep_match,0,0
AL000728,C17536,retail,19,AU,FR,25873.34,card,CP6828,dormant_reactivation,3,0
AL000729,C35892,retail,3,FR,US,4456.47,wire,CP2388,velocity,0,0
AL000730,C57775,retail,12,BR,SG,39329.78,ach,CP8017,sanctions_match,0,0
AL000731,C36013,business,13,FR,SG,42000.0,wire,CP2813,dormant_reactivation,0,1
AL000732,C25570,retail,21,AU,JP,40497.97,wire,CP7899,sanctions_match,0,0
AL000733,C24139,retail,4,GB,AU,19519.89,cash,CP1346,high_risk_geo,2,0
AL000734,C72939,retail,23,US,DE,169738.42,ach,CP5742,sanctions_match,5,1
AL000735,C42421,retail,8,AU,GB,25659.74,wire,CP8031,dormant_reactivation,2,0
AL000736,C62596,retail,7,CA,GB,9973.69,ach,CP1628,structuring,1,1
AL000737,C40333,retail,22,GB,DE,216155.35,ach,CP4633,sanctions_match,0,0
AL000738,C16233,retail,13,AU,FR,67676.9,wire,CP3977,sanctions_match,0,0
AL000739,C49892,retail,15,JP,SG,4546.99,wire,CP2827,velocity,0,0
AL000740,C86588,retail,20,GB,JP,38984.65,ach,CP7292,dormant_reactivation,0,0
AL000741,C49515,retail,17,CA,DE,9343.21,card,CP8769,structuring,0,0
AL000742,C83445,business,24,GB,DE,100000.0,cash,CP6690,round_amount,3,0
AL000743,C88532,business,25,CA,AE,50000.0,ach,CP5491,round_amount,5,1
AL000744,C77303,retail,15,US,AE,48629.21,wire,CP2228,pep_match,2,0
AL000745,C87609,retail,5,AU,AU,100000.0,wire,CP1145,round_amount,0,0
AL000746,C15978,business,3,SG,FR,4269.75,wire,CP9741,velocity,0,0
AL000747,C37521,retail,7,GB,MX,8392.25,cash,CP9758,structuring,1,0
AL000748,C11364,retail,1,JP,FR,6853.86,card,CP6824,dormant_reactivation,0,0
AL000749,C60067,retail,18,TR,US,18146.35,card,CP5216,high_risk_geo,3,1
AL000750,C68465,business,24,DE,TR,1380.53,ach,CP4796,velocity,2,0
AL000751,C74293,private,5,GB,IR,10000.0,ach,CP3955,round_amount,2,0
AL000752,C94557,retail,7,GB,BR,30469.54,wire,CP7594,dormant_reactivation,0,0
AL000753,C27324,retail,20,US,AU,5000.0,wire,CP5068,round_amount,0,0
AL000754,C28249,private,22,US,AE,5495.68,cash,CP8871,pep_match,0,1
AL000755,C15836,private,17,KP,SG,8333.94,ach,CP2684,structuring,0,1
AL000756,C99707,retail,9,AU,DE,57055.45,ach,CP7303,sanctions_match,0,0
AL000757,C57250,retail,19,CA,CA,8022.8,card,CP2389,structuring,0,0
AL000758,C47618,business,21,GB,JP,8627.31,ach,CP6707,high_risk_geo,3,0
AL000759,C29213,business,4,SG,FR,45367.84,cash,CP6247,pep_match,2,0
AL000760,C33838,retail,10,SG,AE,13549.06,cash,CP7308,high_risk_geo,0,0
AL000761,C60224,retail,20,SG,AU,20870.03,ach,CP7859,high_risk_geo,2,0
AL000762,C38748,retail,18,SG,DE,5000.0,ach,CP2429,round_amount,0,0
AL000763,C48626,retail,24,US,SG,9816.78,wire,CP8543,structuring,0,0
AL000764,C13453,retail,4,BR,DE,186875.34,wire,CP7958,sanctions_match,1,0
AL000765,C64590,retail,0,CA,GB,37148.22,wire,CP3452,sanctions_match,0,0
AL000766,C47587,private,20,GB,NG,2377.41,cash,CP2822,velocity,0,0
AL000767,C43823,retail,14,AE,GB,8206.98,ach,CP9222,high_risk_geo,0,0
AL000768,C38692,retail,12,GB,CA,12551.21,card,CP7427,high_risk_geo,1,0
AL000769,C58690,retail,12,CA,BR,25000.0,ach,CP7950,round_amount,0,0
AL000770,C50516,retail,6,CA,JP,60262.71,wire,CP4075,sanctions_match,0,0
AL000771,C22217,retail,1,US,CA,16295.94,ach,CP6056,high_risk_geo,2,1
AL000772,C22763,retail,4,FR,ZA,8488.69,ach,CP6428,structuring,0,0
AL000773,C29862,retail,1,CA,GB,147000.29,ach,CP8587,sanctions_match,1,0
AL000774,C89788,retail,16,DE,NG,7214.96,cash,CP9573,dormant_reactivation,8,0
AL000775,C41340,business,24,GB,JP,22119.05,ach,CP4421,high_risk_geo,3,0
AL000776,C21425,business,17,GB,SG,201279.25,wire,CP9174,sanctions_match,3,0
AL000777,C72031,retail,24,FR,FR,12266.57,wire,CP5194,high_risk_geo,0,0
AL000778,C99205,private,13,GB,VE,5000.0,ach,CP3113,round_amount,0,0
AL000779,C94392,retail,1,JP,AU,14001.85,card,CP1934,high_risk_geo,8,0
AL000780,C70591,private,7,US,CA,1910.32,ach,CP2531,velocity,2,0
AL000781,C53086,retail,13,SG,GB,5595.75,card,CP2056,dormant_reactivation,0,0
AL000782,C37979,retail,15,RU,SG,69954.58,wire,CP6245,sanctions_match,0,1
AL000783,C99610,retail,0,RU,JP,21619.47,ach,CP7929,pep_match,0,0
AL000784,C97771,retail,13,CA,FR,5000.0,wire,CP5250,round_amount,1,0
AL000785,C31061,retail,17,AU,FR,8234.95,card,CP8156,structuring,0,0
AL000786,C52432,retail,18,AU,ZA,44710.21,wire,CP6185,pep_match,1,0
AL000787,C69055,retail,23,TR,JP,198108.2,ach,CP3059,sanctions_match,0,1
AL000788,C35055,retail,6,CA,DE,100000.0,cash,CP1235,round_amount,1,0
AL000789,C56101,retail,14,FR,ZA,43414.36,ach,CP6770,pep_match,1,0
AL000790,C60012,business,5,JP,GB,50000.0,ach,CP5669,round_amount,1,0
AL000791,C23588,business,19,AU,CA,201581.97,wire,CP9133,sanctions_match,1,0
AL000792,C69589,private,13,ZA,SG,166246.72,wire,CP7243,high_risk_geo,0,0
AL000793,C45076,retail,7,AE,SG,50000.0,wire,CP5333,round_amount,0,0
AL000794,C78021,retail,11,BR,US,5000.0,wire,CP6201,round_amount,0,0
AL000795,C93397,retail,18,BR,AU,9149.63,ach,CP7396,structuring,0,0
AL000796,C61381,business,20,JP,AU,8018.08,card,CP5263,structuring,0,0
AL000797,C81260,business,0,JP,CA,109636.55,ach,CP2290,sanctions_match,1,0
AL000798,C80178,retail,7,GB,MM,38923.97,wire,CP5018,dormant_reactivation,1,0
AL000799,C23555,private,20,BR,NG,69103.72,card,CP2817,sanctions_match,1,0
AL000800,C74361,retail,6,CA,FR,8003.18,ach,CP1359,structuring,0,0
AL000801,C11329,retail,5,CA,AU,25000.0,ach,CP3927,round_amount,0,0
AL000802,C43357,retail,5,US,JP,2445.36,ach,CP2992,velocity,0,0
AL000803,C20937,retail,10,US,GB,9698.45,wire,CP3073,structuring,0,1
AL000804,C35936,retail,6,CA,FR,50000.0,ach,CP5605,round_amount,3,0
AL000805,C51779,business,23,FR,DE,24494.02,card,CP2762,dormant_reactivation,0,0
AL000806,C48466,retail,8,JP,CA,10000.0,card,CP9691,round_amount,5,0
AL000807,C51215,retail,11,GB,BR,9458.56,wire,CP3003,pep_match,0,0
AL000808,C83525,retail,16,JP,JP,9029.99,ach,CP5555,structuring,1,1
AL000809,C74740,private,6,MM,AU,37858.82,ach,CP9169,dormant_reactivation,0,1
AL000810,C85465,retail,9,CA,GB,11537.5,ach,CP1076,high_risk_geo,1,1
AL000811,C49452,business,25,AU,US,3241.64,wire,CP5500,velocity,0,0
AL000812,C94029,retail,14,CA,JP,100000.0,wire,CP2989,round_amount,0,0
AL000813,C39667,business,22,AE,US,717.72,wire,CP3788,pep_match,0,0
AL000814,C16291,retail,25,JP,ZA,233560.53,card,CP5985,sanctions_match,0,1
AL000815,C64171,retail,4,AU,GB,9077.76,wire,CP8320,structuring,0,0
AL000816,C20852,retail,8,DE,SG,1643.46,cash,CP6783,velocity,0,0
AL000817,C71361,retail,0,NG,DE,4085.23,card,CP7308,dormant_reactivation,0,0
AL000818,C76127,retail,14,DE,ZA,22169.18,cash,CP2731,high_risk_geo,0,0
AL000819,C31521,business,2,JP,SG,31099.81,wire,CP6032,pep_match,0,0
AL000820,C96754,business,8,CA,CA,5687.92,wire,CP9698,dormant_reactivation,0,1
AL000821,C22820,retail,14,CA,DE,8669.27,ach,CP1805,structuring,0,0
AL000822,C24311,retail,15,AU,DE,10000.0,ach,CP1817,round_amount,0,0
AL000823,C63026,retail,7,TR,US,10323.56,wire,CP7421,high_risk_geo,0,0
AL000824,C22352,retail,9,FR,GB,10338.06,ach,CP4032,pep_match,1,0
AL000825,C11669,retail,14,SG,DE,8490.1,wire,CP8775,structuring,0,1
AL000826,C74003,retail,15,FR,TR,38060.99,wire,CP5055,dormant_reactivation,0,0
AL000827,C49924,retail,24,US,FR,11568.73,ach,CP6499,pep_match,2,0
AL000828,C97023,retail,10,FR,FR,2320.82,card,CP8935,velocity,0,0
AL000829,C66455,retail,0,US,AU,11168.73,card,CP6888,pep_match,0,0
AL000830,C99006,retail,16,AU,FR,34004.32,card,CP6715,dormant_reactivation,0,0
AL000831,C69641,business,19,AU,MX,993.33,ach,CP6685,velocity,1,0
AL000832,C49799,retail,17,BR,TR,10000.0,ach,CP8976,round_amount,0,0
AL000833,C96540,retail,0,US,DE,4136.08,wire,CP1010,velocity,0,0
AL000834,C20579,retail,13,FR,GB,178442.68,wire,CP5764,sanctions_match,1,0
AL000835,C88255,retail,8,JP,AU,50000.0,card,CP6091,round_amount,0,0
AL000836,C21219,retail,6,JP,TR,38429.49,wire,CP5871,dormant_reactivation,0,0
AL000837,C71391,retail,21,GB,AU,35083.16,ach,CP6803,sanctions_match,0,0
AL000838,C86064,retail,9,AU,US,21161.75,cash,CP9391,pep_match,1,0
AL000839,C17123,retail,16,FR,AU,8682.44,wire,CP2387,structuring,2,0
AL000840,C86626,retail,1,NG,CA,14670.73,ach,CP9369,pep_match,0,0
AL000841,C10845,private,9,DE,SG,8289.56,ach,CP8945,structuring,2,0
AL000842,C17294,retail,16,CA,CA,6937.27,wire,CP2995,high_risk_geo,0,0
AL000843,C29168,retail,19,GB,ZA,4117.35,ach,CP1354,velocity,2,0
AL000844,C97516,retail,18,NG,DE,50000.0,wire,CP5508,round_amount,1,0
AL000845,C14467,retail,0,CA,AU,7861.26,ach,CP8282,structuring,1,0
AL000846,C78820,retail,16,TR,SG,95.14,wire,CP7399,velocity,0,0
AL000847,C18940,retail,9,GB,JP,10000.0,wire,CP8925,round_amount,2,0
AL000848,C62923,retail,18,GB,FR,9328.11,ach,CP2107,structuring,1,0
AL000849,C41013,retail,24,TR,CA,50000.0,ach,CP2727,round_amount,0,0
AL000850,C59063,business,23,AU,AU,15950.7,wire,CP1482,sanctions_match,0,1
AL000851,C66893,business,6,SG,DE,8352.96,ach,CP9659,structuring,0,0
AL000852,C81641,business,24,US,CA,7872.79,wire,CP2179,structuring,0,0
AL000853,C18802,retail,17,SG,DE,21551.51,ach,CP8190,high_risk_geo,0,0
AL000854,C53374,retail,1,CA,GB,25958.89,wire,CP1369,pep_match,0,0
AL000855,C77863,retail,17,MX,JP,218174.41,wire,CP9192,sanctions_match,0,0
AL000856,C17784,retail,10,CA,FR,1692.91,ach,CP3282,dormant_reactivation,0,0
AL000857,C14634,retail,19,MX,NG,59286.49,wire,CP6666,sanctions_match,3,0
AL000858,C76532,business,3,ZA,CA,14575.43,wire,CP4690,high_risk_geo,1,1
AL000859,C59727,retail,6,FR,DE,232846.01,wire,CP1296,sanctions_match,2,0
AL000860,C58196,retail,19,AU,AU,21456.31,wire,CP6763,dormant_reactivation,0,0
AL000861,C84455,retail,25,US,CA,5200.99,ach,CP1750,high_risk_geo,2,0
AL000862,C42013,business,11,DE,AE,32115.62,wire,CP5790,sanctions_match,0,0
AL000863,C38873,retail,11,CA,CA,4694.93,wire,CP8266,velocity,1,0
AL000864,C63848,private,3,VE,DE,228595.7,ach,CP8966,high_risk_geo,0,1
AL000865,C28607,retail,23,GB,ZA,8467.82,ach,CP1587,structuring,0,0
AL000866,C21074,business,9,SG,AE,5000.0,wire,CP1978,round_amount,1,0
AL000867,C79794,retail,5,SG,AU,50000.0,wire,CP1856,round_amount,0,0
AL000868,C38382,retail,25,JP,ZA,44679.83,card,CP1448,pep_match,3,0
AL000869,C47672,retail,23,BR,NG,37669.56,card,CP9761,dormant_reactivation,1,0
AL000870,C45965,retail,25,FR,AU,10000.0,wire,CP2401,round_amount,0,0
AL000871,C89691,business,25,FR,AU,154079.04,ach,CP1202,sanctions_match,1,0
AL000872,C72941,retail,1,JP,TR,50000.0,wire,CP4569,round_amount,0,0
AL000873,C26675,retail,8,CA,JP,110389.66,wire,CP4726,sanctions_match,2,0
AL000874,C39878,retail,1,US,US,9298.93,card,CP1996,structuring,1,0
AL000875,C24835,business,2,SY,JP,19366.39,ach,CP9372,high_risk_geo,0,0
AL000876,C89556,retail,4,JP,NG,5000.0,ach,CP6902,round_amount,3,1
AL000877,C13346,retail,4,JP,FR,5623.15,ach,CP2740,high_risk_geo,0,0
AL000878,C95093,retail,4,ZA,JP,8629.66,ach,CP2285,structuring,1,0
AL000879,C96402,business,1,TR,AU,19660.91,card,CP9592,high_risk_geo,0,0
AL000880,C25127,retail,7,DE,MX,8519.82,cash,CP4949,structuring,5,0
AL000881,C64899,retail,19,BR,JP,15112.87,card,CP4764,high_risk_geo,1,0
AL000882,C47602,retail,19,TR,TR,45481.43,ach,CP6596,pep_match,1,0
AL000883,C12033,retail,5,AU,GB,14884.0,card,CP3732,high_risk_geo,0,0
AL000884,C79377,retail,2,SG,GB,1896.97,ach,CP7358,pep_match,1,0
AL000885,C90822,business,10,AU,DE,14810.92,ach,CP2765,dormant_reactivation,2,0
AL000886,C34045,business,15,JP,BR,22597.73,card,CP9345,dormant_reactivation,0,0
AL000887,C22700,retail,18,ZA,SG,25000.0,ach,CP4805,round_amount,0,0
AL000888,C37614,retail,23,AU,AU,3798.64,card,CP8053,velocity,0,0
AL000889,C44003,retail,5,JP,FR,8059.63,wire,CP2738,structuring,0,0
AL000890,C10873,business,17,GB,GB,149798.69,wire,CP9001,sanctions_match,3,0
AL000891,C25720,business,3,DE,AU,22352.27,wire,CP8281,dormant_reactivation,0,0
AL000892,C19745,business,23,CA,MX,33502.04,card,CP6359,dormant_reactivation,2,0
AL000893,C78327,retail,3,SG,CA,34459.29,card,CP6202,dormant_reactivation,0,0
AL000894,C44771,retail,7,US,NG,61855.48,ach,CP8702,sanctions_match,3,0
AL000895,C10419,retail,23,NG,GB,9190.15,wire,CP8115,structuring,0,0
AL000896,C73469,retail,7,DE,US,25000.0,ach,CP9691,round_amount,1,0
AL000897,C48720,retail,11,FR,MX,24355.99,cash,CP2581,dormant_reactivation,0,0
AL000898,C55557,retail,10,MX,SG,1274.61,ach,CP7522,velocity,0,0
AL000899,C63609,private,16,BR,BR,132400.58,wire,CP1996,high_risk_geo,0,0
AL000900,C54543,retail,15,JP,SG,50000.0,wire,CP1747,round_amount,0,0
AL000901,C59700,retail,23,GB,CA,17215.03,wire,CP2478,high_risk_geo,0,1
AL000902,C80215,private,6,JP,ZA,163905.43,ach,CP7480,sanctions_match,0,0
AL000903,C12625,business,0,GB,MX,10000.0,ach,CP9627,round_amount,0,0
AL000904,C26206,retail,1,SG,FR,170.01,ach,CP7190,velocity,1,0
AL000905,C81001,retail,0,FR,AE,126375.16,cash,CP3487,sanctions_match,1,1
AL000906,C23065,retail,8,AU,FR,16321.59,ach,CP5329,pep_match,0,0
AL000907,C42062,business,22,AU,CA,9917.48,ach,CP7265,structuring,0,0
AL000908,C68600,retail,12,AU,ZA,5593.55,wire,CP7059,dormant_reactivation,5,0
AL000909,C28524,retail,18,FR,CA,140440.91,wire,CP7605,sanctions_match,3,1
AL000910,C84096,retail,1,DE,SG,2088.7,cash,CP7660,velocity,2,0
AL000911,C77427,business,14,DE,SG,14996.31,card,CP2334,high_risk_geo,0,0
AL000912,C65598,business,3,CA,US,8938.67,wire,CP9113,structuring,0,1
AL000913,C98694,retail,9,BR,AU,5000.0,wire,CP5441,round_amount,0,0
AL000914,C89235,retail,22,JP,GB,8435.53,ach,CP5116,structuring,2,0
AL000915,C64565,retail,15,JP,NG,46406.51,wire,CP3936,pep_match,1,1
AL000916,C87916,retail,1,US,DE,9319.96,ach,CP3563,structuring,0,0
AL000917,C58139,retail,18,DE,US,8401.33,card,CP7607,structuring,2,0
AL000918,C78461,business,3,DE,GB,182799.19,wire,CP7274,sanctions_match,0,1
AL000919,C38369,retail,0,FR,NG,30871.18,card,CP2496,pep_match,0,0
AL000920,C97142,business,25,GB,US,435.05,card,CP8728,velocity,0,0
AL000921,C20249,retail,16,CA,AU,50000.0,cash,CP4504,round_amount,0,0
AL000922,C67070,business,3,MX,AU,13832.94,ach,CP6704,high_risk_geo,0,0
AL000923,C33462,retail,6,BR,JP,21319.08,ach,CP1174,dormant_reactivation,3,0
AL000924,C14394,retail,0,DE,FR,515.84,ach,CP5504,velocity,0,0
AL000925,C74264,retail,19,FR,US,21466.51,card,CP3847,high_risk_geo,3,0
AL000926,C27255,retail,23,ZA,AE,192.74,card,CP2356,velocity,0,0
AL000927,C12185,retail,6,AE,US,532.5,ach,CP6450,velocity,8,0
AL000928,C97519,business,21,MX,TR,19442.71,ach,CP2007,high_risk_geo,0,0
AL000929,C32671,retail,22,ZA,FR,43560.01,wire,CP1052,sanctions_match,1,0
AL000930,C34334,retail,5,CA,CA,23605.46,wire,CP6201,high_risk_geo,3,0
AL000931,C99245,retail,7,TR,DE,18851.57,wire,CP4130,dormant_reactivation,1,0
AL000932,C36112,private,6,MX,FR,8410.93,ach,CP3901,structuring,0,1
AL000933,C32344,business,14,SG,SG,2914.55,ach,CP1601,velocity,1,0
AL000934,C76029,business,9,GB,DE,21805.9,ach,CP5406,dormant_reactivation,1,0
AL000935,C86915,retail,15,FR,FR,230518.88,ach,CP6291,sanctions_match,1,1
AL000936,C94919,retail,15,US,CA,18072.43,card,CP2641,dormant_reactivation,0,0
AL000937,C62341,retail,18,GB,GB,1283.15,card,CP8759,pep_match,0,0
AL000938,C76448,business,7,JP,SG,20177.42,wire,CP2767,dormant_reactivation,3,0
AL000939,C36012,retail,22,AU,GB,8327.69,ach,CP3286,high_risk_geo,1,0
AL000940,C96325,retail,5,US,SY,38337.99,card,CP3416,pep_match,0,0
AL000941,C59054,retail,21,FR,DE,10325.43,wire,CP1081,pep_match,0,0
AL000942,C22559,retail,14,SG,AU,10782.1,ach,CP7350,dormant_reactivation,0,0
AL000943,C55464,retail,12,GB,JP,4107.97,cash,CP9000,velocity,0,0
AL000944,C62190,retail,0,IR,GB,11910.85,ach,CP2265,pep_match,0,0
AL000945,C50775,retail,13,DE,FR,5000.0,ach,CP7337,round_amount,1,0
AL000946,C55388,retail,14,FR,BR,8158.16,ach,CP2661,structuring,2,0
AL000947,C62652,retail,20,US,GB,15139.41,ach,CP7921,high_risk_geo,0,0
AL000948,C53917,private,24,FR,AE,211425.02,card,CP9765,high_risk_geo,0,0
AL000949,C87352,business,10,GB,VE,19296.9,ach,CP5224,pep_match,0,0
AL000950,C88555,retail,14,NG,BR,116458.41,wire,CP7050,sanctions_match,2,0
AL000951,C93359,retail,14,FR,US,10344.71,wire,CP1583,high_risk_geo,0,0
AL000952,C66505,retail,4,US,AU,8183.76,ach,CP5500,structuring,0,0
AL000953,C89869,retail,11,DE,NG,26273.23,ach,CP2656,pep_match,0,1
AL000954,C20391,retail,8,IR,FR,50000.0,wire,CP8101,round_amount,5,0
AL000955,C71986,business,1,FR,VE,15783.15,cash,CP4525,high_risk_geo,1,0
AL000956,C12453,private,0,GB,US,129734.13,wire,CP7788,high_risk_geo,0,0
AL000957,C89864,retail,2,SG,JP,55720.26,wire,CP8547,sanctions_match,0,0
AL000958,C75401,retail,14,JP,SG,5251.34,ach,CP4451,high_risk_geo,0,0
AL000959,C20891,retail,17,AU,US,42644.13,card,CP4400,dormant_reactivation,1,0
AL000960,C84041,private,5,FR,JP,50000.0,wire,CP8070,round_amount,1,0
AL000961,C38613,retail,3,FR,SG,8621.87,ach,CP4462,structuring,0,1
AL000962,C46553,business,13,GB,NG,100000.0,ach,CP6233,round_amount,2,0
AL000963,C74858,private,7,NG,MM,31883.38,ach,CP8600,pep_match,0,0
AL000964,C32579,retail,24,TR,TR,25000.0,wire,CP2610,round_amount,2,0
AL000965,C63578,retail,2,AU,US,9483.85,ach,CP1374,high_risk_geo,0,0
AL000966,C35301,retail,17,SG,JP,185869.86,card,CP3644,sanctions_match,1,0
AL000967,C42118,retail,18,DE,DE,706.62,wire,CP8268,velocity,0,0
AL000968,C19154,business,5,SG,CA,30279.54,ach,CP1112,pep_match,3,0
AL000969,C89557,private,22,BR,RU,19388.72,cash,CP9751,pep_match,5,0
AL000970,C92479,private,22,US,AU,41151.32,cash,CP8209,pep_match,0,0
AL000971,C41859,retail,21,GB,ZA,39622.6,cash,CP8906,pep_match,0,0
AL000972,C69031,retail,14,CA,SG,12387.48,wire,CP5225,pep_match,0,0
AL000973,C30749,retail,9,GB,FR,55644.87,ach,CP5992,sanctions_match,0,0
AL000974,C37742,retail,7,FR,GB,9130.31,card,CP5963,structuring,0,1
AL000975,C75679,retail,20,JP,AU,100000.0,card,CP6149,round_amount,5,0
AL000976,C50541,retail,2,SG,SG,8859.96,ach,CP4382,structuring,1,0
AL000977,C78697,retail,0,CA,JP,50000.0,ach,CP4741,round_amount,1,0
AL000978,C20413,private,23,US,CA,2561.71,wire,CP1917,velocity,5,0
AL000979,C15273,retail,22,DE,GB,46829.41,card,CP5354,dormant_reactivation,0,0
AL000980,C72558,retail,18,DE,CA,8944.4,wire,CP8606,structuring,0,0
AL000981,C38179,retail,3,AE,CA,8847.47,ach,CP8982,structuring,0,0
AL000982,C69802,retail,25,AU,AE,44348.57,cash,CP1008,dormant_reactivation,0,0
AL000983,C79755,retail,9,FR,GB,2561.1,ach,CP5079,velocity,5,0
AL000984,C31381,retail,16,FR,CA,47295.71,ach,CP3929,pep_match,0,0
AL000985,C40382,retail,24,FR,SG,3207.52,ach,CP4493,velocity,0,0
AL000986,C32515,retail,6,SG,FR,9205.84,ach,CP3587,high_risk_geo,0,0
AL000987,C50138,retail,9,SG,AU,36378.12,wire,CP6467,pep_match,0,0
AL000988,C63580,private,12,MX,AU,128708.44,ach,CP6793,high_risk_geo,2,1
AL000989,C13103,retail,9,SG,US,35276.08,wire,CP6273,pep_match,1,0
AL000990,C87717,retail,23,DE,SG,13843.36,wire,CP8698,pep_match,0,0
AL000991,C54917,business,3,NG,SG,8413.51,ach,CP5522,structuring,0,1
AL000992,C87307,retail,4,FR,GB,3884.64,card,CP5896,dormant_reactivation,1,0
AL000993,C51151,retail,24,SG,FR,15620.55,wire,CP6918,high_risk_geo,0,0
AL000994,C89117,business,22,DE,SG,8809.16,ach,CP1379,structuring,1,0
AL000995,C84149,retail,16,AU,SG,2591.95,ach,CP8163,pep_match,3,0
AL000996,C83176,business,18,MX,SG,2895.34,ach,CP2840,velocity,1,0
AL000997,C46289,retail,21,CA,SG,18003.48,wire,CP8630,high_risk_geo,0,0
AL000998,C66675,retail,24,NG,JP,45827.62,ach,CP1351,sanctions_match,0,0
AL000999,C79778,retail,21,AU,DE,2164.39,wire,CP8499,velocity,0,0
AL001000,C13437,retail,9,JP,NG,28927.43,wire,CP9739,pep_match,0,0
AL001001,C65611,retail,6,TR,CA,4359.25,card,CP5441,velocity,1,0
AL001002,C37339,retail,23,MX,SG,208622.23,ach,CP7232,sanctions_match,0,0
AL001003,C25951,retail,18,DE,AU,21289.99,wire,CP3668,high_risk_geo,0,0
AL001004,C57167,private,2,SG,MX,49768.81,ach,CP8831,dormant_reactivation,0,0
AL001005,C18559,retail,11,SG,AU,21116.69,card,CP8113,pep_match,0,0
AL001006,C52371,business,8,DE,IR,32250.38,ach,CP1743,dormant_reactivation,0,0
AL001007,C96632,retail,25,US,GB,9322.2,cash,CP5801,structuring,0,1
AL001008,C24338,retail,5,GB,GB,24306.0,cash,CP3660,high_risk_geo,2,0
AL001009,C28919,retail,15,AU,FR,11421.45,cash,CP7679,high_risk_geo,0,1
AL001010,C70874,retail,3,GB,US,4491.08,wire,CP7800,velocity,8,0
AL001011,C80777,business,4,GB,NG,78202.01,ach,CP6989,sanctions_match,3,0
AL001012,C22424,business,7,CA,DE,8280.29,wire,CP7616,structuring,3,0
AL001013,C77751,retail,21,DE,GB,33036.59,ach,CP5370,dormant_reactivation,5,0
AL001014,C16293,private,25,AU,GB,197282.07,card,CP4242,high_risk_geo,1,0
AL001015,C85654,business,11,US,TR,8668.91,wire,CP7646,structuring,0,1
AL001016,C34421,retail,10,FR,CA,14109.4,cash,CP5182,dormant_reactivation,3,0
AL001017,C94186,retail,25,ZA,CA,42839.48,cash,CP1416,dormant_reactivation,0,0
AL001018,C82521,business,9,DE,IR,137840.96,wire,CP2359,sanctions_match,3,0
AL001019,C78888,business,23,KP,DE,9639.63,wire,CP3486,structuring,0,0
AL001020,C99180,retail,11,US,MX,9608.47,card,CP3713,high_risk_geo,0,0
AL001021,C62543,retail,6,TR,NG,8984.4,card,CP5857,structuring,0,1
AL001022,C97571,retail,8,AU,BR,723.79,card,CP6105,velocity,0,0
AL001023,C41780,retail,25,CA,AU,8114.9,card,CP7410,structuring,2,0
AL001024,C26183,private,4,BR,TR,17650.29,wire,CP3487,pep_match,3,0
AL001025,C40432,retail,20,FR,US,6041.14,ach,CP8180,dormant_reactivation,0,0
AL001026,C71148,retail,8,SG,JP,4749.97,wire,CP7978,velocity,2,0
AL001027,C88518,retail,23,NG,BR,14697.12,ach,CP6940,pep_match,0,0
AL001028,C46158,retail,8,BR,BR,5000.0,ach,CP5123,round_amount,2,0
AL001029,C66854,retail,15,FR,IR,25732.18,card,CP5354,sanctions_match,0,0
AL001030,C94237,retail,19,SG,AU,15379.34,card,CP2615,high_risk_geo,0,0
AL001031,C70390,retail,25,DE,AU,19808.51,cash,CP9564,pep_match,0,0
AL001032,C64020,retail,3,AU,US,9041.58,wire,CP1464,structuring,3,1
AL001033,C93205,private,1,MX,JP,4869.22,wire,CP5311,velocity,0,0
AL001034,C80547,private,10,JP,MX,40810.38,card,CP4728,pep_match,2,0
AL001035,C73627,retail,8,CA,JP,14943.85,wire,CP6744,high_risk_geo,0,0
AL001036,C83463,retail,16,JP,GB,128.84,wire,CP5853,velocity,0,0
AL001037,C44520,private,21,AU,AE,8004.47,cash,CP3388,structuring,3,0
AL001038,C84725,private,25,AU,AU,211329.87,cash,CP2346,sanctions_match,3,1
AL001039,C42158,retail,22,US,GB,49635.33,wire,CP4700,dormant_reactivation,0,0
AL001040,C84460,retail,17,TR,DE,214454.07,ach,CP4149,sanctions_match,0,0
AL001041,C58526,retail,25,ZA,AU,13222.32,cash,CP6972,dormant_reactivation,0,0
AL001042,C85885,business,7,MX,CA,6897.74,card,CP3109,dormant_reactivation,8,0
AL001043,C82623,retail,22,ZA,JP,201909.77,ach,CP4669,sanctions_match,1,0
AL001044,C68781,retail,5,US,SG,100000.0,ach,CP1942,round_amount,5,1
AL001045,C88346,business,23,GB,JP,238706.2,wire,CP9041,sanctions_match,0,1
AL001046,C76578,retail,10,GB,KP,22715.16,ach,CP7670,dormant_reactivation,1,0
AL001047,C79438,retail,2,JP,ZA,178172.37,ach,CP7778,sanctions_match,0,0
AL001048,C22341,private,3,TR,KP,9225.66,ach,CP7611,pep_match,0,0
AL001049,C66408,retail,9,BR,BR,23825.5,card,CP5128,dormant_reactivation,0,0
AL001050,C89450,retail,16,AU,JP,31723.76,ach,CP1997,dormant_reactivation,2,0
AL001051,C83841,business,25,JP,US,5251.57,ach,CP7141,high_risk_geo,0,0
AL001052,C88606,business,21,TR,SG,8972.12,card,CP7130,structuring,0,0
AL001053,C25765,retail,1,NG,TR,7977.0,card,CP6106,high_risk_geo,0,0
AL001054,C96309,business,10,GB,GB,124663.94,ach,CP9978,sanctions_match,8,0
AL001055,C62990,business,15,CA,CA,1268.8,wire,CP1681,velocity,5,0
AL001056,C52015,retail,2,BR,NG,37779.65,ach,CP9639,dormant_reactivation,2,0
AL001057,C67034,retail,20,AU,DE,1635.57,ach,CP7177,velocity,0,0
AL001058,C17224,retail,9,CA,SG,12776.17,ach,CP9643,high_risk_geo,2,0
AL001059,C56106,business,9,CA,GB,15819.95,wire,CP9810,dormant_reactivation,0,0
AL001060,C34340,retail,3,BR,GB,12416.48,ach,CP4630,high_risk_geo,3,0
AL001061,C41508,private,9,DE,US,230560.54,wire,CP6419,sanctions_match,1,1
AL001062,C65422,business,8,KP,AU,39404.28,ach,CP6074,sanctions_match,1,0
AL001063,C73991,retail,6,NG,BR,709.32,card,CP5152,dormant_reactivation,0,0
AL001064,C74033,retail,3,AU,SG,9251.89,wire,CP2089,structuring,1,1
AL001065,C25650,retail,18,FR,NG,20030.59,ach,CP7470,dormant_reactivation,0,0
AL001066,C14984,business,3,AE,SG,8078.38,card,CP7358,structuring,0,1
AL001067,C34768,retail,21,CA,JP,10000.0,ach,CP4447,round_amount,2,0
AL001068,C17396,private,6,US,SY,47530.64,card,CP7411,pep_match,0,0
AL001069,C42214,retail,14,ZA,GB,9878.09,ach,CP9659,dormant_reactivation,0,0
AL001070,C52160,retail,5,JP,CA,100000.0,ach,CP7068,round_amount,1,0
AL001071,C92350,retail,3,NG,AU,140896.56,card,CP1576,sanctions_match,2,0
AL001072,C74298,retail,23,SG,NG,25000.0,ach,CP5096,round_amount,0,0
AL001073,C32852,retail,9,RU,GB,100000.0,card,CP7364,round_amount,0,0
AL001074,C62721,business,17,MX,AU,15132.91,wire,CP3048,pep_match,0,0
AL001075,C97211,business,11,AU,AU,50000.0,ach,CP7535,round_amount,0,0
AL001076,C70735,retail,19,DE,DE,8892.04,card,CP9981,high_risk_geo,1,0
AL001077,C91735,business,14,JP,DE,10000.0,ach,CP7752,round_amount,0,0
AL001078,C45824,retail,18,GB,AU,9865.61,wire,CP3553,structuring,0,0
AL001079,C90258,retail,15,DE,JP,10000.0,card,CP9693,round_amount,0,0
AL001080,C51064,private,10,MM,CA,5855.78,card,CP6844,sanctions_match,2,0
AL001081,C32966,retail,14,DE,CA,3135.0,ach,CP5747,velocity,3,0
AL001082,C92402,retail,5,TR,TR,8709.26,ach,CP8693,structuring,1,0
AL001083,C72505,retail,12,DE,MM,9791.11,wire,CP3792,structuring,0,0
AL001084,C54535,private,21,MX,VE,86366.73,card,CP2392,high_risk_geo,5,0
AL001085,C52034,business,6,GB,AU,8043.03,card,CP5789,structuring,5,0
AL001086,C35168,private,11,IR,SG,155654.62,ach,CP9411,sanctions_match,8,0
AL001087,C45761,retail,13,US,GB,162526.58,cash,CP8505,sanctions_match,0,0
AL001088,C14716,retail,15,US,US,28767.9,ach,CP5428,dormant_reactivation,0,0
AL001089,C20919,retail,15,AU,JP,9864.96,cash,CP8370,structuring,1,0
AL001090,C18514,business,2,JP,AE,202783.39,card,CP3523,sanctions_match,0,1
AL001091,C86382,retail,19,CA,AE,869.67,card,CP8549,dormant_reactivation,3,1
AL001092,C22004,retail,5,CA,US,7108.0,card,CP1062,dormant_reactivation,3,0
AL001093,C74920,retail,6,DE,CA,25000.0,ach,CP4048,round_amount,0,0
AL001094,C34817,retail,17,US,US,44374.8,wire,CP3031,sanctions_match,0,0
AL001095,C47408,private,13,GB,TR,8664.32,card,CP4575,structuring,0,0
AL001096,C18229,retail,5,NG,US,44549.69,ach,CP9092,dormant_reactivation,0,1
AL001097,C57379,retail,24,AU,SG,244303.33,ach,CP2079,sanctions_match,0,0
AL001098,C86969,retail,23,JP,SG,2523.49,cash,CP3794,velocity,0,0
AL001099,C28623,retail,14,SG,MX,42354.78,card,CP7317,pep_match,0,0
AL001100,C32646,retail,25,GB,AU,31683.21,ach,CP3474,pep_match,0,0
AL001101,C82001,retail,5,CA,SG,8393.25,wire,CP5549,structuring,0,0
AL001102,C89667,retail,10,SG,GB,5000.0,ach,CP5740,round_amount,0,0
AL001103,C99660,retail,10,SG,BR,5000.0,card,CP8028,round_amount,1,0
AL001104,C68599,retail,15,FR,JP,34488.02,wire,CP7062,pep_match,1,1
AL001105,C53392,retail,17,JP,JP,45803.75,card,CP4184,dormant_reactivation,2,0
AL001106,C12542,business,15,NG,DE,29723.17,wire,CP6135,dormant_reactivation,2,0
AL001107,C68914,retail,23,GB,CA,14818.81,ach,CP7382,high_risk_geo,3,0
AL001108,C91350,private,0,MX,MX,38932.41,ach,CP8906,pep_match,0,0
AL001109,C88326,retail,6,JP,JP,22664.27,wire,CP2972,high_risk_geo,2,0
AL001110,C36770,retail,0,DE,FR,9531.65,ach,CP3360,structuring,2,0
AL001111,C68214,retail,17,AU,SG,45508.37,wire,CP6146,pep_match,1,0
AL001112,C52799,retail,3,FR,SG,856.36,wire,CP8816,velocity,5,1
AL001113,C47081,retail,24,AU,AU,16329.43,wire,CP6308,dormant_reactivation,1,1
AL001114,C40803,retail,3,US,GB,5000.0,card,CP2505,round_amount,0,0
AL001115,C61903,private,13,SY,JP,3664.91,ach,CP3539,pep_match,0,0
AL001116,C13175,retail,20,DE,CA,45588.93,wire,CP1859,pep_match,0,0
AL001117,C60793,retail,16,SG,DE,11786.75,wire,CP7484,pep_match,3,0
AL001118,C10937,retail,7,SG,AU,6359.23,wire,CP6724,high_risk_geo,0,0
AL001119,C46885,private,20,MX,GB,10000.0,wire,CP5352,round_amount,0,0
AL001120,C69198,retail,3,GB,ZA,1705.7,ach,CP1472,velocity,0,0
AL001121,C36946,retail,23,NG,AU,8204.78,wire,CP4279,structuring,2,0
AL001122,C40121,private,1,MX,NG,9741.77,card,CP5134,structuring,0,0
AL001123,C61216,retail,23,US,GB,16829.81,ach,CP3707,pep_match,1,0
AL001124,C11469,business,19,FR,DE,154284.39,card,CP5493,sanctions_match,2,1
AL001125,C58866,business,13,AU,GB,13857.69,wire,CP2246,sanctions_match,0,0
AL001126,C25771,retail,25,FR,CA,752.1,ach,CP1497,velocity,3,0
AL001127,C12956,business,17,TR,CA,11893.18,card,CP8859,dormant_reactivation,1,0
AL001128,C85597,retail,5,DE,AU,9771.71,ach,CP1721,sanctions_match,0,0
AL001129,C68718,retail,6,MX,SG,9556.25,wire,CP1031,structuring,0,1
AL001130,C58142,business,11,AU,SG,11729.74,card,CP8475,pep_match,0,0
AL001131,C86049,business,11,JP,JP,27641.0,wire,CP7582,dormant_reactivation,1,0
AL001132,C28040,retail,19,SY,SG,27204.98,ach,CP6452,dormant_reactivation,0,0
AL001133,C80806,business,4,SG,GB,86191.71,card,CP3612,sanctions_match,8,0
AL001134,C23607,business,17,DE,BR,205949.12,card,CP1066,sanctions_match,8,1
AL001135,C61768,retail,11,GB,JP,5000.0,ach,CP9570,round_amount,2,0
AL001136,C10078,retail,24,JP,CA,9202.63,ach,CP9265,structuring,2,1
AL001137,C35035,private,20,CA,MX,9455.2,ach,CP1385,structuring,0,1
AL001138,C11385,retail,11,DE,CA,63731.76,card,CP5918,sanctions_match,0,0
AL001139,C56071,retail,1,FR,SG,30817.2,wire,CP1508,dormant_reactivation,0,0
AL001140,C13581,retail,21,AU,CA,100000.0,ach,CP7225,round_amount,0,0
AL001141,C54221,retail,3,CA,CA,61724.69,card,CP4954,sanctions_match,1,0
AL001142,C13700,retail,18,JP,SG,9144.04,wire,CP9295,structuring,1,0
AL001143,C77729,retail,18,SG,AU,46264.03,ach,CP9046,pep_match,0,0
AL001144,C73733,retail,2,GB,JP,5000.0,ach,CP5080,round_amount,5,0
AL001145,C68283,retail,15,GB,US,954.26,ach,CP2902,velocity,1,0
AL001146,C81235,retail,22,US,JP,35006.28,wire,CP2742,pep_match,0,0
AL001147,C76468,retail,11,AU,AU,16761.25,wire,CP4985,sanctions_match,3,0
AL001148,C44472,business,17,AE,CA,8735.81,wire,CP8829,high_risk_geo,1,0
AL001149,C11467,retail,23,GB,CA,5795.12,wire,CP7092,high_risk_geo,0,0
AL001150,C72965,retail,10,CA,FR,15610.39,ach,CP4498,high_risk_geo,2,0
AL001151,C97435,retail,25,SG,GB,100000.0,ach,CP3080,round_amount,0,0
AL001152,C39536,business,20,CA,CA,8294.65,ach,CP5300,high_risk_geo,0,0
AL001153,C39454,retail,14,US,BR,48555.12,cash,CP3086,sanctions_match,0,0
AL001154,C19837,retail,9,ZA,NG,37820.42,wire,CP8090,pep_match,1,0
AL001155,C54758,retail,14,CA,GB,32141.73,ach,CP5972,pep_match,0,0
AL001156,C99415,business,18,FR,BR,14755.75,cash,CP3248,high_risk_geo,2,0
AL001157,C87913,retail,8,SG,VE,17327.33,wire,CP9413,high_risk_geo,1,0
AL001158,C46506,retail,16,MX,ZA,8563.24,ach,CP5323,structuring,2,0
AL001159,C82470,retail,11,DE,GB,38541.47,wire,CP6261,pep_match,1,0
AL001160,C94866,retail,10,GB,FR,12501.95,ach,CP9142,dormant_reactivation,1,0
AL001161,C82179,retail,3,FR,BR,11827.99,wire,CP7440,high_risk_geo,0,0
AL001162,C66060,retail,6,FR,BR,16671.67,wire,CP9020,high_risk_geo,1,0
AL001163,C46353,retail,1,AU,GB,8069.19,cash,CP2760,structuring,8,0
AL001164,C54250,retail,1,CA,NG,10000.0,wire,CP5541,round_amount,1,1
AL001165,C38819,retail,18,DE,FR,12071.03,wire,CP3815,high_risk_geo,0,0
AL001166,C26326,business,8,TR,US,7999.68,cash,CP2567,structuring,5,0
AL001167,C85974,retail,21,DE,GB,9809.6,wire,CP7335,structuring,0,0
AL001168,C13018,retail,19,CA,SG,10000.0,cash,CP9868,round_amount,0,0
AL001169,C58884,private,14,SG,JP,152.54,ach,CP3367,velocity,0,0
AL001170,C48099,private,8,NG,TR,20319.51,wire,CP4782,pep_match,0,0
AL001171,C57123,retail,12,AE,DE,34939.53,ach,CP7241,dormant_reactivation,2,0
AL001172,C32091,retail,8,SG,AE,25000.0,ach,CP4590,round_amount,0,0
AL001173,C82459,business,5,DE,BR,287.49,wire,CP1820,velocity,1,0
AL001174,C31840,retail,7,FR,FR,9680.12,wire,CP9528,structuring,3,0
AL001175,C35609,retail,7,ZA,GB,2762.3,card,CP2262,velocity,3,1
AL001176,C11146,retail,5,GB,SG,20217.21,cash,CP6332,high_risk_geo,0,0
AL001177,C89818,business,4,US,US,10000.0,wire,CP7016,round_amount,0,0
AL001178,C27813,retail,2,DE,CA,12561.1,ach,CP1009,dormant_reactivation,2,0
AL001179,C56391,retail,20,SG,AU,15829.38,ach,CP7638,high_risk_geo,0,0
AL001180,C25143,private,11,AU,SG,9562.6,wire,CP7756,structuring,1,0
AL001181,C87388,retail,4,US,DE,998.87,ach,CP3291,pep_match,1,0
AL001182,C36829,retail,14,DE,DE,25000.0,ach,CP8590,round_amount,0,0
AL001183,C66804,retail,12,TR,NG,74206.81,wire,CP2279,sanctions_match,0,0
AL001184,C23277,retail,5,SG,SG,88444.37,wire,CP3391,sanctions_match,3,1
AL001185,C55472,private,25,AE,DE,26150.33,wire,CP6350,dormant_reactivation,0,0
AL001186,C76315,retail,23,CA,BR,100000.0,wire,CP2102,round_amount,2,0
AL001187,C60317,business,6,AU,SG,36182.67,wire,CP5518,dormant_reactivation,0,0
AL001188,C84473,retail,4,FR,GB,8716.24,wire,CP5180,structuring,2,0
AL001189,C74681,business,5,CA,US,3649.83,cash,CP2871,velocity,0,0
AL001190,C53332,retail,17,JP,JP,23552.53,card,CP6349,pep_match,1,0
AL001191,C63046,retail,16,FR,TR,9584.7,ach,CP1840,structuring,0,0
AL001192,C30087,business,7,FR,GB,9472.5,cash,CP2615,high_risk_geo,3,0
AL001193,C96885,retail,15,AU,AU,11624.26,wire,CP2086,high_risk_geo,0,0
AL001194,C40891,private,11,IR,AU,8707.15,card,CP8971,structuring,0,1
AL001195,C88378,business,5,AU,AU,10000.0,wire,CP6359,round_amount,1,0
AL001196,C94930,retail,25,AE,US,8983.41,ach,CP3488,structuring,0,0
AL001197,C21471,business,11,GB,FR,18465.0,ach,CP1662,pep_match,2,0
AL001198,C74272,retail,5,CA,CA,153783.65,card,CP2761,sanctions_match,0,0
AL001199,C77487,retail,20,CA,MX,7942.22,ach,CP2574,structuring,0,0
AL001200,C95654,retail,16,FR,JP,8307.76,ach,CP7571,dormant_reactivation,0,0
AL001201,C25429,retail,1,MX,DE,8810.22,cash,CP3419,structuring,0,0
AL001202,C26071,retail,15,GB,FR,16769.86,ach,CP5956,pep_match,0,0
AL001203,C34453,business,25,SG,JP,8655.84,ach,CP9152,structuring,0,0
AL001204,C84261,retail,21,NG,BR,9586.56,cash,CP4014,structuring,1,0
AL001205,C46419,retail,19,FR,SG,783.43,card,CP4313,velocity,0,0
AL001206,C75677,private,15,US,NG,4011.03,ach,CP4304,velocity,0,0
AL001207,C69826,retail,17,FR,DE,5000.0,ach,CP1729,round_amount,1,0
AL001208,C44694,retail,18,CA,AU,100000.0,ach,CP5919,round_amount,3,0
AL001209,C68884,business,7,TR,FR,25000.0,wire,CP4915,round_amount,0,0
AL001210,C93888,retail,16,CA,MX,21288.49,ach,CP6016,high_risk_geo,0,0
AL001211,C60990,private,7,BR,KP,182257.72,wire,CP6383,high_risk_geo,0,0
AL001212,C43841,retail,4,US,CA,3251.87,card,CP3769,velocity,0,0
AL001213,C81082,retail,9,AU,AU,9396.86,ach,CP9989,structuring,2,0
AL001214,C24859,retail,8,GB,AE,7944.5,cash,CP8393,structuring,2,0
AL001215,C60840,retail,2,SG,SG,30795.43,cash,CP4101,dormant_reactivation,0,0
AL001216,C31016,retail,5,US,ZA,48477.22,cash,CP9553,pep_match,8,0
AL001217,C77163,business,13,SG,MM,197.46,card,CP7593,velocity,2,0
AL001218,C70011,retail,15,SG,CA,11492.21,ach,CP7345,dormant_reactivation,3,0
AL001219,C64464,retail,11,US,DE,142949.35,wire,CP1121,sanctions_match,1,0
AL001220,C82299,business,15,AE,CA,15410.28,cash,CP6582,high_risk_geo,1,0
AL001221,C97139,retail,1,NG,FR,21443.29,wire,CP3243,high_risk_geo,2,0
AL001222,C12979,retail,23,TR,AU,243794.82,ach,CP1428,sanctions_match,0,0
AL001223,C51721,business,8,CA,ZA,16990.92,wire,CP3027,high_risk_geo,0,0
AL001224,C81950,retail,2,CA,FR,4215.26,ach,CP9946,velocity,0,0
AL001225,C45264,retail,2,FR,AU,46553.21,ach,CP1852,pep_match,3,0
AL001226,C83556,retail,8,US,SG,117571.17,ach,CP5056,sanctions_match,0,1
AL001227,C99449,retail,23,CA,US,10000.0,cash,CP9350,round_amount,0,0
AL001228,C35227,retail,19,FR,DE,100000.0,wire,CP9647,round_amount,0,0
AL001229,C89332,retail,13,AU,MX,1282.7,card,CP9153,velocity,0,0
AL001230,C15269,retail,21,DE,GB,8687.16,ach,CP4782,high_risk_geo,0,0
AL001231,C11803,business,6,CA,GB,8405.64,wire,CP7772,structuring,0,0
AL001232,C68118,retail,16,GB,CA,18564.09,card,CP4302,pep_match,0,0
AL001233,C70762,business,8,AU,DE,50000.0,card,CP3598,round_amount,0,1
AL001234,C11804,retail,8,AE,FR,8705.36,card,CP8753,structuring,0,1
AL001235,C45342,private,15,SG,DE,10000.0,ach,CP3628,round_amount,0,0
AL001236,C28965,retail,16,GB,DE,24397.95,wire,CP2799,dormant_reactivation,3,0
AL001237,C24040,retail,0,FR,FR,32983.03,cash,CP4952,pep_match,1,1
AL001238,C82597,business,0,DE,GB,24952.43,ach,CP7876,dormant_reactivation,0,0
AL001239,C62684,retail,18,DE,FR,38255.28,wire,CP6847,dormant_reactivation,2,0
AL001240,C39829,retail,17,DE,MX,214520.21,ach,CP8058,sanctions_match,2,0
AL001241,C19516,business,17,CA,GB,8699.51,wire,CP2681,structuring,0,0
AL001242,C63626,retail,0,RU,DE,10883.78,ach,CP2970,dormant_reactivation,0,0
AL001243,C80371,business,8,SG,AE,4621.66,ach,CP4951,velocity,0,0
AL001244,C76021,retail,10,GB,US,24579.56,card,CP4757,pep_match,2,0
AL001245,C84934,business,3,AU,JP,22727.32,ach,CP1349,pep_match,0,0
AL001246,C96725,retail,9,GB,US,9133.7,card,CP8364,dormant_reactivation,0,0
AL001247,C18292,retail,21,CA,DE,3154.3,card,CP3606,velocity,0,0
AL001248,C30150,retail,5,JP,GB,42176.8,ach,CP7800,dormant_reactivation,0,0
AL001249,C68859,retail,21,GB,JP,10000.0,card,CP7961,round_amount,1,0
AL001250,C48736,retail,0,BR,FR,9282.94,cash,CP7152,high_risk_geo,2,0
AL001251,C24832,private,22,CA,IR,34786.98,card,CP8853,pep_match,0,0
AL001252,C89547,retail,1,GB,GB,22515.98,cash,CP9907,high_risk_geo,0,0
AL001253,C36909,business,1,CA,CA,1342.64,ach,CP3289,velocity,2,0
AL001254,C31578,business,24,CA,SG,105819.54,ach,CP5527,sanctions_match,0,0
AL001255,C31616,business,0,US,US,33311.13,wire,CP2328,pep_match,2,0
AL001256,C56312,retail,23,CA,JP,196972.71,cash,CP6125,sanctions_match,1,1
AL001257,C47641,retail,18,FR,FR,7986.24,card,CP9046,structuring,1,0
AL001258,C71251,retail,1,GB,FR,17433.1,wire,CP1430,high_risk_geo,0,0
AL001259,C63108,retail,8,FR,BR,3201.51,wire,CP7188,velocity,1,0
AL001260,C59194,retail,5,GB,DE,1879.35,wire,CP1686,velocity,0,0
AL001261,C12227,retail,19,SG,DE,8698.3,card,CP9615,structuring,1,0
AL001262,C10651,retail,17,FR,AE,19705.49,card,CP5286,pep_match,0,0
AL001263,C94900,retail,24,GB,SG,10000.0,ach,CP2051,round_amount,0,0
AL001264,C50304,retail,20,CA,AU,18558.06,cash,CP7678,high_risk_geo,0,0
AL001265,C43010,retail,3,AU,GB,3625.13,card,CP2346,velocity,0,0
AL001266,C40025,retail,1,AU,AU,8576.74,cash,CP7046,structuring,2,1
AL001267,C77237,retail,8,FR,US,4413.42,ach,CP9689,dormant_reactivation,0,0
AL001268,C27596,retail,8,TR,JP,9017.84,ach,CP8629,structuring,0,0
AL001269,C35471,retail,24,JP,US,14710.54,wire,CP9621,pep_match,0,0
AL001270,C71138,retail,19,CA,DE,7242.52,wire,CP3027,pep_match,0,0
AL001271,C39585,retail,20,DE,CA,34003.39,ach,CP1642,dormant_reactivation,0,0
AL001272,C22492,business,10,NG,CA,30671.38,ach,CP8564,pep_match,2,0
AL001273,C23991,business,25,ZA,US,227921.97,wire,CP6481,sanctions_match,0,1
AL001274,C47178,private,22,GB,ZA,61474.27,ach,CP2961,sanctions_match,0,0
AL001275,C89127,business,1,AE,NG,8657.96,ach,CP2161,structuring,0,1
AL001276,C13457,business,15,NG,FR,135037.72,wire,CP3282,sanctions_match,0,0
AL001277,C54262,private,14,GB,TR,9128.38,ach,CP7852,structuring,0,0
AL001278,C54235,retail,11,US,FR,8938.1,ach,CP4893,structuring,1,0
AL001279,C12355,retail,13,AU,NG,130075.14,wire,CP1690,sanctions_match,1,0
AL001280,C30184,business,24,AE,DE,1983.42,card,CP8465,velocity,0,1
AL001281,C34039,retail,13,TR,GB,11086.48,card,CP8147,pep_match,0,0
AL001282,C25181,retail,23,SG,GB,9217.17,ach,CP4966,high_risk_geo,0,0
AL001283,C27890,retail,23,SG,JP,1225.26,card,CP7675,velocity,3,0
AL001284,C16224,retail,0,JP,CA,26067.45,ach,CP9313,sanctions_match,1,0
AL001285,C31705,retail,8,CA,MX,8635.56,wire,CP7600,high_risk_geo,8,0
AL001286,C82443,private,21,ZA,RU,31299.3,card,CP8474,pep_match,2,0
AL001287,C48588,retail,10,GB,JP,12681.98,card,CP1348,high_risk_geo,0,0
AL001288,C48591,private,25,VE,TR,9750.28,wire,CP3314,structuring,2,0
AL001289,C14000,private,24,US,US,144595.51,ach,CP8241,high_risk_geo,0,0
AL001290,C78184,retail,7,DE,DE,3367.23,ach,CP3269,velocity,0,0
AL001291,C28672,retail,21,US,MX,353.0,ach,CP8113,pep_match,0,0
AL001292,C85092,retail,25,GB,JP,18531.08,ach,CP7198,high_risk_geo,0,0
AL001293,C79272,retail,4,DE,SG,21412.5,ach,CP6139,pep_match,1,0
AL001294,C76719,retail,25,IR,DE,13498.94,ach,CP5454,pep_match,0,0
AL001295,C61206,retail,16,US,TR,10000.0,wire,CP7378,round_amount,1,0
AL001296,C18679,retail,0,AU,CA,167244.6,card,CP7147,sanctions_match,0,1
AL001297,C78394,retail,5,FR,CA,36938.97,wire,CP4209,pep_match,0,0
AL001298,C67756,business,0,NG,GB,182629.11,wire,CP8253,sanctions_match,0,0
AL001299,C55160,retail,4,US,SG,9389.99,cash,CP1318,structuring,0,0
AL001300,C44543,retail,19,SG,SG,5000.0,card,CP1372,round_amount,1,0
AL001301,C32445,retail,10,FR,DE,8243.84,wire,CP4319,structuring,3,0
AL001302,C20301,retail,5,AE,CA,5000.0,wire,CP3676,round_amount,8,0
AL001303,C38606,retail,12,AU,JP,8824.32,ach,CP8331,structuring,5,1
AL001304,C48537,retail,4,FR,US,48069.64,card,CP9360,dormant_reactivation,0,0
AL001305,C24192,retail,12,BR,US,8789.31,ach,CP3322,structuring,2,0
AL001306,C87200,business,15,SG,GB,7964.64,card,CP9785,structuring,1,0
AL001307,C89494,business,25,DE,AU,9053.82,ach,CP8175,structuring,2,0
AL001308,C63533,retail,21,DE,ZA,9719.85,card,CP1477,structuring,0,0
AL001309,C25596,retail,12,SG,AE,100000.0,ach,CP8431,round_amount,1,0
AL001310,C59298,retail,11,SG,AU,20597.72,wire,CP9857,high_risk_geo,2,0
AL001311,C53915,retail,21,GB,JP,3385.72,wire,CP9832,velocity,0,0
AL001312,C28185,business,2,NG,GB,3828.54,ach,CP6363,dormant_reactivation,3,0
AL001313,C47854,retail,19,ZA,ZA,15685.19,ach,CP9957,high_risk_geo,0,0
AL001314,C81078,business,23,TR,AE,16677.91,wire,CP8096,pep_match,1,0
AL001315,C82553,business,23,FR,FR,6673.41,card,CP2081,dormant_reactivation,0,0
AL001316,C33467,retail,2,SG,SG,37608.48,wire,CP4854,pep_match,1,0
AL001317,C18320,business,2,AU,GB,233509.14,ach,CP8559,sanctions_match,0,0
AL001318,C85602,retail,4,AU,AU,14944.52,card,CP4213,high_risk_geo,2,0
AL001319,C45301,retail,11,JP,US,10000.0,ach,CP1489,round_amount,2,0
AL001320,C81010,retail,5,BR,JP,22940.45,wire,CP3882,dormant_reactivation,1,0
AL001321,C90135,private,11,JP,GB,128634.67,ach,CP5819,high_risk_geo,0,0
AL001322,C85051,retail,6,GB,FR,19690.99,card,CP2689,pep_match,2,0
AL001323,C55003,retail,15,CA,JP,8967.36,ach,CP7374,structuring,8,1
AL001324,C39301,retail,21,AU,TR,34790.96,ach,CP9265,pep_match,1,0
AL001325,C52000,retail,10,JP,SG,10256.99,ach,CP8991,high_risk_geo,2,1
AL001326,C19766,private,16,FR,DE,3159.23,wire,CP2854,velocity,1,0
AL001327,C50315,business,11,GB,JP,9720.36,cash,CP2445,high_risk_geo,0,0
AL001328,C72371,retail,6,JP,TR,54540.67,wire,CP9593,sanctions_match,1,0
AL001329,C24300,retail,22,SG,AE,239970.15,wire,CP5644,sanctions_match,2,0
AL001330,C78645,business,3,US,GB,50000.0,ach,CP8747,round_amount,3,0
AL001331,C55654,retail,17,GB,US,1836.88,wire,CP7589,velocity,0,0
AL001332,C68953,retail,18,JP,AU,5000.0,card,CP9829,round_amount,2,0
AL001333,C87112,retail,17,GB,JP,11745.71,cash,CP7913,high_risk_geo,1,0
AL001334,C66112,business,3,JP,FR,8899.45,ach,CP6444,structuring,1,0
AL001335,C19535,retail,20,AE,AE,9555.55,ach,CP4873,structuring,0,0
AL001336,C92969,retail,16,AE,JP,52481.81,ach,CP7974,sanctions_match,0,1
AL001337,C74307,retail,19,CA,FR,26086.49,ach,CP3360,pep_match,0,0
AL001338,C77543,retail,0,TR,SG,47482.98,ach,CP3747,dormant_reactivation,0,0
AL001339,C26553,business,6,CA,GB,27259.56,card,CP4279,dormant_reactivation,1,0
AL001340,C64443,retail,2,NG,FR,6852.08,ach,CP5299,high_risk_geo,0,0
AL001341,C33680,retail,14,SG,GB,23688.71,ach,CP6735,pep_match,0,0
AL001342,C91082,retail,1,JP,FR,10000.0,ach,CP2478,round_amount,2,0
AL001343,C25850,retail,22,SG,DE,5292.05,wire,CP8680,dormant_reactivation,2,0
AL001344,C32615,retail,0,DE,DE,18107.92,card,CP3542,high_risk_geo,5,0
AL001345,C49740,retail,18,DE,GB,183334.88,cash,CP4871,sanctions_match,1,1
AL001346,C82868,retail,17,GB,JP,48214.74,cash,CP6047,dormant_reactivation,2,0
AL001347,C44214,retail,0,SG,SG,8153.82,ach,CP5159,structuring,0,0
AL001348,C34483,retail,18,BR,CA,9756.27,ach,CP3856,structuring,2,0
AL001349,C52844,retail,15,JP,SG,26444.6,ach,CP3265,pep_match,0,0
AL001350,C17115,retail,11,DE,US,33825.99,card,CP9978,pep_match,0,0
AL001351,C84569,retail,16,US,SG,21216.66,ach,CP8182,high_risk_geo,0,0
AL001352,C15300,retail,25,JP,JP,8318.58,ach,CP4309,structuring,3,0
AL001353,C55467,retail,3,KP,NG,203760.85,card,CP3670,sanctions_match,1,0
AL001354,C55645,business,23,ZA,AE,194846.73,ach,CP1393,sanctions_match,0,0
AL001355,C20832,retail,13,FR,DE,153214.0,wire,CP4447,sanctions_match,0,0
AL001356,C70338,retail,3,CA,US,7716.4,wire,CP7719,dormant_reactivation,0,0
AL001357,C90938,retail,5,US,CA,28621.04,ach,CP1522,sanctions_match,0,1
AL001358,C54212,retail,6,SG,TR,19935.46,wire,CP4414,high_risk_geo,0,0
AL001359,C47283,retail,5,SG,FR,26145.44,wire,CP1372,pep_match,2,0
AL001360,C59227,private,4,NG,JP,635.36,ach,CP3110,pep_match,8,0
AL001361,C10162,retail,23,TR,JP,3621.79,card,CP4516,velocity,0,0
AL001362,C35002,private,3,MX,SG,1051.01,wire,CP7944,pep_match,5,1
AL001363,C13361,business,23,JP,GB,9653.49,wire,CP3307,structuring,0,0
AL001364,C18063,business,5,BR,GB,10000.0,ach,CP8259,round_amount,0,0
AL001365,C24029,private,16,RU,US,10000.0,wire,CP6609,round_amount,2,0
AL001366,C17687,retail,9,TR,NG,32173.64,wire,CP3042,dormant_reactivation,1,1
AL001367,C58613,retail,9,AU,ZA,32063.97,ach,CP8255,pep_match,3,0
AL001368,C42912,retail,3,JP,AU,8789.63,wire,CP8565,pep_match,0,0
AL001369,C23156,retail,13,US,CA,52201.25,card,CP8361,sanctions_match,1,0
AL001370,C68688,retail,23,CA,AU,5852.47,wire,CP2759,high_risk_geo,0,0
AL001371,C17062,retail,14,CA,MM,116132.11,wire,CP8568,sanctions_match,0,1
AL001372,C32935,private,6,US,MX,4851.35,card,CP2871,velocity,0,0
AL001373,C25793,private,15,AU,JP,50000.0,cash,CP1089,round_amount,1,0
AL001374,C67253,retail,13,KP,GB,40531.33,card,CP3439,pep_match,3,0
AL001375,C23129,retail,12,DE,NG,23855.17,wire,CP6088,pep_match,5,0
AL001376,C95865,business,8,US,CA,112009.38,ach,CP5303,sanctions_match,0,1
AL001377,C42675,retail,18,CA,ZA,35056.71,cash,CP2077,pep_match,1,1
AL001378,C61773,retail,15,FR,US,29564.36,ach,CP9670,pep_match,1,0
AL001379,C63855,business,23,CA,SG,6189.84,ach,CP7258,dormant_reactivation,1,0
AL001380,C67264,business,5,SG,US,50000.0,ach,CP3998,round_amount,0,0
AL001381,C66464,retail,8,FR,CA,13921.36,wire,CP3286,high_risk_geo,1,0
AL001382,C96411,retail,5,SG,ZA,8742.1,wire,CP1449,pep_match,0,0
AL001383,C86639,retail,16,FR,CA,8608.94,cash,CP8349,structuring,1,0
AL001384,C76613,business,9,AE,IR,41846.76,ach,CP1500,dormant_reactivation,1,0
AL001385,C40557,business,11,ZA,MX,2698.76,wire,CP8214,velocity,0,0
AL001386,C22281,business,10,US,US,1479.51,ach,CP3946,pep_match,0,0
AL001387,C98387,business,16,CA,AU,191270.08,ach,CP5430,sanctions_match,3,0
AL001388,C72539,private,21,BR,ZA,8814.76,cash,CP1819,structuring,1,0
AL001389,C82331,retail,13,DE,FR,4604.16,ach,CP5065,pep_match,0,1
AL001390,C94040,retail,25,DE,AU,579.69,card,CP7523,velocity,1,0
AL001391,C66270,retail,8,AU,FR,30569.28,ach,CP1419,pep_match,0,0
AL001392,C41871,retail,11,GB,US,9028.22,wire,CP7662,structuring,0,0
AL001393,C67135,retail,19,US,DE,2696.38,ach,CP3252,velocity,0,0
AL001394,C21689,business,19,GB,VE,100000.0,ach,CP5913,round_amount,0,0
AL001395,C36813,retail,5,IR,DE,3322.85,card,CP7674,velocity,1,0
AL001396,C62508,retail,17,AU,MX,9948.42,wire,CP6446,structuring,0,0
AL001397,C95234,private,3,TR,FR,15243.99,wire,CP1517,pep_match,0,0
AL001398,C77605,business,23,FR,AU,5000.0,ach,CP3077,round_amount,1,0
AL001399,C82240,private,12,ZA,NG,136902.74,card,CP3383,sanctions_match,1,0
AL001400,C44737,retail,12,FR,CA,11478.41,ach,CP9944,pep_match,0,0
AL001401,C21835,retail,12,DE,AU,31003.55,ach,CP6362,dormant_reactivation,3,0
AL001402,C72620,retail,5,JP,AE,31467.15,wire,CP6919,sanctions_match,1,1
AL001403,C80492,retail,7,NG,CA,118882.97,ach,CP7469,sanctions_match,1,0
AL001404,C73636,retail,19,AU,MM,8019.02,ach,CP1125,structuring,0,1
AL001405,C99444,retail,12,FR,MX,24425.5,wire,CP5488,high_risk_geo,0,0
AL001406,C50729,private,8,ZA,BR,50000.0,wire,CP6156,round_amount,2,0
AL001407,C76377,retail,7,SG,US,14012.43,card,CP1473,high_risk_geo,2,0
AL001408,C47904,retail,13,JP,AU,10000.0,card,CP1887,round_amount,0,0
AL001409,C29943,retail,5,JP,US,173850.74,ach,CP5818,sanctions_match,0,1
AL001410,C61136,retail,10,SG,SG,32900.88,ach,CP1454,dormant_reactivation,0,0
AL001411,C80366,retail,0,CA,FR,20937.64,ach,CP1245,high_risk_geo,8,0
AL001412,C56971,retail,19,AU,SG,7557.04,card,CP8275,high_risk_geo,0,0
AL001413,C24536,business,2,MX,AU,13303.49,wire,CP3697,pep_match,2,0
AL001414,C79768,retail,12,DE,SG,1178.48,ach,CP1787,velocity,1,0
AL001415,C75989,retail,22,GB,FR,8496.57,wire,CP6313,high_risk_geo,1,0
AL001416,C35796,business,10,FR,AU,1562.24,ach,CP2256,velocity,1,0
AL001417,C91368,retail,15,TR,BR,3860.27,ach,CP2390,velocity,1,0
AL001418,C35117,retail,15,BR,DE,14814.8,ach,CP9829,dormant_reactivation,1,0
AL001419,C60728,retail,2,CA,MX,828.26,ach,CP5045,dormant_reactivation,2,0
AL001420,C53387,business,19,DE,DE,3609.97,ach,CP4760,velocity,0,0
AL001421,C55264,business,2,CA,AU,50000.0,ach,CP3822,round_amount,0,0
AL001422,C72273,retail,11,JP,AU,206550.04,wire,CP4562,sanctions_match,0,0
AL001423,C43483,retail,16,CA,JP,9209.59,wire,CP9828,structuring,0,0
AL001424,C50117,private,22,ZA,ZA,152898.49,wire,CP6152,high_risk_geo,3,0
AL001425,C88409,retail,2,SG,SG,7049.01,ach,CP9854,dormant_reactivation,0,0
AL001426,C41230,private,5,FR,GB,9621.29,ach,CP2690,structuring,1,0
AL001427,C83013,retail,1,SG,GB,9201.81,wire,CP4474,high_risk_geo,2,0
AL001428,C59729,retail,12,CA,DE,9746.83,wire,CP2877,structuring,1,0
AL001429,C47848,retail,12,SG,CA,137161.39,card,CP2011,sanctions_match,0,0
AL001430,C46223,business,1,FR,NG,9204.13,wire,CP7899,structuring,0,0
AL001431,C14570,private,21,ZA,TR,1581.18,card,CP1059,velocity,1,0
AL001432,C87113,retail,10,US,AU,7807.68,card,CP7212,structuring,0,0
AL001433,C19676,retail,13,US,AE,50000.0,card,CP1213,round_amount,1,0
AL001434,C10207,business,7,JP,CA,4696.75,card,CP8323,dormant_reactivation,8,0
AL001435,C65009,retail,24,FR,SG,130936.79,wire,CP9982,sanctions_match,2,0
AL001436,C83142,retail,7,AU,AU,8650.63,ach,CP9520,structuring,0,0
AL001437,C57581,business,18,SG,SG,30795.39,ach,CP8430,pep_match,0,0
AL001438,C56990,business,22,AU,DE,7848.79,wire,CP8447,structuring,0,0
AL001439,C28245,business,18,GB,FR,138547.36,wire,CP2193,sanctions_match,3,0
AL001440,C73999,private,21,JP,IR,50000.0,ach,CP5862,round_amount,1,0
AL001441,C33203,retail,4,CA,GB,504.92,cash,CP3665,velocity,0,0
AL001442,C58030,retail,8,MX,CA,5000.0,card,CP5364,round_amount,3,0
AL001443,C85756,business,4,JP,JP,5000.0,ach,CP3318,round_amount,2,1
AL001444,C54849,retail,12,BR,NG,5361.24,cash,CP7717,high_risk_geo,0,0
AL001445,C90088,retail,5,GB,GB,4245.71,ach,CP6375,velocity,0,0
AL001446,C44316,business,16,MX,CA,100000.0,ach,CP8415,round_amount,3,0
AL001447,C17733,retail,17,AU,JP,120626.85,wire,CP2498,sanctions_match,0,0
AL001448,C15717,retail,5,US,SG,5638.52,card,CP6942,pep_match,0,0
AL001449,C11927,retail,18,BR,GB,7896.03,ach,CP1075,structuring,2,0
AL001450,C28461,business,7,CA,ZA,15750.47,cash,CP9550,pep_match,1,0
AL001451,C21546,retail,24,DE,BR,700.95,wire,CP9432,velocity,5,0
AL001452,C15951,business,1,KP,ZA,53697.74,cash,CP3518,sanctions_match,2,1
AL001453,C57178,retail,25,AU,GB,117333.88,wire,CP8173,sanctions_match,5,0
AL001454,C66264,retail,17,DE,GB,100000.0,wire,CP8336,round_amount,2,0
AL001455,C92656,retail,25,FR,ZA,8904.64,ach,CP5881,high_risk_geo,0,0
AL001456,C91248,retail,12,US,US,50000.0,card,CP6497,round_amount,1,0
AL001457,C52539,retail,10,AU,GB,41267.67,ach,CP2755,dormant_reactivation,0,0
AL001458,C60842,retail,24,FR,CA,8018.41,wire,CP2552,structuring,0,0
AL001459,C93079,retail,22,GB,FR,47132.99,ach,CP1389,dormant_reactivation,0,0
AL001460,C33886,retail,2,DE,FR,47036.74,ach,CP8171,dormant_reactivation,8,0
AL001461,C24548,business,1,JP,AE,39898.21,ach,CP6525,sanctions_match,2,1
AL001462,C54536,retail,20,GB,MX,32802.88,ach,CP1524,pep_match,0,0
AL001463,C87317,retail,1,SG,SG,9724.89,wire,CP6999,dormant_reactivation,1,0
AL001464,C49854,retail,19,NG,CA,2925.83,ach,CP1199,sanctions_match,5,1
AL001465,C47252,retail,16,AE,JP,9853.54,card,CP2055,structuring,0,0
AL001466,C41933,retail,17,CA,NG,4408.48,ach,CP7124,velocity,0,0
AL001467,C12519,retail,18,US,CA,15301.56,card,CP7517,sanctions_match,1,1
AL001468,C75661,retail,7,ZA,AU,22073.77,wire,CP5375,dormant_reactivation,2,0
AL001469,C61462,retail,7,DE,FR,2926.21,card,CP9040,velocity,0,1
AL001470,C59739,retail,15,GB,US,8151.89,ach,CP6129,structuring,0,1
AL001471,C29588,retail,21,TR,SG,10095.42,ach,CP4585,high_risk_geo,1,0
AL001472,C42018,private,21,CA,US,57966.76,card,CP1092,high_risk_geo,0,1
AL001473,C68205,retail,2,ZA,ZA,1252.73,wire,CP4603,velocity,3,0
AL001474,C81176,private,17,AE,JP,25000.0,cash,CP8391,round_amount,8,0
AL001475,C33485,retail,7,GB,AU,879.06,wire,CP1138,velocity,5,0
AL001476,C10143,business,22,JP,GB,64330.71,card,CP8289,sanctions_match,3,0
AL001477,C96540,retail,20,TR,US,8214.01,cash,CP3800,structuring,0,0
AL001478,C75946,retail,3,ZA,SG,412.94,ach,CP8152,dormant_reactivation,0,0
AL001479,C60032,retail,22,CA,JP,19992.49,ach,CP9466,high_risk_geo,0,0
AL001480,C59209,retail,2,JP,BR,20311.76,ach,CP3532,high_risk_geo,2,0
AL001481,C28101,retail,3,GB,MX,4809.15,ach,CP3754,velocity,0,0
AL001482,C30380,private,7,US,DE,108909.11,wire,CP1969,high_risk_geo,3,1
AL001483,C65241,retail,23,SG,MM,9401.2,card,CP6896,structuring,2,1
AL001484,C38707,retail,22,US,US,7879.09,wire,CP3149,structuring,0,0
AL001485,C27123,retail,1,JP,TR,43815.36,wire,CP9246,dormant_reactivation,1,0
AL001486,C40252,retail,22,US,AU,7806.32,card,CP8208,structuring,0,0
AL001487,C99474,retail,19,CA,DE,9481.71,ach,CP2212,structuring,1,1
AL001488,C42498,retail,25,US,TR,19981.48,ach,CP9867,high_risk_geo,0,1
AL001489,C75678,business,13,AU,GB,6623.2,card,CP1915,high_risk_geo,3,0
AL001490,C61642,retail,1,JP,BR,48491.68,ach,CP3506,pep_match,5,0
AL001491,C67799,retail,9,AU,US,2927.01,cash,CP8069,velocity,2,0
AL001492,C31925,retail,20,FR,DE,11391.04,ach,CP8432,dormant_reactivation,0,0
AL001493,C55026,retail,13,BR,CA,74231.67,wire,CP6252,sanctions_match,0,0
AL001494,C41470,retail,13,US,SG,24007.42,ach,CP6097,high_risk_geo,1,0
AL001495,C34465,business,9,AU,DE,11776.71,wire,CP6990,high_risk_geo,0,0
AL001496,C57951,retail,2,DE,FR,9879.11,wire,CP9667,structuring,1,1
AL001497,C69445,retail,8,FR,SG,36442.66,card,CP7576,pep_match,1,0
AL001498,C45501,retail,15,MX,JP,8589.48,wire,CP7439,structuring,0,0
AL001499,C58488,retail,5,AU,AE,10000.0,card,CP1362,round_amount,0,0
AL001500,C58655,retail,19,ZA,FR,6750.77,ach,CP7247,high_risk_geo,2,0
AL001501,C87136,retail,11,TR,DE,113573.48,card,CP2944,sanctions_match,0,0
AL001502,C25249,retail,5,FR,FR,27314.19,wire,CP5931,dormant_reactivation,2,0
AL001503,C99216,private,14,KP,AE,100000.0,ach,CP1296,round_amount,1,0
AL001504,C83004,retail,17,CA,JP,8111.17,wire,CP5601,structuring,0,0
AL001505,C98960,retail,21,FR,GB,100000.0,cash,CP9160,round_amount,0,0
AL001506,C39171,retail,23,GB,NG,173029.49,ach,CP8286,sanctions_match,0,0
AL001507,C94633,retail,8,AU,JP,10000.0,wire,CP1764,round_amount,0,0
AL001508,C15980,business,20,JP,BR,6257.64,card,CP1595,high_risk_geo,0,0
AL001509,C13469,retail,6,GB,CA,972.23,ach,CP5933,velocity,2,0
AL001510,C14598,retail,15,CA,DE,20020.2,card,CP4251,pep_match,1,0
AL001511,C85446,retail,19,JP,GB,20511.31,wire,CP8940,high_risk_geo,1,0
AL001512,C29762,private,7,JP,SY,44683.92,ach,CP8253,pep_match,0,0
AL001513,C39556,retail,7,GB,JP,23789.33,ach,CP3116,pep_match,3,0
AL001514,C34567,retail,14,JP,RU,5000.0,card,CP7374,round_amount,1,0
AL001515,C61960,retail,15,CA,GB,42706.3,ach,CP2634,pep_match,0,0
AL001516,C44359,retail,20,ZA,GB,4664.1,card,CP9751,dormant_reactivation,1,0
AL001517,C30023,business,6,SG,SG,13280.25,wire,CP3320,pep_match,5,0
AL001518,C84196,business,17,ZA,CA,30449.92,wire,CP3527,pep_match,0,0
AL001519,C90993,private,5,NG,TR,9408.01,ach,CP6530,structuring,0,0
AL001520,C62011,retail,17,AU,SG,39977.15,wire,CP9057,pep_match,1,1
AL001521,C29463,retail,20,AE,JP,9676.33,card,CP1222,structuring,2,0
AL001522,C57890,business,23,AU,US,20690.9,ach,CP7326,high_risk_geo,0,0
AL001523,C21334,retail,21,SG,JP,2864.95,cash,CP8014,velocity,3,0
AL001524,C59279,business,2,CA,JP,2169.91,wire,CP4465,velocity,3,0
AL001525,C30748,retail,8,SG,GB,119551.51,wire,CP1244,sanctions_match,0,1
AL001526,C91304,retail,24,BR,CA,8473.38,card,CP7611,structuring,1,0
AL001527,C88897,retail,7,SG,SG,7962.48,ach,CP4037,structuring,3,1
AL001528,C56191,retail,20,US,JP,28923.43,ach,CP4886,dormant_reactivation,1,0
AL001529,C14047,business,10,NG,FR,8052.48,wire,CP9396,structuring,2,0
AL001530,C73738,retail,0,JP,CA,7900.04,wire,CP7195,structuring,0,0
AL001531,C70852,retail,13,SG,FR,5000.0,cash,CP7482,round_amount,0,0
AL001532,C36385,retail,2,AU,FR,13956.52,ach,CP7318,high_risk_geo,0,0
AL001533,C14932,business,7,US,JP,6251.87,wire,CP7326,sanctions_match,0,0
AL001534,C59827,business,4,GB,BR,27922.53,ach,CP4649,sanctions_match,1,0
AL001535,C37049,retail,14,JP,US,8605.93,wire,CP7988,structuring,0,0
AL001536,C53307,retail,13,SY,JP,12869.42,card,CP5288,high_risk_geo,0,0
AL001537,C84630,business,19,MX,FR,13018.41,wire,CP5007,dormant_reactivation,3,0
AL001538,C98607,private,8,FR,SG,1170.75,card,CP3807,velocity,3,1
AL001539,C79884,retail,18,JP,GB,19459.0,cash,CP9558,high_risk_geo,0,0
AL001540,C25092,retail,1,AE,CA,249427.74,cash,CP8843,sanctions_match,0,0
AL001541,C86756,private,11,FR,VE,1003.95,ach,CP3161,velocity,2,0
AL001542,C90076,business,2,DE,FR,2855.09,card,CP4660,velocity,0,0
AL001543,C61574,retail,14,TR,MX,34521.92,wire,CP6836,sanctions_match,1,0
AL001544,C20339,retail,13,DE,JP,33941.53,ach,CP4578,dormant_reactivation,0,0
AL001545,C81046,business,2,JP,DE,3494.03,ach,CP7078,velocity,0,0
AL001546,C69967,retail,7,GB,AU,9842.81,cash,CP5796,structuring,0,1
AL001547,C96249,retail,22,CA,DE,22647.96,ach,CP7492,dormant_reactivation,0,0
AL001548,C16569,private,12,US,JP,35450.75,wire,CP3506,dormant_reactivation,2,0
AL001549,C17660,business,6,SG,FR,116721.14,wire,CP3542,sanctions_match,0,0
AL001550,C68779,retail,12,JP,TR,9585.0,ach,CP6517,structuring,0,0
AL001551,C53278,private,4,TR,GB,248803.26,ach,CP7574,high_risk_geo,0,1
AL001552,C26102,retail,2,DE,TR,55255.17,wire,CP8008,sanctions_match,0,0
AL001553,C17427,private,10,US,AU,9499.23,ach,CP3843,structuring,0,1
AL001554,C13806,retail,15,US,GB,9409.03,ach,CP4551,structuring,0,1
AL001555,C12147,retail,25,TR,FR,5000.0,card,CP2488,round_amount,2,0
AL001556,C43940,retail,23,GB,GB,307.99,ach,CP9953,velocity,0,0
AL001557,C88737,retail,13,CA,BR,31875.9,ach,CP3996,dormant_reactivation,2,0
AL001558,C54496,business,15,JP,DE,22447.94,ach,CP9286,high_risk_geo,2,0
AL001559,C46929,business,12,GB,US,47798.11,cash,CP5173,pep_match,0,0
AL001560,C23071,business,2,GB,BR,9173.57,ach,CP3129,structuring,2,0
AL001561,C90503,retail,25,IR,US,9326.19,card,CP1819,structuring,1,0
AL001562,C88415,retail,20,AE,US,41254.08,wire,CP3474,pep_match,0,0
AL001563,C33003,retail,15,FR,GB,11366.79,card,CP3328,high_risk_geo,2,0
AL001564,C24809,business,9,NG,DE,14088.07,wire,CP7155,high_risk_geo,0,0
AL001565,C35624,retail,0,FR,AU,47914.08,card,CP4315,pep_match,1,0
AL001566,C11539,business,18,SG,AE,2535.91,ach,CP5439,velocity,0,0
AL001567,C51054,retail,19,AE,ZA,19000.65,ach,CP4104,dormant_reactivation,0,0
AL001568,C64278,private,19,FR,TR,50000.0,ach,CP4820,round_amount,0,0
AL001569,C55782,retail,2,SG,GB,9797.39,ach,CP9892,structuring,0,0
AL001570,C63806,retail,3,TR,JP,19502.55,wire,CP4577,high_risk_geo,1,1
AL001571,C32591,retail,4,JP,AU,8754.6,ach,CP5860,structuring,1,0
AL001572,C22726,retail,21,AE,CA,3333.06,ach,CP4187,velocity,0,0
AL001573,C22368,retail,5,US,DE,42805.85,wire,CP3832,dormant_reactivation,1,0
AL001574,C62620,private,13,FR,CA,18749.98,wire,CP5881,dormant_reactivation,0,0
AL001575,C98305,business,24,CA,FR,15744.67,ach,CP1015,high_risk_geo,8,1
AL001576,C46932,retail,12,SG,SG,9621.88,ach,CP7542,structuring,2,0
AL001577,C67162,private,4,AE,NG,8276.79,ach,CP3372,structuring,0,0
AL001578,C46884,retail,25,US,CA,71438.37,ach,CP8956,sanctions_match,0,0
AL001579,C89876,business,24,ZA,CA,118029.33,ach,CP5549,sanctions_match,0,0
AL001580,C12744,retail,13,GB,DE,183971.28,wire,CP3754,sanctions_match,0,0
AL001581,C92812,private,3,JP,MM,8980.94,wire,CP1760,structuring,0,1
AL001582,C90733,retail,5,DE,TR,19195.69,card,CP3800,high_risk_geo,1,0
AL001583,C39771,retail,13,US,AU,18950.13,wire,CP3905,high_risk_geo,0,0
AL001584,C73393,business,6,KP,ZA,22859.14,ach,CP7676,high_risk_geo,3,1
AL001585,C24242,business,9,JP,AU,8670.85,wire,CP1013,structuring,0,0
AL001586,C39334,business,16,GB,DE,30516.94,wire,CP6723,dormant_reactivation,0,0
AL001587,C73213,business,12,CA,JP,46907.2,cash,CP9077,dormant_reactivation,1,0
AL001588,C95745,retail,17,AU,JP,29183.66,wire,CP5364,pep_match,3,0
AL001589,C87780,retail,3,GB,SG,5000.0,ach,CP7864,round_amount,0,0
AL001590,C29749,retail,22,DE,FR,3320.67,wire,CP7402,velocity,1,0
AL001591,C50376,retail,10,AU,GB,22397.55,ach,CP9310,high_risk_geo,0,0
AL001592,C49041,retail,24,TR,DE,10456.57,ach,CP3236,high_risk_geo,1,0
AL001593,C67392,retail,9,SG,SG,9474.98,ach,CP7493,structuring,1,1
AL001594,C19865,retail,9,SG,SG,2817.79,ach,CP9340,velocity,2,0
AL001595,C86221,retail,10,FR,SG,8432.86,ach,CP9788,structuring,3,1
AL001596,C61707,business,21,AU,US,1485.58,wire,CP1162,velocity,1,0
AL001597,C12369,retail,19,US,GB,5000.0,ach,CP9918,round_amount,0,0
AL001598,C97257,retail,17,FR,CA,11227.69,ach,CP1674,pep_match,0,0
AL001599,C41006,retail,11,DE,SG,4175.37,cash,CP1238,velocity,0,0
AL001600,C23346,retail,24,MX,AE,53607.09,ach,CP6830,sanctions_match,1,0
AL001601,C48560,retail,17,JP,CA,10221.18,ach,CP8077,high_risk_geo,2,0
AL001602,C14093,retail,20,SG,AE,6092.09,ach,CP2851,dormant_reactivation,0,0
AL001603,C88027,retail,8,JP,AE,58116.09,card,CP1708,sanctions_match,0,1
AL001604,C26521,retail,12,JP,ZA,25000.0,wire,CP2914,round_amount,3,0
AL001605,C11037,retail,5,AU,TR,4665.57,cash,CP6435,velocity,0,0
AL001606,C47823,retail,12,NG,SG,1664.1,ach,CP6335,pep_match,0,0
AL001607,C20726,retail,0,AU,CA,41239.66,wire,CP3247,pep_match,0,0
AL001608,C18911,retail,2,DE,US,185385.07,ach,CP8738,sanctions_match,1,0
AL001609,C42293,retail,20,GB,SG,10000.0,ach,CP6677,round_amount,0,0
AL001610,C50976,retail,11,JP,GB,9079.96,ach,CP2661,structuring,1,1
AL001611,C16181,retail,16,SY,CA,5000.0,wire,CP6951,round_amount,3,0
AL001612,C49002,retail,11,SG,FR,10000.0,cash,CP8182,round_amount,1,0
AL001613,C44073,business,18,FR,SG,89423.58,ach,CP5741,sanctions_match,2,0
AL001614,C18997,business,6,US,SG,15686.31,wire,CP4293,high_risk_geo,0,0
AL001615,C32818,retail,17,GB,US,14488.69,ach,CP8862,high_risk_geo,0,1
AL001616,C63555,retail,14,FR,BR,8491.97,wire,CP6352,structuring,0,0
AL001617,C56693,business,18,JP,SG,40327.69,ach,CP7960,pep_match,0,0
AL001618,C62099,retail,5,FR,BR,183937.56,ach,CP2069,sanctions_match,0,0
AL001619,C85381,business,1,AU,FR,50000.0,wire,CP1475,round_amount,3,0
AL001620,C21139,retail,10,JP,US,23118.42,card,CP9852,high_risk_geo,1,0
AL001621,C91166,retail,24,FR,TR,14881.49,wire,CP8500,dormant_reactivation,3,0
AL001622,C24570,retail,4,JP,BR,3193.79,ach,CP1841,velocity,2,0
AL001623,C69225,retail,19,SG,CA,7055.42,ach,CP2342,pep_match,0,0
AL001624,C30955,retail,6,ZA,FR,4063.88,cash,CP9570,velocity,2,0
AL001625,C24952,business,13,IR,DE,1678.31,ach,CP2342,dormant_reactivation,0,0
AL001626,C90897,retail,0,SG,AE,4729.04,ach,CP3734,velocity,0,0
AL001627,C58977,business,7,US,GB,22228.86,card,CP2465,high_risk_geo,1,0
AL001628,C12618,retail,4,US,SG,792.06,card,CP2991,dormant_reactivation,0,0
AL001629,C41896,retail,10,CA,GB,28760.56,ach,CP7989,pep_match,0,0
AL001630,C49234,retail,1,JP,AE,25213.97,wire,CP4476,pep_match,0,0
AL001631,C67654,private,12,CA,MM,39393.49,ach,CP2292,pep_match,0,0
AL001632,C52173,retail,20,AU,DE,1247.87,ach,CP8048,velocity,1,0
AL001633,C84461,retail,7,FR,DE,162840.05,card,CP4046,sanctions_match,2,0
AL001634,C41455,retail,4,CA,FR,8660.42,ach,CP8725,structuring,0,0
AL001635,C78319,retail,7,GB,AU,32577.81,ach,CP2346,pep_match,0,0
AL001636,C52379,retail,22,CA,NG,5000.0,wire,CP4354,round_amount,0,0
AL001637,C83428,retail,1,NG,BR,13426.93,card,CP9959,pep_match,5,0
AL001638,C44510,retail,16,DE,GB,50000.0,wire,CP5246,round_amount,0,0
AL001639,C96412,retail,15,DE,DE,144048.44,ach,CP1058,sanctions_match,0,0
AL001640,C41081,retail,11,FR,ZA,25000.0,card,CP6384,round_amount,2,0
AL001641,C83393,retail,13,TR,AE,25000.0,card,CP2963,round_amount,0,0
AL001642,C76487,private,16,MX,AE,8468.1,wire,CP9084,structuring,0,0
AL001643,C42908,retail,14,JP,TR,11855.01,ach,CP2544,dormant_reactivation,2,1
AL001644,C26740,retail,0,US,CA,1005.36,card,CP7486,velocity,3,0
AL001645,C95507,retail,2,GB,MX,163974.59,wire,CP6834,sanctions_match,2,0
AL001646,C84059,retail,22,FR,CA,14620.98,ach,CP4524,sanctions_match,1,0
AL001647,C28932,retail,3,DE,NG,15344.56,ach,CP3362,sanctions_match,1,0
AL001648,C34029,private,18,SG,SG,9430.26,card,CP3907,structuring,2,0
AL001649,C64947,retail,21,SY,GB,119.24,card,CP2633,velocity,1,0
AL001650,C11572,retail,6,AE,FR,100000.0,ach,CP3446,round_amount,1,0
AL001651,C64277,retail,7,GB,GB,1950.37,ach,CP3220,pep_match,2,0
AL001652,C74871,retail,0,AU,ZA,2989.11,ach,CP4987,sanctions_match,1,1
AL001653,C95766,retail,24,ZA,AE,23177.46,ach,CP8396,pep_match,0,0
AL001654,C28682,retail,20,DE,AU,5825.13,ach,CP4041,high_risk_geo,3,0
AL001655,C18965,retail,18,MX,FR,20494.13,wire,CP8765,dormant_reactivation,0,0
AL001656,C27268,business,25,FR,US,9606.87,cash,CP4009,structuring,0,0
AL001657,C97073,retail,4,AU,JP,8270.14,ach,CP1278,structuring,2,0
AL001658,C56284,retail,13,SG,SG,8623.06,wire,CP6174,structuring,1,0
AL001659,C55212,retail,21,BR,SG,21366.82,cash,CP6883,high_risk_geo,0,0
AL001660,C21916,retail,17,AU,CA,143955.63,wire,CP3797,sanctions_match,5,0
AL001661,C66093,business,8,AU,MM,3675.91,card,CP9416,velocity,3,0
AL001662,C40241,retail,0,SG,US,125299.87,wire,CP8181,sanctions_match,0,0
AL001663,C49423,business,4,CA,IR,5650.58,wire,CP1714,high_risk_geo,2,1
AL001664,C67284,retail,17,DE,GB,10029.55,ach,CP5430,pep_match,0,0
AL001665,C11275,retail,5,ZA,DE,24309.28,ach,CP3755,high_risk_geo,0,0
AL001666,C10259,retail,6,SG,GB,924.33,card,CP1998,pep_match,0,0
AL001667,C10440,retail,3,AU,FR,35773.0,ach,CP9456,dormant_reactivation,0,0
AL001668,C92283,retail,2,CA,CA,5000.0,wire,CP3494,round_amount,5,0
AL001669,C90973,business,18,SG,SG,41617.13,ach,CP1732,dormant_reactivation,3,0
AL001670,C15325,retail,8,JP,CA,43356.72,ach,CP1830,pep_match,0,0
AL001671,C20811,retail,7,FR,DE,5000.0,card,CP2574,round_amount,1,0
AL001672,C12381,retail,25,CA,JP,13105.07,ach,CP4098,dormant_reactivation,2,0
AL001673,C59160,retail,0,NG,JP,8509.43,wire,CP5102,structuring,0,0
AL001674,C94405,retail,17,MX,BR,10000.0,cash,CP1262,round_amount,0,0
AL001675,C10147,business,24,CA,GB,9229.23,ach,CP3445,structuring,1,0
AL001676,C56990,business,14,US,CA,25000.0,ach,CP4156,round_amount,3,0
AL001677,C28283,retail,24,DE,SG,2601.11,wire,CP6439,sanctions_match,1,0
AL001678,C62111,retail,0,AU,NG,9522.0,card,CP2874,structuring,0,0
AL001679,C28785,business,17,GB,FR,50000.0,wire,CP8508,round_amount,0,0
AL001680,C13848,retail,11,GB,GB,19700.16,card,CP5333,high_risk_geo,0,1
AL001681,C43888,business,23,US,AU,25000.0,wire,CP6112,round_amount,2,0
AL001682,C13296,retail,9,FR,GB,50000.0,card,CP2754,round_amount,2,0
AL001683,C65293,retail,11,US,DE,15594.56,card,CP2361,dormant_reactivation,0,0
AL001684,C61673,retail,21,GB,JP,5257.53,ach,CP8422,pep_match,2,0
AL001685,C20038,business,4,AU,AU,4662.82,cash,CP8240,velocity,5,0
AL001686,C17876,business,21,SG,FR,31252.56,ach,CP4402,pep_match,2,0
AL001687,C45635,retail,4,CA,MX,16312.51,card,CP4432,high_risk_geo,5,0
AL001688,C43132,retail,25,AU,BR,8047.21,wire,CP6837,high_risk_geo,0,0
AL001689,C23248,retail,2,GB,AU,34609.63,card,CP9078,dormant_reactivation,1,0
AL001690,C86907,private,7,CA,SG,7805.52,ach,CP5710,structuring,0,0
AL001691,C12396,retail,12,TR,FR,21027.42,ach,CP6690,high_risk_geo,8,0
AL001692,C34443,business,8,AE,GB,43932.5,ach,CP5049,pep_match,1,1
AL001693,C76222,business,22,AU,AU,206037.01,wire,CP7308,sanctions_match,0,0
AL001694,C16487,retail,19,GB,DE,148871.29,ach,CP2313,sanctions_match,1,0
AL001695,C71162,retail,23,US,SG,6015.47,wire,CP7798,pep_match,1,0
AL001696,C76496,retail,24,AU,TR,49387.2,ach,CP5233,pep_match,1,0
AL001697,C54659,retail,6,SG,MX,18360.0,wire,CP4661,pep_match,0,0
AL001698,C28035,retail,23,CA,GB,15569.69,card,CP8667,high_risk_geo,0,1
AL001699,C30267,retail,24,DE,AU,106974.62,ach,CP3126,sanctions_match,0,0
AL001700,C64948,business,7,AU,SG,6206.6,wire,CP2737,pep_match,0,1
AL001701,C43671,business,0,FR,JP,17724.52,card,CP5803,pep_match,0,0
AL001702,C88966,retail,25,DE,TR,9924.91,wire,CP7265,structuring,1,0
AL001703,C25518,retail,2,MX,SG,97538.92,ach,CP5028,sanctions_match,1,0
AL001704,C60907,retail,9,SY,GB,80802.59,cash,CP2191,sanctions_match,2,0
AL001705,C37771,retail,5,TR,US,32509.13,cash,CP2843,pep_match,3,0
AL001706,C88733,retail,3,ZA,FR,6319.17,wire,CP2222,high_risk_geo,0,0
AL001707,C82096,business,24,DE,CA,4562.38,ach,CP7359,velocity,1,0
AL001708,C46193,retail,0,DE,JP,8478.59,wire,CP9170,structuring,0,0
AL001709,C24570,retail,10,GB,AU,47965.98,ach,CP3241,pep_match,0,0
AL001710,C22905,retail,18,SG,MX,5104.33,wire,CP6592,pep_match,0,0
AL001711,C58471,retail,25,US,SG,8297.31,ach,CP5590,structuring,0,0
AL001712,C57402,retail,16,GB,CA,5000.0,wire,CP7295,round_amount,0,0
AL001713,C79478,business,9,SG,DE,5000.0,wire,CP1261,round_amount,0,0
AL001714,C83744,private,12,SY,MX,219335.23,cash,CP3830,high_risk_geo,1,1
AL001715,C68811,retail,9,AU,AU,9756.77,wire,CP7825,structuring,0,0
AL001716,C54336,retail,22,SG,AU,10502.35,ach,CP4411,dormant_reactivation,0,0
AL001717,C72283,private,23,RU,GB,3038.52,wire,CP1853,velocity,0,0
AL001718,C40843,retail,24,US,AU,18588.47,wire,CP5255,high_risk_geo,1,0
AL001719,C43734,retail,14,GB,AU,4373.64,card,CP1144,dormant_reactivation,1,0
AL001720,C43382,retail,22,JP,US,23789.76,ach,CP3601,dormant_reactivation,0,0
AL001721,C69695,retail,23,US,FR,9650.72,ach,CP4379,structuring,2,0
AL001722,C95360,retail,14,GB,TR,5000.0,wire,CP9029,round_amount,0,0
AL001723,C45154,retail,11,SG,GB,194969.73,wire,CP7621,sanctions_match,3,1
AL001724,C13878,retail,25,JP,CA,21356.6,ach,CP3952,pep_match,0,0
AL001725,C20149,private,12,VE,AE,249222.54,card,CP1992,sanctions_match,0,1
AL001726,C15156,retail,14,CA,US,9565.63,wire,CP6610,structuring,3,0
AL001727,C39343,retail,8,MX,DE,8705.06,ach,CP2853,structuring,0,0
AL001728,C62127,business,18,FR,AU,9805.78,wire,CP6326,structuring,0,1
AL001729,C30709,retail,4,JP,JP,174870.76,wire,CP9081,sanctions_match,1,0
AL001730,C66261,retail,24,TR,AE,19503.31,ach,CP1974,pep_match,0,0
AL001731,C36923,retail,9,AU,JP,8747.94,card,CP9015,pep_match,1,0
AL001732,C57629,retail,13,JP,US,22183.25,ach,CP7763,high_risk_geo,2,0
AL001733,C20191,business,5,US,CA,24196.61,card,CP7085,high_risk_geo,1,0
AL001734,C55678,private,5,KP,MX,2733.96,card,CP4152,velocity,1,0
AL001735,C17782,retail,10,GB,CA,38914.08,ach,CP2859,sanctions_match,1,0
AL001736,C37282,retail,25,JP,US,9673.14,ach,CP4172,structuring,2,0
AL001737,C55458,private,25,GB,DE,10000.0,ach,CP9820,round_amount,0,0
AL001738,C88439,business,14,GB,MX,13657.1,wire,CP7435,pep_match,1,0
AL001739,C50499,retail,2,ZA,US,36089.41,card,CP7089,sanctions_match,0,0
AL001740,C22817,retail,19,US,FR,4826.76,wire,CP3169,dormant_reactivation,0,0
AL001741,C29810,retail,8,DE,JP,9382.38,wire,CP9334,structuring,0,0
AL001742,C13466,retail,25,AU,GB,1465.16,ach,CP1073,dormant_reactivation,0,0
AL001743,C53498,retail,11,FR,GB,352.37,wire,CP6810,velocity,0,0
AL001744,C67883,retail,1,DE,GB,145680.73,wire,CP8948,sanctions_match,0,0
AL001745,C40967,business,2,GB,GB,3477.5,wire,CP5167,velocity,0,0
AL001746,C85311,retail,15,CA,US,3869.72,ach,CP4248,velocity,0,0
AL001747,C81159,business,5,TR,AU,521.61,card,CP5748,velocity,3,0
AL001748,C52026,business,5,JP,JP,26459.13,wire,CP8163,dormant_reactivation,1,0
AL001749,C57502,private,18,AU,AE,25494.19,ach,CP5999,dormant_reactivation,0,0
AL001750,C55922,business,5,NG,NG,446.76,ach,CP1141,velocity,0,0
AL001751,C63895,private,14,JP,NG,20405.6,cash,CP4091,dormant_reactivation,8,0
AL001752,C84675,retail,8,GB,CA,47299.05,cash,CP3867,pep_match,0,0
AL001753,C16896,retail,10,AU,SG,34027.53,ach,CP6919,sanctions_match,0,0
AL001754,C85356,retail,23,SG,NG,5181.38,wire,CP4598,sanctions_match,0,0
AL001755,C16131,retail,12,GB,FR,23291.28,wire,CP7879,pep_match,1,0
AL001756,C17194,business,23,TR,US,2029.87,ach,CP8766,velocity,3,0
AL001757,C21813,business,6,BR,JP,4173.98,ach,CP8285,sanctions_match,0,0
AL001758,C90900,business,20,DE,DE,44325.74,cash,CP5243,pep_match,0,0
AL001759,C35772,retail,9,AU,DE,5137.26,ach,CP8532,dormant_reactivation,3,0
AL001760,C48314,retail,25,AU,SG,5000.0,ach,CP3950,round_amount,1,0
AL001761,C21343,retail,17,FR,AE,25000.0,card,CP9100,round_amount,0,0
AL001762,C45038,retail,9,GB,GB,220610.1,wire,CP2274,sanctions_match,0,0
AL001763,C11412,private,14,FR,JP,9979.26,card,CP3711,pep_match,1,0
AL001764,C32669,retail,8,JP,AU,38101.04,ach,CP4241,pep_match,1,0
AL001765,C73138,retail,20,FR,US,149107.22,wire,CP5389,sanctions_match,3,0
AL001766,C98075,retail,17,FR,US,39944.54,ach,CP8001,pep_match,0,1
AL001767,C16714,retail,8,AU,FR,8797.79,card,CP7491,structuring,0,1
AL001768,C60816,private,4,SG,MX,25000.0,card,CP4831,round_amount,2,0
AL001769,C17839,retail,19,AE,FR,4538.97,ach,CP3443,dormant_reactivation,0,0
AL001770,C83675,retail,14,TR,CA,194379.21,ach,CP7308,sanctions_match,0,0
AL001771,C65680,retail,14,SY,AU,84696.5,wire,CP9342,sanctions_match,1,1
AL001772,C27778,retail,3,SG,DE,204447.13,ach,CP3998,sanctions_match,2,0
AL001773,C76462,private,14,SG,MM,3891.7,ach,CP8059,velocity,2,0
AL001774,C32172,retail,6,JP,US,50000.0,cash,CP9438,round_amount,1,0
AL001775,C97915,retail,10,ZA,AU,185601.8,ach,CP5959,sanctions_match,8,0
AL001776,C62621,retail,24,CA,US,3257.16,ach,CP8254,velocity,2,0
AL001777,C86050,retail,0,GB,AE,10000.0,ach,CP3905,round_amount,5,0
AL001778,C52317,private,4,CA,ZA,26918.09,wire,CP4343,pep_match,0,0
AL001779,C48264,private,5,CA,US,134577.73,card,CP3584,high_risk_geo,1,0
AL001780,C12526,retail,20,DE,IR,38599.92,card,CP2850,dormant_reactivation,0,0
AL001781,C58216,retail,14,AU,AU,8592.64,ach,CP5234,high_risk_geo,2,0
AL001782,C98905,business,25,FR,FR,39360.21,card,CP2234,dormant_reactivation,1,0
AL001783,C55054,retail,7,AU,US,50000.0,card,CP9645,round_amount,0,0
AL001784,C53066,retail,20,US,FR,29129.75,cash,CP1024,pep_match,0,0
AL001785,C36684,retail,14,US,US,24546.53,ach,CP1509,high_risk_geo,0,0
AL001786,C48795,retail,5,CA,AU,8957.84,ach,CP5901,structuring,0,0
AL001787,C34097,business,10,US,US,10000.0,ach,CP8650,round_amount,1,0
AL001788,C32477,retail,12,AU,AU,18708.46,cash,CP8737,high_risk_geo,3,0
AL001789,C65217,retail,25,US,US,9168.53,ach,CP4188,structuring,1,1
AL001790,C78409,retail,8,MX,JP,29824.13,ach,CP8938,pep_match,0,0
AL001791,C38173,business,21,US,FR,33163.81,ach,CP7681,pep_match,0,0
AL001792,C17706,retail,18,GB,BR,1280.79,wire,CP5094,velocity,3,0
AL001793,C56128,retail,22,SG,FR,8622.2,wire,CP6814,structuring,2,0
AL001794,C41859,retail,8,FR,CA,26732.87,ach,CP7555,dormant_reactivation,0,0
AL001795,C29958,business,22,GB,SG,10000.0,ach,CP4237,round_amount,0,0
AL001796,C58867,business,18,US,SG,20509.26,card,CP6085,high_risk_geo,0,1
AL001797,C26883,retail,13,GB,US,970.68,ach,CP1181,velocity,0,0
AL001798,C88750,retail,19,SG,ZA,13163.63,wire,CP3528,high_risk_geo,0,0
AL001799,C34548,retail,15,DE,SG,48632.37,ach,CP7097,pep_match,0,0
AL001800,C42377,business,8,FR,FR,8453.33,ach,CP2567,high_risk_geo,2,0
AL001801,C47957,retail,0,DE,VE,39112.09,wire,CP5874,sanctions_match,0,0
AL001802,C95467,retail,25,MM,AU,9639.77,cash,CP4716,structuring,3,1
AL001803,C29963,business,18,NG,AE,8458.14,wire,CP9905,structuring,0,0
AL001804,C11488,retail,4,AU,AU,840.86,cash,CP6398,velocity,3,0
AL001805,C66112,retail,15,GB,GB,8537.67,wire,CP2676,structuring,1,0
AL001806,C96360,retail,0,AU,US,49389.32,ach,CP6971,dormant_reactivation,0,0
AL001807,C95411,retail,15,BR,AU,234143.6,ach,CP5757,sanctions_match,0,1
AL001808,C96068,business,7,DE,FR,25000.0,wire,CP4181,round_amount,0,0
AL001809,C55824,retail,2,AU,US,50000.0,ach,CP2017,round_amount,1,0
AL001810,C87435,retail,19,GB,TR,16809.59,ach,CP4248,dormant_reactivation,2,0
AL001811,C47566,retail,8,SG,FR,9355.65,wire,CP1001,dormant_reactivation,8,0
AL001812,C71660,private,0,US,AU,6607.81,wire,CP7775,pep_match,8,0
AL001813,C96168,retail,15,CA,US,27956.68,cash,CP3727,dormant_reactivation,0,0
AL001814,C76700,business,17,CA,AU,9927.81,wire,CP1023,structuring,2,0
AL001815,C97697,retail,25,CA,CA,4481.23,ach,CP6992,velocity,0,0
AL001816,C11651,retail,7,AU,SG,23745.19,wire,CP6103,pep_match,0,0
AL001817,C13163,retail,2,FR,KP,23462.39,cash,CP4424,high_risk_geo,0,0
AL001818,C46529,retail,12,GB,US,8925.09,card,CP1344,structuring,0,0
AL001819,C67321,retail,12,US,JP,9131.7,ach,CP4385,structuring,5,1
AL001820,C12708,business,9,JP,GB,7921.53,wire,CP9243,structuring,8,1
AL001821,C90626,business,3,BR,SG,149346.93,wire,CP2518,sanctions_match,1,0
AL001822,C22615,retail,12,FR,AE,50323.19,card,CP6493,sanctions_match,0,0
AL001823,C69614,retail,12,US,AU,8208.37,wire,CP3603,structuring,1,1
AL001824,C17432,retail,15,SG,SG,25000.0,ach,CP9713,round_amount,0,0
AL001825,C85011,retail,2,GB,TR,111226.36,wire,CP6553,sanctions_match,0,0
AL001826,C85526,private,5,BR,RU,19496.8,ach,CP7159,pep_match,3,0
AL001827,C68775,business,15,US,AU,185095.85,ach,CP1097,sanctions_match,0,0
AL001828,C58623,retail,13,AU,US,10000.0,wire,CP1721,round_amount,0,0
AL001829,C86892,retail,0,CA,AU,4195.23,ach,CP1717,velocity,1,0
AL001830,C36218,retail,8,IR,TR,1634.86,ach,CP8537,dormant_reactivation,0,0
AL001831,C91694,private,12,NG,TR,5783.27,ach,CP9739,pep_match,0,1
AL001832,C27965,retail,20,SG,SG,3324.85,wire,CP1718,velocity,0,0
AL001833,C81830,retail,17,FR,JP,8925.21,wire,CP7378,structuring,0,1
AL001834,C99892,retail,5,DE,FR,16642.53,card,CP7078,pep_match,0,0
AL001835,C28289,retail,3,SG,AU,5000.0,wire,CP6072,round_amount,2,0
AL001836,C18242,retail,6,US,GB,21195.65,card,CP6996,pep_match,0,0
AL001837,C22306,retail,2,JP,NG,17428.96,wire,CP6177,sanctions_match,1,0
AL001838,C67978,retail,18,SG,JP,8192.54,ach,CP5347,structuring,0,0
AL001839,C51853,retail,14,FR,JP,8012.59,card,CP8540,structuring,1,0
AL001840,C60900,retail,6,AE,AU,25000.0,card,CP3016,round_amount,0,0
AL001841,C71434,retail,0,JP,SG,3154.65,ach,CP1805,velocity,0,0
AL001842,C23141,private,0,MM,BR,36605.62,ach,CP4041,pep_match,0,0
AL001843,C99471,retail,22,AU,DE,9662.18,wire,CP3183,structuring,1,0
AL001844,C61745,retail,24,RU,US,9702.18,card,CP8539,structuring,0,1
AL001845,C80112,retail,22,NG,GB,50000.0,card,CP6540,round_amount,1,0
AL001846,C39878,retail,13,DE,US,6878.41,ach,CP3870,high_risk_geo,0,0
AL001847,C98167,retail,19,DE,BR,3715.99,ach,CP8917,dormant_reactivation,0,1
AL001848,C84500,retail,14,CA,FR,17236.41,card,CP2137,dormant_reactivation,0,0
AL001849,C66688,retail,5,AE,AU,14360.43,wire,CP3466,pep_match,1,0
AL001850,C62665,business,1,SG,DE,103834.78,cash,CP5894,sanctions_match,1,0
AL001851,C75984,private,10,SG,JP,59891.03,cash,CP5984,sanctions_match,0,1
AL001852,C66928,retail,21,US,FR,2871.56,card,CP8753,dormant_reactivation,0,0
AL001853,C11807,private,13,GB,AU,8613.04,card,CP1655,structuring,2,0
AL001854,C51295,retail,18,JP,AU,13266.13,ach,CP8957,pep_match,0,0
AL001855,C88401,retail,17,DE,MM,28622.5,ach,CP2267,pep_match,1,0
AL001856,C28733,retail,25,ZA,JP,15816.42,card,CP7831,pep_match,1,0
AL001857,C86771,private,5,DE,DE,101451.98,ach,CP9743,high_risk_geo,0,0
AL001858,C99791,business,22,CA,FR,23655.71,wire,CP8379,high_risk_geo,0,1
AL001859,C93489,retail,15,GB,DE,29660.6,ach,CP3647,pep_match,3,0
AL001860,C96148,retail,15,SG,GB,8249.01,ach,CP9956,structuring,0,1
AL001861,C58506,business,8,AU,AU,4036.34,cash,CP7566,dormant_reactivation,1,0
AL001862,C35270,retail,24,FR,JP,13567.63,ach,CP9873,high_risk_geo,0,0
AL001863,C60356,retail,4,SG,AU,6142.64,card,CP7566,pep_match,0,0
AL001864,C78516,retail,10,JP,JP,22591.01,ach,CP7530,dormant_reactivation,5,0
AL001865,C16855,retail,8,JP,MX,247803.91,wire,CP7331,sanctions_match,0,1
AL001866,C23960,retail,11,AU,TR,3432.3,ach,CP3521,velocity,0,0
AL001867,C80046,retail,6,FR,SG,74.44,card,CP7976,velocity,2,0
AL001868,C91554,retail,6,JP,AE,3363.44,wire,CP5887,dormant_reactivation,0,1
AL001869,C80080,business,1,DE,AU,43752.94,cash,CP4659,sanctions_match,0,0
AL001870,C89613,retail,20,FR,DE,3356.47,wire,CP8792,velocity,2,0
AL001871,C61018,retail,3,ZA,TR,13782.25,card,CP5428,pep_match,1,0
AL001872,C11856,retail,16,US,JP,38549.69,cash,CP6273,pep_match,0,0
AL001873,C66648,retail,4,DE,US,2943.17,ach,CP1017,velocity,0,0
AL001874,C28338,retail,19,FR,US,11816.76,wire,CP6441,pep_match,3,0
AL001875,C47447,retail,21,US,FR,7889.5,wire,CP9725,structuring,1,0
AL001876,C78508,retail,8,JP,AE,15576.38,ach,CP3604,dormant_reactivation,0,0
AL001877,C23896,retail,25,GB,MX,32141.11,card,CP7885,pep_match,1,0
AL001878,C46693,retail,22,DE,AU,184338.75,ach,CP3715,sanctions_match,0,0
AL001879,C87379,retail,12,MX,TR,212401.98,ach,CP4500,sanctions_match,1,0
AL001880,C57423,retail,4,CA,CA,100000.0,ach,CP6568,round_amount,0,0
AL001881,C91877,retail,15,US,TR,8092.4,cash,CP9234,structuring,0,1
AL001882,C66152,business,25,GB,TR,100000.0,wire,CP6183,round_amount,1,0
AL001883,C44011,business,14,NG,SG,167939.16,ach,CP2156,sanctions_match,2,0
AL001884,C99848,retail,17,SG,DE,15496.63,card,CP1651,high_risk_geo,3,0
AL001885,C76837,business,18,SG,JP,6296.04,ach,CP7399,high_risk_geo,0,0
AL001886,C62244,retail,0,TR,SG,10000.0,ach,CP2298,round_amount,2,0
AL001887,C30275,retail,25,CA,US,42516.29,cash,CP9847,dormant_reactivation,0,0
AL001888,C88117,retail,12,CA,GB,40459.39,ach,CP1600,pep_match,0,0
AL001889,C77027,business,7,GB,GB,16096.74,ach,CP8154,high_risk_geo,1,0
AL001890,C77969,retail,16,SG,TR,15945.9,ach,CP4691,dormant_reactivation,0,0
AL001891,C96271,business,5,JP,US,24444.55,wire,CP4572,pep_match,0,0
AL001892,C89102,retail,16,US,JP,5000.0,ach,CP4647,round_amount,1,0
AL001893,C50444,retail,2,FR,FR,4910.19,ach,CP8919,velocity,0,0
AL001894,C24920,business,17,CA,DE,39705.28,card,CP6313,dormant_reactivation,0,0
AL001895,C49656,retail,4,CA,SG,22626.65,ach,CP5374,pep_match,0,0
AL001896,C65477,retail,7,FR,SG,21204.11,wire,CP8000,high_risk_geo,2,0
AL001897,C25600,business,21,AE,GB,11385.96,wire,CP6817,high_risk_geo,0,0
AL001898,C61577,retail,7,SG,GB,23200.24,ach,CP4414,high_risk_geo,1,0
AL001899,C49332,private,7,CA,JP,33162.06,ach,CP2482,dormant_reactivation,8,0
AL001900,C71153,retail,25,SY,JP,36995.53,ach,CP4396,dormant_reactivation,1,0
AL001901,C95236,retail,11,SG,AU,9392.47,ach,CP2348,structuring,1,0
AL001902,C22326,business,2,CA,SG,84499.19,card,CP7627,sanctions_match,3,0
AL001903,C17677,retail,15,FR,AE,9525.14,wire,CP5180,structuring,0,0
AL001904,C47829,business,4,SG,MX,184118.03,wire,CP4954,sanctions_match,2,0
AL001905,C86695,business,18,US,BR,31793.86,card,CP7299,pep_match,1,0
AL001906,C20218,private,13,DE,SG,5000.0,ach,CP1024,round_amount,0,0
AL001907,C38859,retail,4,AU,MX,9576.76,card,CP5401,structuring,0,1
AL001908,C90897,retail,13,CA,TR,21998.36,ach,CP1264,dormant_reactivation,0,0
AL001909,C31522,retail,9,ZA,GB,15360.57,card,CP4461,dormant_reactivation,0,1
AL001910,C24423,retail,12,AE,AU,2199.69,ach,CP7287,velocity,2,0
AL001911,C30702,retail,10,AU,JP,45248.88,ach,CP3993,dormant_reactivation,1,0
AL001912,C81771,retail,25,FR,MX,5899.62,wire,CP6298,high_risk_geo,2,0
AL001913,C82001,retail,21,JP,DE,46852.2,card,CP7542,pep_match,2,0
AL001914,C20969,retail,11,DE,FR,10000.0,card,CP7124,round_amount,0,0
AL001915,C51525,retail,16,DE,CA,65548.23,cash,CP4500,sanctions_match,0,0
AL001916,C16785,retail,3,AE,JP,1257.11,ach,CP9656,velocity,0,0
AL001917,C42790,business,2,US,SG,7987.85,wire,CP4749,structuring,0,0
AL001918,C63135,retail,1,GB,US,100000.0,wire,CP9593,round_amount,0,0
AL001919,C96054,retail,13,JP,US,100000.0,ach,CP4242,round_amount,0,0
AL001920,C17108,retail,1,AE,FR,9347.74,wire,CP4031,structuring,0,1
AL001921,C22527,business,4,JP,MM,4554.27,wire,CP2570,velocity,0,0
AL001922,C22510,retail,18,AU,US,79101.76,wire,CP7583,sanctions_match,1,1
AL001923,C97141,retail,18,GB,GB,234.92,card,CP3885,velocity,0,0
AL001924,C85481,retail,9,US,US,3961.18,cash,CP2655,pep_match,0,0
AL001925,C63965,retail,8,JP,AU,199253.46,wire,CP5641,sanctions_match,1,0
AL001926,C86500,retail,0,GB,FR,40247.03,ach,CP9388,pep_match,0,0
AL001927,C41785,retail,20,GB,JP,8757.61,ach,CP5533,structuring,1,0
AL001928,C60285,retail,10,JP,SG,11756.26,ach,CP7623,pep_match,2,0
AL001929,C64598,retail,1,CA,AU,8609.71,wire,CP7823,structuring,1,0
AL001930,C45493,retail,14,JP,AU,29163.92,ach,CP7452,pep_match,0,0
AL001931,C30197,retail,10,DE,AU,9468.54,card,CP5745,structuring,1,0
AL001932,C64833,retail,14,BR,GB,561.13,ach,CP4219,velocity,0,0
AL001933,C85726,private,13,DE,DE,14473.64,ach,CP1428,dormant_reactivation,0,0
AL001934,C96150,retail,24,GB,SG,17778.31,ach,CP2264,high_risk_geo,2,0
AL001935,C13830,retail,22,DE,CA,98716.03,cash,CP5011,sanctions_match,1,0
AL001936,C90418,retail,3,BR,US,10000.0,cash,CP7940,round_amount,2,0
AL001937,C62197,business,3,NG,GB,25000.0,ach,CP4218,round_amount,0,0
AL001938,C48867,retail,20,SG,JP,14042.96,wire,CP6643,dormant_reactivation,1,0
AL001939,C11487,private,20,DE,BR,9438.23,ach,CP4526,structuring,2,0
AL001940,C21590,retail,9,CA,IR,9206.05,cash,CP7717,structuring,0,0
AL001941,C55862,retail,12,AU,DE,8519.71,ach,CP1451,structuring,0,1
AL001942,C45638,retail,7,DE,FR,29338.04,cash,CP4529,dormant_reactivation,0,0
AL001943,C44773,retail,18,SG,DE,13826.87,cash,CP2451,dormant_reactivation,0,0
AL001944,C47083,private,3,RU,DE,18941.4,wire,CP2360,sanctions_match,0,1
AL001945,C62979,private,13,FR,TR,38055.27,ach,CP9917,sanctions_match,3,0
AL001946,C75790,business,24,CA,ZA,61988.73,wire,CP6392,sanctions_match,5,1
AL001947,C22604,retail,18,GB,KP,1027.53,ach,CP8957,velocity,1,0
AL001948,C74947,business,22,AE,AU,20419.45,cash,CP2900,sanctions_match,0,0
AL001949,C10564,retail,14,CA,FR,40882.29,card,CP3647,pep_match,0,0
AL001950,C73514,business,10,CA,CA,9640.44,ach,CP2230,structuring,1,1
AL001951,C82628,private,19,BR,JP,50000.0,wire,CP2305,round_amount,0,0
AL001952,C94071,retail,9,FR,CA,49296.5,wire,CP3486,dormant_reactivation,1,0
AL001953,C96755,retail,19,US,DE,230060.27,wire,CP4039,sanctions_match,0,0
AL001954,C19837,retail,23,FR,MX,9986.37,wire,CP1033,structuring,1,0
AL001955,C57040,retail,8,SG,CA,23433.93,ach,CP7978,dormant_reactivation,1,0
AL001956,C55595,retail,10,DE,IR,574.54,card,CP7584,velocity,1,0
AL001957,C57398,retail,4,FR,TR,5000.0,ach,CP7637,round_amount,0,0
AL001958,C10667,retail,3,US,US,73868.04,card,CP7194,sanctions_match,3,0
AL001959,C10449,retail,3,BR,MX,196969.6,ach,CP7747,sanctions_match,2,0
AL001960,C75732,retail,13,FR,IR,10000.0,ach,CP2823,round_amount,0,0
AL001961,C46401,retail,9,NG,DE,9009.35,wire,CP8717,structuring,1,1
AL001962,C89343,retail,17,DE,FR,821.56,wire,CP2897,sanctions_match,1,0
AL001963,C68064,retail,10,AE,DE,3351.72,card,CP3385,velocity,3,0
AL001964,C74143,retail,21,GB,AE,46488.15,wire,CP1670,pep_match,1,0
AL001965,C53178,retail,9,DE,US,3824.84,card,CP4974,pep_match,0,0
AL001966,C92419,retail,14,GB,CA,13279.32,ach,CP3111,dormant_reactivation,0,0
AL001967,C98301,retail,22,DE,DE,17348.77,card,CP4724,pep_match,1,0
AL001968,C41398,retail,14,CA,CA,9604.36,ach,CP7594,structuring,3,1
AL001969,C46471,retail,24,JP,JP,25000.0,ach,CP4056,round_amount,0,0
AL001970,C81201,retail,4,AU,AU,17752.66,ach,CP8031,high_risk_geo,0,0
AL001971,C15666,retail,11,US,AU,10000.0,wire,CP2359,round_amount,2,0
AL001972,C56886,retail,17,AU,DE,100000.0,wire,CP4603,round_amount,1,0
AL001973,C70271,retail,9,DE,AU,17275.61,ach,CP9173,high_risk_geo,2,0
AL001974,C14182,business,9,US,GB,9429.24,card,CP5487,structuring,0,0
AL001975,C51330,retail,10,FR,JP,1270.67,card,CP8512,velocity,1,0
AL001976,C41347,retail,11,AE,SG,21179.85,wire,CP4488,high_risk_geo,0,0
AL001977,C28258,retail,20,JP,FR,947.35,wire,CP9607,velocity,0,0
AL001978,C68015,retail,19,US,TR,13701.67,wire,CP3587,high_risk_geo,3,0
AL001979,C25626,retail,24,GB,GB,75857.85,ach,CP6884,sanctions_match,0,1
AL001980,C38239,retail,11,AU,DE,5000.0,ach,CP2984,round_amount,8,0
AL001981,C85557,business,18,US,JP,46644.16,wire,CP4921,sanctions_match,0,1
AL001982,C94938,retail,5,DE,SG,151123.85,wire,CP6596,sanctions_match,1,0
AL001983,C56386,retail,16,GB,BR,35953.49,wire,CP6064,dormant_reactivation,0,0
AL001984,C20858,retail,4,GB,FR,39025.88,cash,CP7308,pep_match,5,0
AL001985,C25501,retail,0,CA,AU,2233.41,wire,CP5844,velocity,0,0
AL001986,C55167,business,13,CA,NG,50000.0,ach,CP3896,round_amount,0,0
AL001987,C81754,retail,20,AU,US,28859.83,ach,CP1900,pep_match,2,0
AL001988,C13151,retail,21,US,DE,168955.52,ach,CP7330,sanctions_match,1,0
AL001989,C19386,retail,11,AU,DE,8131.06,ach,CP3261,structuring,0,0
AL001990,C89465,retail,9,FR,JP,10000.0,card,CP6104,round_amount,0,0
AL001991,C41888,retail,22,DE,JP,45434.86,ach,CP2198,pep_match,0,0
AL001992,C43797,retail,24,JP,AU,100000.0,wire,CP2692,round_amount,5,0
AL001993,C46017,retail,3,SG,CA,4482.81,card,CP1496,velocity,0,0
AL001994,C58339,business,7,TR,AU,960.75,ach,CP2042,velocity,2,0
AL001995,C51158,business,11,FR,JP,9907.3,card,CP7322,structuring,0,0
AL001996,C58183,retail,18,SY,FR,13517.21,wire,CP2971,high_risk_geo,2,0
AL001997,C24399,retail,17,GB,AU,7592.28,ach,CP3342,high_risk_geo,0,0
AL001998,C12855,business,23,AU,SG,50000.0,wire,CP8222,round_amount,3,0
AL001999,C10572,retail,21,FR,AE,9060.41,ach,CP4048,structuring,2,0
AL002000,C27949,retail,14,SG,US,4558.0,card,CP7120,velocity,1,0
AL002001,C28876,retail,14,US,DE,9222.91,ach,CP4981,structuring,0,0
AL002002,C11540,retail,24,GB,FR,366.95,card,CP7478,velocity,0,0
AL002003,C29863,retail,4,GB,ZA,10000.0,wire,CP1443,round_amount,0,0
AL002004,C81190,business,24,NG,FR,23362.12,wire,CP4334,high_risk_geo,2,0
AL002005,C63145,retail,22,AU,NG,12620.51,card,CP9171,high_risk_geo,0,0
AL002006,C88563,private,9,NG,US,16911.29,ach,CP3180,pep_match,1,0
AL002007,C83914,retail,24,RU,US,216838.2,wire,CP4525,sanctions_match,1,0
AL002008,C94185,retail,16,AE,JP,1987.95,ach,CP1983,velocity,2,0
AL002009,C76711,retail,12,US,CA,70820.46,wire,CP6569,sanctions_match,0,0
AL002010,C16545,retail,10,JP,CA,2599.51,wire,CP4229,velocity,0,0
AL002011,C14730,retail,14,CA,ZA,1938.09,ach,CP2494,velocity,0,0
AL002012,C73403,business,20,GB,NG,101497.21,ach,CP2684,sanctions_match,1,0
AL002013,C85909,retail,12,AU,AU,21754.27,ach,CP9541,sanctions_match,2,0
AL002014,C34850,retail,17,AU,US,16178.21,wire,CP5187,dormant_reactivation,5,0
AL002015,C85825,retail,7,JP,SG,7667.57,ach,CP9342,dormant_reactivation,0,0
AL002016,C45085,retail,21,AU,CA,50000.0,ach,CP7968,round_amount,0,0
AL002017,C60364,retail,14,DE,DE,38330.41,ach,CP8045,sanctions_match,0,1
AL002018,C77876,retail,10,TR,CA,18674.57,cash,CP7072,dormant_reactivation,0,0
AL002019,C26392,business,18,DE,SG,9684.08,card,CP1130,pep_match,0,0
AL002020,C75701,retail,24,DE,GB,50000.0,ach,CP5792,round_amount,3,0
AL002021,C16298,retail,2,SG,AU,7802.4,ach,CP3319,structuring,0,1
AL002022,C73363,private,11,DE,FR,10000.0,card,CP8324,round_amount,5,0
AL002023,C55857,business,22,AU,NG,16651.28,ach,CP7533,high_risk_geo,0,0
AL002024,C58056,retail,0,FR,AU,22093.89,wire,CP3495,high_risk_geo,2,1
AL002025,C33894,retail,6,MX,NG,25000.0,wire,CP3083,round_amount,0,0
AL002026,C16562,business,21,FR,US,5000.0,ach,CP2868,round_amount,0,0
AL002027,C29843,retail,22,CA,JP,186432.8,wire,CP7865,sanctions_match,0,0
AL002028,C36647,retail,14,GB,DE,13230.38,ach,CP4615,dormant_reactivation,0,0
AL002029,C43049,retail,18,DE,CA,8737.82,wire,CP7298,high_risk_geo,0,1
AL002030,C37219,retail,4,ZA,NG,25000.0,ach,CP2501,round_amount,0,1
AL002031,C53656,business,9,NG,AU,25000.0,wire,CP5323,round_amount,0,0
AL002032,C98513,business,22,GB,RU,6601.08,wire,CP3314,dormant_reactivation,2,0
AL002033,C37324,retail,24,US,AU,1069.91,wire,CP3346,pep_match,0,0
AL002034,C36315,retail,6,DE,DE,8501.39,ach,CP1210,structuring,1,0
AL002035,C79690,retail,25,US,DE,138484.57,ach,CP1734,sanctions_match,1,0
AL002036,C16628,retail,5,DE,FR,84108.18,card,CP4770,sanctions_match,1,0
AL002037,C94239,retail,5,DE,AU,5000.0,wire,CP1405,round_amount,0,0
AL002038,C70144,retail,24,TR,MM,21568.65,wire,CP5201,dormant_reactivation,2,0
AL002039,C37799,private,11,MX,KP,248380.29,card,CP5006,sanctions_match,0,0
AL002040,C26356,retail,3,SG,ZA,100000.0,ach,CP6053,round_amount,5,0
AL002041,C73677,retail,3,DE,AU,43203.01,ach,CP7998,dormant_reactivation,2,0
AL002042,C40957,retail,6,ZA,AU,44917.51,ach,CP8085,pep_match,0,0
AL002043,C62627,retail,5,NG,CA,32806.07,card,CP3816,dormant_reactivation,2,0
AL002044,C52580,retail,2,AU,US,18984.74,wire,CP3769,high_risk_geo,1,0
AL002045,C23916,retail,10,ZA,US,25000.0,ach,CP3221,round_amount,0,0
AL002046,C34636,retail,0,SG,AU,4873.93,card,CP7051,velocity,0,0
AL002047,C60794,business,3,JP,CA,47071.28,wire,CP6401,dormant_reactivation,2,0
AL002048,C80042,retail,11,CA,TR,24145.32,card,CP9730,high_risk_geo,2,0
AL002049,C44326,retail,22,FR,US,218322.85,ach,CP5419,sanctions_match,0,0
AL002050,C28519,retail,20,SG,SG,3215.29,card,CP4214,velocity,1,1
AL002051,C84923,retail,15,GB,US,161114.63,ach,CP1376,sanctions_match,1,0
AL002052,C12054,retail,3,JP,GB,8297.27,wire,CP7298,structuring,1,0
AL002053,C28204,retail,20,SG,US,9579.13,cash,CP5252,structuring,3,0
AL002054,C94148,private,22,MX,FR,174472.9,ach,CP5539,sanctions_match,3,1
AL002055,C74611,retail,12,ZA,AU,38893.25,ach,CP4412,dormant_reactivation,0,0
AL002056,C96856,retail,17,JP,JP,3466.06,ach,CP7862,dormant_reactivation,0,0
AL002057,C56291,retail,7,TR,FR,8965.98,wire,CP9962,high_risk_geo,1,0
AL002058,C96900,business,7,AU,TR,50000.0,card,CP8548,round_amount,0,0
AL002059,C83512,retail,24,US,ZA,1256.33,cash,CP4578,velocity,1,0
AL002060,C50055,retail,0,FR,AU,18810.18,card,CP6228,high_risk_geo,0,0
AL002061,C46747,private,1,US,ZA,2034.42,wire,CP3821,velocity,2,0
AL002062,C87370,business,4,DE,SG,10000.0,card,CP6156,round_amount,0,0
AL002063,C56027,retail,10,JP,US,9031.28,wire,CP2801,structuring,0,0
AL002064,C18484,retail,6,US,JP,164654.44,card,CP3281,sanctions_match,0,0
AL002065,C23181,business,25,DE,BR,22169.45,cash,CP2829,high_risk_geo,0,0
AL002066,C66902,retail,8,US,GB,25000.0,wire,CP7230,round_amount,0,0
AL002067,C55686,business,22,MX,US,12269.55,wire,CP5793,high_risk_geo,0,0
AL002068,C97236,retail,3,AU,VE,45461.08,wire,CP5987,pep_match,0,1
AL002069,C36187,retail,3,DE,US,21010.38,ach,CP5054,pep_match,0,0
AL002070,C31860,retail,23,GB,NG,4160.75,ach,CP7969,velocity,0,0
AL002071,C87221,retail,12,AU,FR,7370.57,card,CP1970,high_risk_geo,1,0
AL002072,C50732,retail,15,AU,DE,16954.26,card,CP6498,high_risk_geo,0,0
AL002073,C32707,retail,25,GB,TR,35254.16,ach,CP4527,dormant_reactivation,0,0
AL002074,C89666,retail,1,US,JP,46800.85,ach,CP4969,pep_match,1,0
AL002075,C71152,retail,11,GB,DE,61955.97,wire,CP4027,sanctions_match,0,0
AL002076,C36623,retail,16,JP,US,14404.83,wire,CP5901,dormant_reactivation,3,0
AL002077,C25558,retail,18,MX,CA,171576.16,card,CP2756,sanctions_match,1,0
AL002078,C69233,retail,25,CA,BR,7530.14,card,CP4500,high_risk_geo,5,1
AL002079,C22838,business,19,AU,CA,2868.04,ach,CP5033,dormant_reactivation,0,0
AL002080,C99449,retail,4,MX,SG,50000.0,wire,CP8392,round_amount,0,0
AL002081,C33275,retail,1,FR,CA,4323.77,wire,CP1096,velocity,0,1
AL002082,C51446,retail,1,DE,US,9431.06,ach,CP9241,structuring,0,1
AL002083,C70193,retail,8,US,US,92.12,cash,CP6701,velocity,2,0
AL002084,C68511,retail,17,GB,AU,15099.77,wire,CP3826,high_risk_geo,3,0
AL002085,C40804,retail,4,MX,DE,1907.72,wire,CP9772,velocity,0,1
AL002086,C93515,retail,16,DE,DE,36613.96,card,CP7735,dormant_reactivation,1,0
AL002087,C71060,retail,12,TR,CA,46932.9,ach,CP9360,dormant_reactivation,0,0
AL002088,C16600,retail,22,SG,GB,11164.07,ach,CP8764,sanctions_match,0,0
AL002089,C33632,business,19,AU,JP,39755.0,cash,CP4550,pep_match,1,0
AL002090,C71946,retail,11,CA,CA,10296.63,ach,CP3322,high_risk_geo,0,0
AL002091,C25247,retail,14,AU,ZA,8793.21,ach,CP9208,structuring,0,0
AL002092,C67752,retail,12,AU,JP,5000.0,wire,CP9911,round_amount,0,0
AL002093,C16099,retail,23,JP,SG,49301.5,card,CP3717,sanctions_match,0,0
AL002094,C38627,private,15,FR,AE,1520.74,ach,CP1013,velocity,0,0
AL002095,C48734,retail,3,CA,BR,5018.76,wire,CP9378,pep_match,1,0
AL002096,C84105,retail,12,AU,AU,2422.03,card,CP7348,velocity,0,0
AL002097,C39863,retail,19,AE,DE,7562.55,ach,CP7579,sanctions_match,0,0
AL002098,C94390,private,19,AE,ZA,9435.54,wire,CP3747,structuring,5,1
AL002099,C22345,retail,21,JP,FR,11398.41,wire,CP2342,sanctions_match,0,1
AL002100,C62491,retail,22,GB,CA,8851.59,wire,CP1875,high_risk_geo,0,0
AL002101,C17455,business,14,SG,FR,28912.25,card,CP6172,pep_match,1,0
AL002102,C22441,retail,13,AE,CA,2754.11,ach,CP9757,velocity,0,0
AL002103,C41883,retail,22,IR,SG,9183.74,ach,CP2551,structuring,5,1
AL002104,C64860,business,24,CA,SG,4172.38,ach,CP5998,velocity,0,0
AL002105,C79520,retail,18,CA,DE,22058.91,cash,CP3731,high_risk_geo,1,1
AL002106,C32510,retail,6,DE,US,5000.0,ach,CP2882,round_amount,0,0
AL002107,C85811,retail,16,NG,CA,41911.41,wire,CP1600,pep_match,1,0
AL002108,C54793,private,10,US,GB,121451.43,wire,CP7899,high_risk_geo,0,0
AL002109,C29070,business,19,TR,CA,8855.21,wire,CP6278,structuring,1,0
AL002110,C18751,private,17,IR,FR,208489.9,cash,CP5162,sanctions_match,0,0
AL002111,C81041,business,25,TR,AE,35220.11,wire,CP7474,pep_match,0,1
AL002112,C16910,retail,10,JP,DE,38673.51,wire,CP4970,dormant_reactivation,0,0
AL002113,C57495,retail,22,SG,JP,47905.07,wire,CP9820,pep_match,1,0
AL002114,C22182,retail,6,US,GB,5559.03,ach,CP7857,dormant_reactivation,2,0
AL002115,C96096,retail,4,DE,SG,9846.13,ach,CP4708,structuring,0,1
AL002116,C90835,private,8,MM,SY,9224.5,ach,CP9605,structuring,1,1
AL002117,C11889,business,10,TR,AE,10000.0,wire,CP2542,round_amount,0,0
AL002118,C97576,business,4,FR,GB,3815.86,ach,CP1504,velocity,2,0
AL002119,C77469,retail,2,JP,FR,50000.0,ach,CP7976,round_amount,3,0
AL002120,C80667,retail,11,RU,IR,21054.13,wire,CP2064,high_risk_geo,0,1
AL002121,C33472,business,19,JP,GB,4201.91,card,CP7316,velocity,1,0
AL002122,C32993,business,18,CA,DE,1947.49,ach,CP1577,velocity,0,0
AL002123,C32004,retail,19,SG,AU,100000.0,ach,CP6684,round_amount,8,0
AL002124,C12128,retail,6,CA,CA,3458.16,card,CP4776,pep_match,2,0
AL002125,C63754,private,23,FR,TR,60.89,ach,CP4134,velocity,0,0
AL002126,C90254,retail,16,DE,MX,8835.08,wire,CP5168,structuring,5,0
AL002127,C82677,private,19,JP,TR,1282.99,ach,CP6402,velocity,0,0
AL002128,C78558,retail,17,DE,US,22239.38,wire,CP7114,high_risk_geo,2,0
AL002129,C37463,retail,13,BR,AE,9046.81,card,CP6287,structuring,1,1
AL002130,C87583,retail,0,BR,US,2316.64,card,CP6574,velocity,0,1
AL002131,C66837,retail,12,SG,FR,3710.88,ach,CP8040,velocity,0,0
AL002132,C66784,retail,0,FR,AU,5503.29,cash,CP1843,dormant_reactivation,2,0
AL002133,C68724,retail,25,SG,AE,240861.8,wire,CP2681,sanctions_match,0,0
AL002134,C99944,retail,13,JP,JP,163328.5,wire,CP2571,sanctions_match,1,0
AL002135,C67008,retail,19,FR,GB,8422.15,wire,CP9472,structuring,5,0
AL002136,C40058,retail,18,MX,US,16889.16,ach,CP8937,dormant_reactivation,2,0
AL002137,C53402,retail,18,FR,ZA,5000.0,ach,CP8302,round_amount,1,0
AL002138,C59334,retail,23,TR,DE,11474.52,cash,CP5929,high_risk_geo,0,0
AL002139,C16785,retail,13,AU,DE,17936.5,ach,CP7313,high_risk_geo,2,0
AL002140,C88785,retail,17,DE,CA,192560.23,card,CP6463,sanctions_match,0,0
AL002141,C55911,retail,22,NG,FR,46048.9,card,CP9588,dormant_reactivation,0,0
AL002142,C46865,retail,8,DE,AU,7913.02,wire,CP4461,structuring,0,0
AL002143,C67638,retail,6,AU,DE,8029.84,wire,CP7908,structuring,5,1
AL002144,C66099,retail,11,US,DE,6376.79,ach,CP3835,pep_match,0,0
AL002145,C82649,retail,19,BR,AU,100000.0,ach,CP9001,round_amount,0,0
AL002146,C53815,business,9,SG,MX,10452.3,wire,CP3266,high_risk_geo,0,0
AL002147,C65036,retail,15,BR,FR,43486.8,card,CP8787,pep_match,2,0
AL002148,C49065,retail,14,GB,SG,50000.0,ach,CP2446,round_amount,0,0
AL002149,C46406,retail,22,DE,DE,155686.57,wire,CP1548,sanctions_match,0,1
AL002150,C53716,private,16,JP,TR,9431.25,cash,CP7924,structuring,0,0
AL002151,C97963,retail,21,GB,NG,9861.86,ach,CP1220,structuring,0,0
AL002152,C65235,business,24,SG,CA,15452.54,wire,CP2274,sanctions_match,0,0
AL002153,C68696,retail,6,AU,AE,137130.83,ach,CP5533,sanctions_match,0,0
AL002154,C46787,retail,15,FR,AU,127926.31,cash,CP8562,sanctions_match,0,0
AL002155,C88695,private,11,AU,GB,30782.68,cash,CP7142,dormant_reactivation,1,0
AL002156,C75061,retail,18,CA,GB,11786.99,wire,CP7927,dormant_reactivation,1,0
AL002157,C17182,business,4,MX,SG,12250.06,ach,CP6809,dormant_reactivation,0,0
AL002158,C21834,retail,17,ZA,US,2448.54,ach,CP5150,velocity,0,0
AL002159,C46965,retail,10,JP,SG,4330.48,card,CP2689,velocity,0,0
AL002160,C99385,retail,2,NG,DE,25326.51,ach,CP7656,pep_match,2,0
AL002161,C11135,retail,16,BR,CA,7997.48,wire,CP3315,structuring,0,0
AL002162,C80512,retail,19,FR,BR,16050.33,card,CP6974,pep_match,0,0
AL002163,C98790,retail,18,SG,JP,4390.28,card,CP2244,velocity,0,0
AL002164,C55241,business,3,VE,SY,4047.87,card,CP3913,velocity,5,0
AL002165,C17272,retail,22,CA,FR,20244.09,ach,CP4212,high_risk_geo,0,0
AL002166,C23473,business,9,FR,TR,679.32,ach,CP7061,velocity,2,0
AL002167,C71889,retail,16,DE,IR,29463.93,card,CP4165,pep_match,0,0
AL002168,C17074,retail,11,SY,CA,8346.31,ach,CP2028,structuring,1,1
AL002169,C90824,retail,3,US,MX,112720.17,ach,CP7672,sanctions_match,1,0
AL002170,C49790,retail,9,JP,AU,42002.63,ach,CP2960,dormant_reactivation,1,0
AL002171,C17218,private,8,TR,AE,8690.48,ach,CP7831,structuring,3,1
AL002172,C17716,retail,19,CA,CA,37461.01,card,CP9625,dormant_reactivation,0,0
AL002173,C20973,retail,4,FR,CA,100000.0,wire,CP9179,round_amount,2,0
AL002174,C92762,retail,0,GB,AU,30990.5,cash,CP5439,pep_match,5,0
AL002175,C93040,retail,20,CA,US,2865.08,wire,CP6762,velocity,2,0
AL002176,C45039,retail,14,SG,DE,8119.23,wire,CP6564,structuring,1,0
AL002177,C15858,retail,9,FR,ZA,5000.0,wire,CP6426,round_amount,0,0
AL002178,C13759,retail,1,US,GB,47396.71,ach,CP3842,dormant_reactivation,2,0
AL002179,C89559,private,25,MX,JP,15161.71,ach,CP6588,pep_match,0,0
AL002180,C44024,retail,12,FR,NG,24441.05,ach,CP4346,high_risk_geo,0,0
AL002181,C76905,retail,16,MX,JP,10000.0,wire,CP8254,round_amount,1,0
AL002182,C26774,private,1,AU,ZA,215917.58,wire,CP3261,high_risk_geo,0,0
AL002183,C46319,business,15,CA,MM,9837.78,ach,CP8327,pep_match,3,0
AL002184,C52290,business,16,US,US,8521.1,cash,CP5028,structuring,1,0
AL002185,C57407,retail,18,ZA,CA,19225.96,wire,CP4823,high_risk_geo,0,0
AL002186,C38975,retail,18,DE,CA,20560.2,wire,CP3065,dormant_reactivation,0,0
AL002187,C64246,retail,16,US,MX,25624.54,ach,CP6435,pep_match,2,0
AL002188,C24520,retail,17,GB,GB,44318.12,ach,CP9633,pep_match,0,0
AL002189,C63674,retail,13,DE,JP,100000.0,cash,CP9113,round_amount,1,0
AL002190,C29209,retail,18,AU,DE,25000.0,cash,CP2300,round_amount,1,0
AL002191,C91612,retail,5,CA,MX,3434.21,cash,CP9004,velocity,1,0
AL002192,C52366,retail,5,FR,CA,31878.45,card,CP2971,dormant_reactivation,0,0
AL002193,C94059,business,2,SG,JP,8387.4,ach,CP8140,structuring,2,0
AL002194,C56001,retail,18,AU,AU,9848.45,wire,CP9262,structuring,2,0
AL002195,C30346,business,15,CA,DE,2074.43,cash,CP3827,pep_match,0,0
AL002196,C84412,business,13,FR,DE,3872.85,ach,CP9518,velocity,0,0
AL002197,C49323,private,6,US,MM,25406.31,wire,CP1082,pep_match,0,0
AL002198,C55340,retail,23,TR,DE,3983.07,ach,CP6346,velocity,0,0
AL002199,C62808,retail,8,US,GB,5000.0,ach,CP3257,round_amount,0,0
AL002200,C30074,retail,3,JP,AU,42657.79,wire,CP9695,dormant_reactivation,1,0
AL002201,C56847,business,2,SG,GB,25165.31,cash,CP6258,pep_match,0,0
AL002202,C81961,private,10,NG,TR,99180.03,wire,CP3273,high_risk_geo,0,0
AL002203,C10331,retail,9,GB,DE,12415.61,ach,CP8304,high_risk_geo,0,0
AL002204,C18476,retail,3,US,MX,166742.78,card,CP8472,sanctions_match,1,0
AL002205,C23147,retail,10,GB,FR,525.09,ach,CP8036,velocity,2,0
AL002206,C66934,business,8,GB,DE,20612.47,ach,CP6742,high_risk_geo,1,0
AL002207,C50097,retail,22,US,JP,1549.81,ach,CP4647,velocity,1,0
AL002208,C86318,business,4,SG,CA,4306.13,card,CP5352,velocity,0,0
AL002209,C16678,private,14,IR,DE,4332.39,ach,CP1782,velocity,0,0
AL002210,C96410,retail,7,NG,SG,11590.07,wire,CP5299,pep_match,5,0
AL002211,C94955,retail,7,GB,JP,100000.0,ach,CP8992,round_amount,0,0
AL002212,C80307,retail,7,JP,MX,10000.0,ach,CP7008,round_amount,0,0
AL002213,C73936,business,23,US,NG,29187.24,card,CP6933,dormant_reactivation,0,0
AL002214,C35351,business,20,AU,GB,44916.73,ach,CP7726,pep_match,3,0
AL002215,C22585,retail,14,FR,FR,116521.0,wire,CP5169,sanctions_match,2,0
AL002216,C15470,private,10,SG,NG,9933.48,wire,CP9490,structuring,0,0
AL002217,C20201,private,12,FR,AU,31103.97,wire,CP8538,sanctions_match,1,1
AL002218,C14383,retail,20,US,SG,1956.24,ach,CP9009,dormant_reactivation,1,0
AL002219,C57862,retail,3,GB,MX,3415.53,ach,CP4872,velocity,1,0
AL002220,C98317,retail,7,AU,DE,4991.16,cash,CP6833,velocity,0,0
AL002221,C40209,private,2,AE,SG,8090.92,ach,CP6659,structuring,0,0
AL002222,C90541,business,15,US,DE,151098.45,card,CP4714,sanctions_match,0,0
AL002223,C97498,retail,0,TR,AU,5000.0,card,CP1180,round_amount,0,0
AL002224,C13301,retail,4,NG,JP,31518.74,card,CP9415,pep_match,1,0
AL002225,C18953,retail,18,TR,NG,10000.0,card,CP3318,round_amount,0,0
AL002226,C19903,business,25,ZA,CA,202656.84,ach,CP5322,sanctions_match,5,0
AL002227,C53666,retail,25,GB,AE,146602.43,cash,CP6015,sanctions_match,0,0
AL002228,C99973,retail,6,JP,FR,31529.95,ach,CP6194,dormant_reactivation,0,0
AL002229,C28924,retail,0,AE,JP,53850.38,card,CP1949,sanctions_match,0,0
AL002230,C46629,retail,17,NG,DE,50000.0,ach,CP9137,round_amount,2,0
AL002231,C22772,business,8,GB,CA,3326.29,wire,CP2823,velocity,0,0
AL002232,C73295,retail,9,DE,AE,7803.55,ach,CP1757,structuring,2,0
AL002233,C89128,private,14,AU,BR,5000.0,card,CP7114,round_amount,0,0
AL002234,C78623,retail,1,SG,CA,20918.59,card,CP9456,dormant_reactivation,0,0
AL002235,C48977,retail,21,FR,AU,28800.28,wire,CP6382,pep_match,3,0
AL002236,C89852,private,21,AU,CA,172574.88,ach,CP1334,high_risk_geo,0,0
AL002237,C88142,retail,21,ZA,SG,970.2,wire,CP8383,dormant_reactivation,0,0
AL002238,C70889,retail,4,CA,JP,16477.36,wire,CP1176,high_risk_geo,8,0
AL002239,C32527,retail,24,JP,AE,9979.36,card,CP7578,high_risk_geo,1,0
AL002240,C89099,private,16,CA,US,191567.8,ach,CP4799,high_risk_geo,2,1
AL002241,C41367,retail,13,VE,FR,9294.55,ach,CP6345,structuring,0,1
AL002242,C20680,business,0,JP,BR,9353.44,ach,CP5984,high_risk_geo,0,0
AL002243,C73201,retail,20,AE,DE,7990.05,ach,CP1195,structuring,0,0
AL002244,C69231,business,11,SG,SG,214326.56,ach,CP1933,sanctions_match,0,0
AL002245,C93177,business,25,GB,AU,82824.92,card,CP6255,sanctions_match,0,0
AL002246,C11230,retail,13,FR,SG,41669.87,ach,CP7353,pep_match,2,0
AL002247,C33205,retail,1,SG,DE,4185.44,cash,CP5328,pep_match,2,0
AL002248,C79904,retail,9,SG,SG,4973.0,ach,CP1707,velocity,2,0
AL002249,C47946,retail,0,SG,DE,6029.97,wire,CP3657,pep_match,0,0
AL002250,C85514,retail,3,JP,NG,4023.59,ach,CP8744,velocity,0,0
AL002251,C31812,retail,25,MX,JP,25000.0,ach,CP7347,round_amount,0,0
AL002252,C55727,retail,21,JP,US,10320.23,wire,CP7829,pep_match,0,0
AL002253,C72437,retail,13,GB,NG,43172.55,wire,CP1553,dormant_reactivation,0,0
AL002254,C63250,retail,18,BR,BR,12491.7,wire,CP3364,high_risk_geo,1,0
AL002255,C56870,retail,24,GB,BR,167684.95,wire,CP3018,sanctions_match,3,1
AL002256,C31491,retail,5,GB,US,100000.0,card,CP4798,round_amount,1,0
AL002257,C62577,retail,12,TR,GB,9150.75,card,CP1451,structuring,0,1
AL002258,C34999,business,11,BR,FR,11482.98,card,CP6587,dormant_reactivation,0,0
AL002259,C60140,retail,1,MX,FR,34566.77,ach,CP5340,sanctions_match,0,1
AL002260,C78194,retail,18,ZA,SG,47364.68,wire,CP1160,pep_match,0,0
AL002261,C27303,retail,24,FR,ZA,521.78,wire,CP6982,pep_match,0,0
AL002262,C27047,retail,23,AU,SG,12937.75,ach,CP3765,high_risk_geo,0,0
AL002263,C87577,retail,13,BR,CA,24376.78,card,CP3158,high_risk_geo,1,0
AL002264,C84368,retail,5,SG,SG,9609.74,ach,CP6935,structuring,0,0
AL002265,C82968,private,24,CA,AU,1537.06,ach,CP9299,velocity,0,0
AL002266,C29285,retail,4,JP,US,8954.29,ach,CP3608,structuring,1,0
AL002267,C91200,private,8,AE,SG,1522.91,card,CP3252,velocity,0,0
AL002268,C22802,retail,20,US,MX,50000.0,wire,CP6824,round_amount,0,0
AL002269,C54781,retail,15,SG,GB,2729.88,card,CP5789,pep_match,0,0
AL002270,C80111,private,17,KP,JP,240469.44,wire,CP1171,high_risk_geo,0,1
AL002271,C75557,retail,21,FR,GB,8094.73,ach,CP2633,structuring,0,0
AL002272,C13631,retail,15,CA,CA,13645.71,ach,CP3115,high_risk_geo,2,0
AL002273,C84069,retail,22,US,GB,19476.45,ach,CP8372,high_risk_geo,0,0
AL002274,C92789,business,3,ZA,DE,23935.54,ach,CP7094,pep_match,0,0
AL002275,C71164,business,5,AE,DE,30297.03,ach,CP6476,pep_match,0,0
AL002276,C60525,business,18,CA,SY,8454.87,card,CP3134,structuring,2,0
AL002277,C40885,retail,15,DE,GB,3283.02,card,CP8114,velocity,5,0
AL002278,C91610,private,10,GB,SY,996.78,ach,CP8576,velocity,1,0
AL002279,C98650,retail,7,AU,CA,4524.82,cash,CP1704,velocity,2,0
AL002280,C86176,business,4,US,DE,4644.07,ach,CP7860,velocity,1,0
AL002281,C47746,business,15,US,US,6316.31,ach,CP3749,high_risk_geo,0,0
AL002282,C88044,retail,19,GB,FR,8075.79,wire,CP2384,high_risk_geo,0,0
AL002283,C34162,private,3,US,MM,784.13,wire,CP3986,velocity,3,0
AL002284,C78380,retail,0,MX,JP,100000.0,card,CP5356,round_amount,0,0
AL002285,C85393,retail,9,DE,JP,15549.76,cash,CP9826,high_risk_geo,0,0
AL002286,C56256,retail,25,NG,AU,20888.84,ach,CP5082,dormant_reactivation,2,0
AL002287,C36580,business,10,GB,GB,15199.5,cash,CP3347,dormant_reactivation,0,1
AL002288,C29090,retail,20,US,US,25000.0,card,CP8399,round_amount,0,0
AL002289,C88471,retail,12,JP,US,46069.63,wire,CP3352,dormant_reactivation,0,0
AL002290,C40303,private,6,NG,JP,43181.41,card,CP7557,pep_match,0,0
AL002291,C53827,retail,17,DE,GB,49568.84,ach,CP8482,pep_match,0,0
AL002292,C99025,retail,7,ZA,DE,7843.13,ach,CP4411,structuring,0,0
AL002293,C59061,retail,20,RU,GB,8441.93,ach,CP4127,structuring,0,0
AL002294,C52815,private,7,US,JP,81387.07,wire,CP2570,sanctions_match,0,0
AL002295,C16858,business,8,CA,JP,2694.89,ach,CP5479,velocity,2,0
AL002296,C58793,retail,5,NG,JP,25000.0,wire,CP2435,round_amount,1,0
AL002297,C55253,retail,23,US,ZA,146802.45,card,CP1349,sanctions_match,2,0
AL002298,C75170,retail,3,FR,FR,48710.5,ach,CP6145,pep_match,3,0
AL002299,C12287,retail,8,BR,DE,9899.76,ach,CP8054,structuring,0,0
AL002300,C67123,retail,24,CA,JP,21742.25,ach,CP2198,dormant_reactivation,0,1
AL002301,C20137,retail,14,US,AU,21173.51,ach,CP6014,high_risk_geo,0,0
AL002302,C64735,retail,9,AU,US,38320.0,wire,CP2573,dormant_reactivation,0,0
AL002303,C60577,business,12,GB,CA,16877.94,wire,CP4982,high_risk_geo,2,0
AL002304,C55943,retail,19,SG,JP,132096.83,ach,CP1576,sanctions_match,3,1
AL002305,C73999,retail,15,AU,GB,50000.0,wire,CP3565,round_amount,0,0
AL002306,C12325,business,11,CA,FR,10000.0,ach,CP8636,round_amount,0,0
AL002307,C86544,retail,16,US,TR,192277.31,ach,CP7082,sanctions_match,5,0
AL002308,C14629,retail,15,FR,DE,50000.0,card,CP8123,round_amount,0,0
AL002309,C56441,retail,2,AU,CA,28147.1,cash,CP8063,pep_match,3,0
AL002310,C37460,retail,20,JP,TR,1282.27,cash,CP3401,velocity,0,0
AL002311,C72497,retail,24,JP,JP,25000.0,cash,CP8898,round_amount,0,0
AL002312,C47115,private,13,DE,SG,27949.03,wire,CP9970,dormant_reactivation,2,0
AL002313,C17576,retail,10,CA,US,9889.12,card,CP6604,structuring,0,1
AL002314,C75008,retail,6,VE,MM,166619.09,ach,CP7577,sanctions_match,1,0
AL002315,C78963,retail,24,SG,AU,98236.08,wire,CP4600,sanctions_match,2,0
AL002316,C74450,private,7,US,MX,8485.19,ach,CP5554,structuring,1,0
AL002317,C35513,retail,16,VE,BR,4952.33,ach,CP6885,velocity,0,0
AL002318,C42743,retail,0,AU,JP,8790.63,ach,CP1612,structuring,0,1
AL002319,C20330,retail,3,MX,AU,23511.27,card,CP7045,dormant_reactivation,5,0
AL002320,C66538,retail,2,FR,GB,43130.45,card,CP1711,pep_match,0,0
AL002321,C14409,private,15,TR,GB,100000.0,ach,CP7252,round_amount,2,0
AL002322,C30354,private,9,JP,AU,114591.82,ach,CP1242,high_risk_geo,2,0
AL002323,C70488,retail,2,FR,GB,2706.62,card,CP4845,velocity,0,0
AL002324,C99003,retail,22,US,CA,41811.57,wire,CP7236,pep_match,0,0
AL002325,C22126,retail,8,MX,DE,28772.91,wire,CP9214,dormant_reactivation,0,0
AL002326,C28745,retail,21,CA,ZA,9406.67,card,CP5977,structuring,0,0
AL002327,C24531,private,2,DE,US,8373.42,wire,CP2696,structuring,0,0
AL002328,C50595,retail,18,MX,NG,11726.5,ach,CP6108,dormant_reactivation,0,0
AL002329,C75972,retail,3,AU,FR,2578.77,card,CP8516,pep_match,0,0
AL002330,C53007,retail,24,DE,JP,45539.16,wire,CP8739,pep_match,0,0
AL002331,C86103,retail,8,SG,US,8270.4,card,CP9605,structuring,0,0
AL002332,C92585,retail,9,DE,CA,11592.22,cash,CP7627,dormant_reactivation,8,0
AL002333,C15960,business,22,AU,GB,50000.0,ach,CP6696,round_amount,3,0
AL002334,C22402,retail,10,TR,US,7177.18,ach,CP3715,sanctions_match,0,0
AL002335,C83587,retail,14,AU,AE,70584.26,wire,CP7202,sanctions_match,0,0
AL002336,C23962,private,7,ZA,ZA,2607.98,ach,CP1415,velocity,3,0
AL002337,C51051,business,7,BR,US,3776.44,ach,CP6078,pep_match,5,0
AL002338,C16825,retail,22,AE,CA,232928.55,wire,CP1598,sanctions_match,0,0
AL002339,C46610,retail,18,CA,FR,236230.89,card,CP4726,sanctions_match,0,0
AL002340,C72920,retail,18,FR,AU,46295.77,ach,CP1434,dormant_reactivation,0,0
AL002341,C92117,business,18,JP,US,2958.98,ach,CP7622,pep_match,2,0
AL002342,C49772,business,6,AU,SG,41607.29,wire,CP8005,dormant_reactivation,8,0
AL002343,C53197,retail,16,SG,GB,9536.19,card,CP4991,structuring,2,0
AL002344,C36313,business,7,SG,AU,14064.7,wire,CP3037,high_risk_geo,1,0
AL002345,C40014,business,3,AU,US,5000.0,ach,CP6233,round_amount,1,0
AL002346,C58626,retail,6,CA,JP,98603.77,card,CP5308,sanctions_match,1,0
AL002347,C40248,retail,0,SG,FR,48863.58,ach,CP4888,dormant_reactivation,0,0
AL002348,C94993,retail,4,CA,AU,100000.0,card,CP1897,round_amount,0,0
AL002349,C17259,retail,3,GB,US,12453.66,wire,CP2362,sanctions_match,5,0
AL002350,C77406,business,23,AU,SG,9030.45,cash,CP2341,structuring,5,0
AL002351,C91853,retail,12,DE,GB,38236.32,ach,CP1839,dormant_reactivation,0,0
AL002352,C97203,private,2,NG,BR,10000.0,wire,CP5299,round_amount,3,0
AL002353,C19202,retail,10,SG,TR,49594.43,card,CP3269,dormant_reactivation,3,0
AL002354,C25933,retail,12,GB,AE,10000.0,cash,CP8875,round_amount,0,0
AL002355,C65516,retail,13,DE,TR,8705.48,cash,CP9302,structuring,1,0
AL002356,C85681,retail,4,ZA,AU,23229.58,wire,CP2109,pep_match,2,0
AL002357,C69534,private,20,NG,JP,9526.58,ach,CP2666,structuring,3,0
AL002358,C51028,retail,5,TR,FR,21914.29,ach,CP4031,high_risk_geo,2,0
AL002359,C81057,business,13,FR,FR,48079.41,card,CP8127,pep_match,1,0
AL002360,C83653,retail,16,AE,DE,7901.47,wire,CP9186,structuring,1,1
AL002361,C72771,retail,24,MX,US,32087.36,ach,CP1854,pep_match,3,0
AL002362,C64061,retail,14,CA,US,36540.83,card,CP3925,dormant_reactivation,5,0
AL002363,C91590,business,25,BR,DE,8216.67,ach,CP6234,structuring,0,1
AL002364,C74076,retail,19,SG,DE,22877.57,card,CP6174,dormant_reactivation,1,0
AL002365,C69775,private,6,GB,SG,3426.84,wire,CP1194,velocity,0,0
AL002366,C48228,retail,11,GB,BR,23258.22,ach,CP3627,dormant_reactivation,0,0
AL002367,C31774,retail,22,US,JP,10000.0,wire,CP5140,round_amount,3,0
AL002368,C20908,business,16,SG,GB,5709.4,card,CP3814,pep_match,1,0
AL002369,C68876,retail,0,AU,SY,11978.71,wire,CP1368,high_risk_geo,0,1
AL002370,C92474,retail,24,SG,CA,10000.0,ach,CP7480,round_amount,1,0
AL002371,C25050,retail,2,JP,CA,35526.85,wire,CP5973,dormant_reactivation,0,1
AL002372,C41539,retail,14,GB,GB,9311.28,wire,CP6279,structuring,0,1
AL002373,C69886,retail,8,DE,DE,13731.48,wire,CP6421,dormant_reactivation,2,0
AL002374,C38981,business,13,AU,GB,47843.76,wire,CP3031,pep_match,1,0
AL002375,C46496,retail,0,BR,SG,33867.85,wire,CP5140,dormant_reactivation,0,0
AL002376,C53422,retail,9,CA,FR,14286.16,wire,CP1450,high_risk_geo,0,0
AL002377,C26986,retail,16,CA,FR,9070.43,ach,CP5845,structuring,1,1
AL002378,C35577,retail,22,JP,NG,24286.47,ach,CP3001,high_risk_geo,1,0
AL002379,C81859,retail,1,JP,DE,8299.71,ach,CP4163,dormant_reactivation,5,0
AL002380,C32853,business,15,FR,FR,3051.85,ach,CP6568,dormant_reactivation,1,0
AL002381,C99892,private,10,ZA,CA,29394.96,ach,CP8133,sanctions_match,0,0
AL002382,C57021,business,7,GB,DE,245801.94,wire,CP9743,sanctions_match,1,1
AL002383,C38860,business,4,SG,AU,199918.53,card,CP7028,sanctions_match,0,1
AL002384,C68058,business,11,FR,JP,22585.63,wire,CP6262,high_risk_geo,1,0
AL002385,C53431,retail,0,CA,DE,22570.81,ach,CP8663,pep_match,0,0
AL002386,C84768,retail,11,FR,CA,249331.43,wire,CP8614,sanctions_match,1,0
AL002387,C59277,business,22,CA,NG,8197.56,cash,CP1995,structuring,0,0
AL002388,C39790,retail,18,FR,CA,9270.85,ach,CP1115,structuring,3,0
AL002389,C72805,retail,19,MX,CA,6018.23,wire,CP3074,dormant_reactivation,2,0
AL002390,C78032,retail,15,JP,US,42843.78,wire,CP6779,pep_match,0,0
AL002391,C85416,business,24,JP,AU,18039.22,ach,CP8658,high_risk_geo,2,0
AL002392,C95652,retail,19,US,SG,8887.21,wire,CP5869,structuring,1,0
AL002393,C32328,private,18,FR,SY,596.08,card,CP7980,velocity,0,0
AL002394,C14062,retail,3,JP,DE,3854.53,card,CP5245,velocity,8,0
AL002395,C89425,retail,23,DE,ZA,4776.28,ach,CP8031,velocity,2,0
AL002396,C72514,retail,17,BR,DE,24944.59,ach,CP9622,dormant_reactivation,8,1
AL002397,C71075,retail,20,MX,SG,47771.21,wire,CP8629,pep_match,8,0
AL002398,C29478,business,12,DE,US,31395.62,ach,CP4125,dormant_reactivation,0,0
AL002399,C15664,retail,17,JP,DE,8695.27,ach,CP4068,structuring,0,0
AL002400,C53386,retail,10,GB,NG,19750.88,wire,CP2947,pep_match,0,0
AL002401,C65558,retail,15,FR,US,8105.84,wire,CP6402,structuring,0,1
AL002402,C63880,business,4,JP,JP,22683.93,card,CP2860,dormant_reactivation,3,1
AL002403,C30986,retail,12,AU,SY,18150.47,wire,CP2765,pep_match,0,0
AL002404,C23548,retail,14,CA,TR,5000.0,card,CP3520,round_amount,0,0
AL002405,C10572,retail,11,DE,US,1961.71,wire,CP5205,velocity,1,0
AL002406,C73869,retail,0,JP,US,9923.26,wire,CP9829,structuring,0,0
AL002407,C44452,retail,23,DE,GB,50000.0,card,CP7734,round_amount,0,0
AL002408,C83768,retail,13,DE,AU,33102.33,card,CP1284,dormant_reactivation,0,0
AL002409,C14866,retail,14,GB,SG,4747.04,ach,CP8072,velocity,0,0
AL002410,C43141,retail,18,AE,AE,3407.17,wire,CP6068,velocity,0,0
AL002411,C99949,retail,6,SG,AE,10000.0,cash,CP4788,round_amount,1,0
AL002412,C54194,retail,3,CA,GB,23397.3,cash,CP4675,high_risk_geo,1,1
AL002413,C70725,retail,16,GB,AE,2971.53,ach,CP8282,pep_match,3,0
AL002414,C29043,private,5,US,JP,100000.0,ach,CP2018,round_amount,0,0
AL002415,C64930,retail,8,US,TR,100000.0,ach,CP6991,round_amount,3,0
AL002416,C44769,retail,20,FR,US,28479.84,card,CP8208,pep_match,2,0
AL002417,C80299,retail,15,JP,SG,8792.18,ach,CP5274,structuring,0,0
AL002418,C90585,retail,13,FR,SG,50000.0,cash,CP9420,round_amount,0,0
AL002419,C29218,retail,16,GB,GB,100000.0,wire,CP7570,round_amount,1,0
AL002420,C65606,retail,20,AU,SG,826.8,wire,CP1545,sanctions_match,0,0
AL002421,C71859,retail,12,AU,US,10222.99,ach,CP7024,pep_match,5,0
AL002422,C58900,retail,11,DE,TR,38135.25,wire,CP5424,pep_match,1,0
AL002423,C25532,retail,14,US,CA,16127.34,wire,CP8721,high_risk_geo,0,1
AL002424,C71773,retail,23,AU,CA,894.22,ach,CP5673,velocity,1,0
AL002425,C48492,retail,4,AU,VE,3673.45,ach,CP7754,velocity,0,0
AL002426,C13680,retail,17,CA,US,169233.25,wire,CP3893,sanctions_match,0,0
AL002427,C14295,retail,21,JP,SG,9302.51,card,CP2341,structuring,0,0
AL002428,C88531,retail,10,SG,SG,3259.69,ach,CP7918,velocity,1,0
AL002429,C43805,retail,21,BR,FR,38052.18,ach,CP3715,pep_match,0,0
AL002430,C22178,retail,21,FR,DE,25000.0,wire,CP4074,round_amount,2,0
AL002431,C89681,retail,24,ZA,SG,21302.69,cash,CP8328,pep_match,1,0
AL002432,C49476,retail,25,AU,US,26603.69,ach,CP1760,pep_match,2,0
AL002433,C54224,private,6,AU,CA,1400.71,ach,CP9246,velocity,0,0
AL002434,C33941,retail,17,US,SG,1364.39,wire,CP5234,velocity,1,0
AL002435,C77905,retail,1,GB,MM,7185.61,card,CP7093,high_risk_geo,0,0
AL002436,C31750,business,19,ZA,AU,17193.76,ach,CP2251,high_risk_geo,1,0
AL002437,C79713,retail,20,BR,DE,204774.2,ach,CP1136,sanctions_match,1,0
AL002438,C11134,business,21,GB,AU,816.57,ach,CP6487,velocity,3,0
AL002439,C28468,business,3,GB,ZA,44241.66,ach,CP2052,pep_match,2,0
AL002440,C86529,business,0,BR,SY,19576.88,wire,CP5061,high_risk_geo,0,0
AL002441,C70032,business,8,BR,FR,23827.1,cash,CP4000,dormant_reactivation,0,0
AL002442,C75987,retail,13,FR,GB,21643.6,wire,CP9494,high_risk_geo,0,0
AL002443,C19079,retail,24,SG,MX,1429.96,ach,CP4860,velocity,3,0
AL002444,C69464,retail,13,GB,DE,5000.0,ach,CP6453,round_amount,5,0
AL002445,C48614,retail,16,DE,DE,17056.21,wire,CP8840,high_risk_geo,2,0
AL002446,C41456,retail,4,JP,CA,2077.47,card,CP2017,velocity,0,0
AL002447,C14603,business,7,AE,JP,10046.46,wire,CP3151,high_risk_geo,0,1
AL002448,C74495,private,20,FR,US,9633.02,card,CP2104,structuring,0,0
AL002449,C27047,retail,25,GB,SG,43742.02,ach,CP2253,pep_match,2,0
AL002450,C51805,retail,12,SG,GB,23081.58,ach,CP5895,high_risk_geo,2,0
AL002451,C13764,retail,2,MX,AU,8574.47,ach,CP3707,structuring,2,0
AL002452,C51431,retail,13,GB,CA,9803.57,ach,CP5464,structuring,0,0
AL002453,C68852,retail,17,ZA,FR,8975.72,card,CP1589,structuring,8,0
AL002454,C31965,retail,2,CA,GB,30921.31,ach,CP4434,pep_match,3,0
AL002455,C61013,private,23,KP,RU,137295.76,wire,CP3231,high_risk_geo,2,0
AL002456,C76298,retail,7,JP,GB,14255.37,ach,CP8915,high_risk_geo,0,0
AL002457,C93007,retail,7,FR,CA,561.21,wire,CP6684,dormant_reactivation,0,0
AL002458,C69364,business,25,JP,JP,10000.0,wire,CP9187,round_amount,1,0
AL002459,C70592,retail,1,US,DE,2677.17,cash,CP4614,velocity,0,0
AL002460,C43367,private,9,TR,JP,46238.5,ach,CP1684,pep_match,3,0
AL002461,C85870,private,21,SY,FR,100000.0,ach,CP8370,round_amount,2,0
AL002462,C86517,business,2,MM,CA,104184.48,card,CP7903,sanctions_match,0,1
AL002463,C11331,retail,10,BR,BR,8955.54,card,CP5866,structuring,8,1
AL002464,C31369,business,19,FR,AU,10000.0,wire,CP5643,round_amount,1,0
AL002465,C44310,retail,7,SG,BR,3136.58,card,CP6124,sanctions_match,3,0
AL002466,C17753,retail,19,FR,BR,207.28,ach,CP2394,velocity,1,0
AL002467,C59272,retail,16,DE,TR,15233.04,ach,CP3355,high_risk_geo,0,0
AL002468,C12216,retail,1,AU,US,4460.91,ach,CP2916,velocity,8,0
AL002469,C77042,retail,14,SG,DE,2048.32,wire,CP8549,velocity,1,0
AL002470,C56327,retail,21,AU,AU,31125.55,ach,CP9104,dormant_reactivation,3,0
AL002471,C92777,retail,12,JP,IR,1654.84,ach,CP2359,velocity,1,0
AL002472,C96875,retail,22,JP,MX,140008.12,ach,CP7012,sanctions_match,3,0
AL002473,C22619,retail,12,BR,ZA,48830.54,wire,CP2099,dormant_reactivation,2,0
AL002474,C15290,retail,1,CA,JP,25000.0,cash,CP3220,round_amount,0,0
AL002475,C57497,retail,1,FR,US,19613.02,ach,CP4964,high_risk_geo,0,0
AL002476,C47953,retail,24,TR,FR,97.55,cash,CP1361,velocity,1,0
AL002477,C84472,retail,18,CA,AE,3606.23,ach,CP2001,velocity,0,0
AL002478,C63298,private,4,SG,MX,34505.72,card,CP1133,sanctions_match,0,0
AL002479,C75842,retail,7,AE,AE,9551.82,cash,CP7011,structuring,1,1
AL002480,C26832,retail,7,AU,SG,100000.0,ach,CP2900,round_amount,0,0
AL002481,C50018,private,2,GB,NG,10350.05,wire,CP1563,dormant_reactivation,0,0
AL002482,C85009,retail,5,US,CA,12596.92,ach,CP2764,high_risk_geo,2,0
AL002483,C37118,retail,23,AE,CA,11004.52,ach,CP2541,dormant_reactivation,5,0
AL002484,C19070,retail,22,AU,NG,50000.0,wire,CP8934,round_amount,0,0
AL002485,C13954,retail,9,TR,CA,7303.03,ach,CP2835,high_risk_geo,2,1
AL002486,C20041,retail,0,GB,DE,4765.79,wire,CP5195,velocity,0,0
AL002487,C70192,business,22,AU,SG,25000.0,cash,CP3490,round_amount,0,0
AL002488,C22166,retail,16,NG,AU,208894.39,ach,CP1898,sanctions_match,5,0
AL002489,C65643,retail,24,BR,IR,9463.73,ach,CP7536,structuring,0,1
AL002490,C42186,business,12,JP,FR,100000.0,card,CP3243,round_amount,5,0
AL002491,C74943,business,25,SG,SG,185676.27,ach,CP2076,sanctions_match,2,1
AL002492,C80060,retail,12,AU,GB,8453.16,card,CP9043,structuring,2,0
AL002493,C85729,retail,19,ZA,DE,22505.43,wire,CP9075,high_risk_geo,0,0
AL002494,C24754,retail,8,JP,NG,9302.11,ach,CP4466,structuring,0,0
AL002495,C83504,retail,13,AU,DE,2620.93,wire,CP4378,velocity,2,0
AL002496,C63896,retail,8,AU,NG,8118.36,wire,CP5183,structuring,0,0
AL002497,C74368,retail,3,AU,FR,13614.55,ach,CP2447,high_risk_geo,1,0
AL002498,C49571,retail,8,CA,JP,9059.44,ach,CP1079,structuring,0,0
AL002499,C59708,retail,22,FR,CA,2225.09,ach,CP2121,velocity,1,0
AL002500,C62385,retail,16,CA,AU,215007.04,card,CP1362,sanctions_match,0,0
AL002501,C43487,private,12,FR,JP,918.48,ach,CP4792,velocity,5,0
AL002502,C54297,retail,10,FR,TR,4392.56,ach,CP6802,velocity,1,0
AL002503,C29639,retail,4,US,US,4494.4,ach,CP4613,pep_match,0,0
AL002504,C37218,business,24,SG,NG,9312.12,ach,CP7399,structuring,1,0
AL002505,C43900,private,25,JP,AE,114968.82,ach,CP1481,high_risk_geo,0,0
AL002506,C12524,private,22,AE,JP,136127.15,wire,CP4941,sanctions_match,0,0
AL002507,C32638,retail,0,FR,DE,37326.16,ach,CP8979,pep_match,0,0
AL002508,C60750,business,9,JP,AE,4065.94,ach,CP8008,velocity,0,0
AL002509,C11016,retail,10,CA,MM,25000.0,card,CP1196,round_amount,0,0
AL002510,C96804,retail,9,NG,NG,3528.48,card,CP5662,pep_match,0,0
AL002511,C77421,retail,5,GB,CA,20583.11,wire,CP8969,pep_match,0,0
AL002512,C91652,private,3,NG,IR,111516.53,ach,CP5650,sanctions_match,5,1
AL002513,C84223,retail,24,AU,NG,12122.5,card,CP5943,dormant_reactivation,3,0
AL002514,C37953,retail,17,FR,DE,3582.48,cash,CP8919,velocity,2,0
AL002515,C28156,retail,6,SG,AU,24698.75,card,CP7792,dormant_reactivation,0,1
AL002516,C18486,business,23,SG,BR,207070.71,ach,CP9596,sanctions_match,1,0
AL002517,C64594,business,18,AE,FR,233123.81,card,CP2953,sanctions_match,0,1
AL002518,C57610,retail,24,MX,CA,249839.94,card,CP5971,sanctions_match,0,0
AL002519,C83343,retail,15,SG,JP,9399.29,ach,CP9119,dormant_reactivation,1,0
AL002520,C82735,retail,24,CA,JP,8177.95,card,CP1504,structuring,0,0
AL002521,C57262,retail,4,GB,US,13181.99,ach,CP4330,high_risk_geo,1,0
AL002522,C10152,retail,3,JP,AU,2042.43,card,CP1227,velocity,0,0
AL002523,C92773,retail,24,RU,US,5000.0,card,CP9390,round_amount,0,0
AL002524,C84794,private,24,AU,ZA,8159.64,ach,CP9435,structuring,2,0
AL002525,C63719,retail,21,GB,AU,25000.0,ach,CP6695,round_amount,2,0
AL002526,C98733,retail,15,FR,FR,17147.63,ach,CP5524,pep_match,0,0
AL002527,C50282,retail,25,GB,SG,10428.93,ach,CP6469,high_risk_geo,0,1
AL002528,C60979,private,6,AE,GB,100000.0,card,CP5189,round_amount,0,0
AL002529,C43804,retail,14,MX,TR,7822.14,card,CP1642,structuring,2,0
AL002530,C26402,private,15,CA,JP,9217.58,wire,CP6613,structuring,0,0
AL002531,C37376,private,24,US,JP,41946.51,wire,CP4180,pep_match,1,0
AL002532,C78109,retail,24,DE,KP,8966.81,ach,CP4782,structuring,0,0
AL002533,C71805,retail,7,TR,GB,8538.07,ach,CP1871,structuring,0,0
AL002534,C35046,retail,0,FR,DE,4681.25,wire,CP4821,velocity,1,0
AL002535,C94629,business,2,CA,DE,10618.62,ach,CP8976,high_risk_geo,2,0
AL002536,C98805,business,20,US,DE,5000.0,ach,CP2862,round_amount,2,0
AL002537,C28884,retail,23,AU,AU,1879.17,cash,CP2570,velocity,0,0
AL002538,C69022,retail,4,DE,GB,25000.0,wire,CP4247,round_amount,0,0
AL002539,C84994,retail,17,VE,JP,9083.56,cash,CP1622,high_risk_geo,0,0
AL002540,C41198,retail,22,SG,NG,25990.5,wire,CP3703,dormant_reactivation,0,0
AL002541,C67135,retail,10,AU,MX,4218.72,ach,CP8117,pep_match,0,1
AL002542,C49038,business,13,AU,US,50000.0,wire,CP9714,round_amount,0,0
AL002543,C59955,retail,4,JP,CA,248.29,ach,CP3767,dormant_reactivation,0,0
AL002544,C90620,retail,19,AU,SG,1069.2,ach,CP6518,velocity,0,0
AL002545,C58234,business,24,DE,JP,3949.98,wire,CP4250,velocity,0,0
AL002546,C71307,retail,23,SG,US,9416.94,wire,CP4342,structuring,1,0
AL002547,C36804,retail,5,GB,AU,39777.53,wire,CP5670,dormant_reactivation,1,0
AL002548,C11360,business,3,DE,CA,50000.0,wire,CP5953,round_amount,0,0
AL002549,C83088,retail,24,US,DE,37345.06,ach,CP4239,pep_match,0,0
AL002550,C88573,retail,19,JP,FR,121343.79,ach,CP4241,sanctions_match,0,0
AL002551,C74335,retail,0,MX,NG,33160.42,ach,CP5045,dormant_reactivation,1,0
AL002552,C17465,private,14,FR,SG,10827.72,card,CP6334,pep_match,0,0
AL002553,C49707,retail,6,AE,AU,25000.0,card,CP8362,round_amount,0,0
AL002554,C91129,retail,12,DE,SY,9585.48,ach,CP4511,structuring,1,0
AL002555,C61548,retail,21,JP,DE,128120.25,ach,CP3709,sanctions_match,1,0
AL002556,C60970,retail,3,DE,AU,11599.53,card,CP1527,high_risk_geo,0,0
AL002557,C49276,business,12,CA,US,8522.96,ach,CP1960,structuring,1,0
AL002558,C34413,retail,2,SG,AU,45717.51,wire,CP3906,dormant_reactivation,1,0
AL002559,C19192,retail,22,DE,AU,15787.88,ach,CP1727,dormant_reactivation,2,0
AL002560,C62572,retail,22,AE,DE,8274.52,wire,CP1020,structuring,0,0
AL002561,C77981,retail,15,JP,US,43157.82,wire,CP1189,pep_match,0,0
AL002562,C83260,retail,2,AE,FR,17820.28,ach,CP1897,pep_match,5,0
AL002563,C54045,retail,1,AE,CA,9800.23,ach,CP2979,structuring,1,0
AL002564,C20066,retail,25,DE,ZA,100000.0,ach,CP8913,round_amount,0,0
AL002565,C57925,retail,17,FR,GB,22013.8,cash,CP1282,high_risk_geo,2,0
AL002566,C46627,retail,2,AE,CA,9908.62,wire,CP6783,structuring,2,0
AL002567,C78439,retail,15,FR,US,10817.23,card,CP6714,pep_match,0,0
AL002568,C27210,retail,5,FR,AU,5000.0,wire,CP1537,round_amount,3,0
AL002569,C66573,retail,3,BR,JP,107616.89,ach,CP1787,sanctions_match,0,1
AL002570,C90554,business,7,CA,NG,6761.63,ach,CP4631,dormant_reactivation,1,0
AL002571,C47288,retail,4,JP,SG,19412.87,wire,CP6584,high_risk_geo,0,0
AL002572,C47775,retail,17,CA,ZA,19467.77,wire,CP6886,dormant_reactivation,2,1
AL002573,C23529,retail,12,CA,US,11014.19,ach,CP1218,pep_match,0,0
AL002574,C82326,retail,8,AU,ZA,3953.76,ach,CP4868,dormant_reactivation,3,1
AL002575,C75732,retail,23,FR,JP,205146.62,wire,CP1569,sanctions_match,1,0
AL002576,C55663,retail,20,SG,AU,100000.0,ach,CP1665,round_amount,1,0
AL002577,C95267,retail,14,FR,GB,31009.41,wire,CP8259,dormant_reactivation,1,0
AL002578,C35591,business,19,DE,FR,50000.0,cash,CP1735,round_amount,1,0
AL002579,C11877,retail,16,MX,AU,117618.6,wire,CP3207,sanctions_match,1,0
AL002580,C80797,business,4,BR,SG,5000.0,wire,CP7537,round_amount,0,0
AL002581,C98489,retail,20,FR,GB,4049.17,ach,CP7767,velocity,0,0
AL002582,C57700,retail,1,AU,GB,24982.31,ach,CP9146,pep_match,1,0
AL002583,C14436,business,23,GB,FR,9904.64,ach,CP1011,structuring,0,0
AL002584,C29686,retail,1,FR,CA,10000.0,wire,CP1135,round_amount,5,0
AL002585,C90297,retail,13,TR,CA,9374.59,ach,CP4767,structuring,0,1
AL002586,C43835,retail,18,GB,CA,151330.62,card,CP4706,sanctions_match,3,0
AL002587,C73632,private,17,MX,MM,3940.22,card,CP9388,pep_match,2,0
AL002588,C29475,retail,9,DE,SG,24189.33,cash,CP2583,pep_match,0,1
AL002589,C75830,business,23,GB,DE,100000.0,card,CP2786,round_amount,2,0
AL002590,C90812,retail,14,NG,GB,15674.47,card,CP8130,pep_match,0,0
AL002591,C49388,business,13,JP,SG,3892.69,card,CP9229,velocity,2,0
AL002592,C52195,retail,5,DE,SG,31398.02,ach,CP4319,pep_match,0,0
AL002593,C57909,retail,7,SG,NG,20144.54,ach,CP4774,high_risk_geo,0,0
AL002594,C79766,retail,12,SG,FR,50000.0,ach,CP3105,round_amount,0,0
AL002595,C99655,retail,10,MX,SG,180878.25,wire,CP4524,sanctions_match,1,1
AL002596,C14517,private,3,JP,AE,3896.82,cash,CP8876,velocity,0,0
AL002597,C47507,business,12,CA,FR,7808.31,card,CP6824,structuring,0,1
AL002598,C90259,retail,2,AU,MX,23175.77,wire,CP8845,dormant_reactivation,0,0
AL002599,C71263,retail,13,JP,DE,3938.18,card,CP1466,velocity,0,0
AL002600,C56654,retail,23,DE,FR,8444.94,ach,CP7772,structuring,0,0
AL002601,C25152,retail,25,CA,BR,13069.42,card,CP7002,high_risk_geo,8,0
AL002602,C37611,retail,1,FR,AU,8927.78,ach,CP4512,structuring,0,0
AL002603,C99884,retail,9,DE,MX,2805.9,card,CP2927,velocity,0,0
AL002604,C38990,business,0,DE,SG,2326.17,cash,CP7597,velocity,0,0
AL002605,C82040,retail,5,MX,US,48355.56,ach,CP3533,dormant_reactivation,1,0
AL002606,C80409,retail,16,NG,GB,145466.6,card,CP3703,sanctions_match,2,0
AL002607,C57205,retail,0,SG,FR,39564.11,ach,CP8059,dormant_reactivation,0,0
AL002608,C22386,retail,11,US,BR,48337.79,wire,CP3977,dormant_reactivation,0,0
AL002609,C78269,retail,17,FR,JP,21227.45,wire,CP6067,high_risk_geo,3,1
AL002610,C21579,business,14,JP,FR,8059.19,card,CP8763,structuring,1,0
AL002611,C55824,private,23,DE,MX,47494.59,wire,CP6921,dormant_reactivation,1,0
AL002612,C23684,private,24,NG,ZA,876.25,ach,CP4417,velocity,0,0
AL002613,C84443,private,15,AU,SG,8870.61,ach,CP4434,structuring,0,0
AL002614,C82797,retail,11,CA,FR,121638.81,card,CP1384,sanctions_match,0,0
AL002615,C63220,business,21,FR,SG,6687.81,wire,CP2883,pep_match,1,0
AL002616,C36058,retail,9,CA,DE,7125.24,ach,CP7761,high_risk_geo,5,0
AL002617,C22746,business,16,GB,FR,17074.18,wire,CP7299,high_risk_geo,2,0
AL002618,C21739,private,21,SY,NG,53709.63,card,CP6613,high_risk_geo,8,0
AL002619,C61695,business,1,US,AU,10000.0,ach,CP2936,round_amount,0,0
AL002620,C84174,retail,25,DE,AU,1157.42,wire,CP8189,velocity,0,0
AL002621,C35620,business,21,MX,SG,166310.98,cash,CP3571,sanctions_match,0,0
AL002622,C91965,private,21,US,JP,3405.25,wire,CP3996,velocity,5,0
AL002623,C93997,private,22,IR,ZA,100000.0,ach,CP7882,round_amount,0,0
AL002624,C87484,private,15,JP,BR,9862.46,ach,CP5806,structuring,8,0
AL002625,C61853,business,6,TR,RU,1394.13,ach,CP9073,velocity,0,0
AL002626,C86463,retail,12,MX,FR,16871.98,ach,CP5343,dormant_reactivation,1,0
AL002627,C93692,business,20,JP,DE,4275.66,card,CP3125,velocity,2,1
AL002628,C62214,retail,23,DE,GB,17949.07,ach,CP6158,high_risk_geo,0,0
AL002629,C73181,business,1,FR,US,8765.63,card,CP9601,structuring,0,0
AL002630,C88752,retail,3,DE,JP,100000.0,wire,CP7222,round_amount,1,0
AL002631,C46023,retail,1,US,FR,39084.0,ach,CP2431,pep_match,0,0
AL002632,C77702,retail,4,AU,FR,1659.84,wire,CP4775,pep_match,2,0
AL002633,C61654,business,22,AU,FR,50000.0,wire,CP8075,round_amount,0,0
AL002634,C17036,private,10,GB,KP,39232.76,ach,CP5647,pep_match,0,0
AL002635,C52978,business,21,CA,SG,5000.0,ach,CP2883,round_amount,0,0
AL002636,C12847,retail,6,SY,SG,100000.0,ach,CP7997,round_amount,0,0
AL002637,C55080,retail,10,JP,JP,3543.78,ach,CP4005,velocity,1,1
AL002638,C93428,retail,1,SG,AU,26487.3,ach,CP9876,pep_match,2,0
AL002639,C74485,retail,3,GB,DE,20076.52,wire,CP8564,dormant_reactivation,0,0
AL002640,C75607,retail,15,FR,AE,36873.68,wire,CP8305,dormant_reactivation,3,0
AL002641,C94040,retail,25,ZA,US,100000.0,wire,CP6953,round_amount,0,0
AL002642,C67850,retail,21,AU,SG,241421.67,ach,CP9698,sanctions_match,2,0
AL002643,C53065,private,13,DE,TR,2611.85,cash,CP5665,velocity,0,0
AL002644,C69203,retail,6,FR,ZA,8849.47,ach,CP9291,structuring,1,1
AL002645,C91811,retail,16,AU,MX,9419.19,wire,CP9234,structuring,0,0
AL002646,C36201,business,18,MX,ZA,18179.78,card,CP4050,high_risk_geo,8,0
AL002647,C37095,business,23,JP,JP,8727.08,ach,CP1618,structuring,0,0
AL002648,C62369,business,7,AU,DE,239868.99,card,CP6777,sanctions_match,0,0
AL002649,C70674,retail,25,DE,CA,17790.34,card,CP4415,pep_match,2,0
AL002650,C48300,business,10,GB,NG,12145.65,wire,CP3097,high_risk_geo,5,1
AL002651,C14264,retail,3,GB,AU,7526.3,card,CP4891,high_risk_geo,0,0
AL002652,C88643,business,24,JP,FR,22524.72,card,CP8324,dormant_reactivation,0,0
AL002653,C80226,business,11,GB,JP,34059.47,wire,CP3569,dormant_reactivation,2,0
AL002654,C34204,retail,3,TR,GB,25000.0,card,CP6936,round_amount,1,0
AL002655,C65472,retail,16,AU,CA,4531.06,ach,CP6379,velocity,0,0
AL002656,C25090,business,9,SG,JP,206227.01,cash,CP6330,sanctions_match,0,0
AL002657,C64129,private,0,GB,MX,25000.0,wire,CP6916,round_amount,3,0
AL002658,C29994,retail,22,DE,JP,15215.59,card,CP8317,high_risk_geo,0,0
AL002659,C25397,retail,5,SG,SG,24933.31,ach,CP3067,dormant_reactivation,0,0
AL002660,C47358,retail,15,FR,DE,100000.0,ach,CP6422,round_amount,0,0
AL002661,C23831,business,23,FR,FR,18759.78,ach,CP8149,high_risk_geo,3,0
AL002662,C69035,retail,0,JP,SG,38932.48,ach,CP8060,sanctions_match,0,0
AL002663,C62075,retail,4,US,CA,7912.26,cash,CP6905,pep_match,0,0
AL002664,C17324,retail,20,FR,AE,31455.23,wire,CP6553,dormant_reactivation,0,0
AL002665,C26125,retail,13,DE,JP,3131.31,ach,CP7946,velocity,2,0
AL002666,C76712,business,24,NG,JP,48510.41,ach,CP1884,pep_match,1,0
AL002667,C48496,retail,24,JP,FR,37242.14,wire,CP4291,pep_match,0,0
AL002668,C61245,retail,18,JP,JP,8102.04,ach,CP7286,pep_match,1,0
AL002669,C81607,business,16,DE,NG,21127.65,ach,CP6738,dormant_reactivation,5,0
AL002670,C36818,retail,3,CA,JP,38171.09,wire,CP3837,pep_match,0,0
AL002671,C75506,retail,18,US,DE,33957.72,wire,CP1697,dormant_reactivation,0,0
AL002672,C37689,retail,17,DE,SG,8391.19,ach,CP9654,high_risk_geo,5,0
AL002673,C27709,retail,8,BR,AU,22749.73,ach,CP1129,pep_match,1,0
AL002674,C64136,retail,4,CA,GB,38343.06,ach,CP6029,dormant_reactivation,0,0
AL002675,C67978,retail,13,SG,DE,34274.36,wire,CP6361,pep_match,0,0
AL002676,C50102,retail,14,SG,FR,3066.45,wire,CP5214,velocity,0,0
AL002677,C11341,retail,6,JP,JP,4050.03,ach,CP3500,velocity,1,0
AL002678,C78073,retail,12,US,ZA,18876.56,cash,CP2046,pep_match,1,0
AL002679,C94620,business,20,GB,ZA,39575.4,wire,CP3234,pep_match,2,0
AL002680,C60699,retail,24,GB,US,8824.29,wire,CP2053,structuring,1,0
AL002681,C86561,retail,25,FR,JP,100000.0,wire,CP7308,round_amount,3,0
AL002682,C70342,retail,11,MX,SG,20089.85,card,CP9231,dormant_reactivation,3,0
AL002683,C65620,retail,23,US,MX,212507.53,wire,CP5278,sanctions_match,0,0
AL002684,C56547,retail,8,MX,AU,8162.68,wire,CP4160,structuring,0,0
AL002685,C23074,business,8,GB,FR,7992.24,ach,CP7040,structuring,0,0
AL002686,C63588,retail,0,CA,CA,24420.23,ach,CP7128,high_risk_geo,3,0
AL002687,C34353,retail,6,JP,ZA,295.83,wire,CP9203,velocity,0,0
AL002688,C26889,business,1,AU,DE,9670.72,ach,CP4394,structuring,1,0
AL002689,C79303,retail,4,AU,CA,41209.0,wire,CP5378,dormant_reactivation,0,0
AL002690,C27393,retail,0,NG,FR,21637.67,ach,CP8750,high_risk_geo,1,0
AL002691,C10817,retail,6,AU,CA,14638.6,ach,CP8929,pep_match,8,1
AL002692,C82058,retail,4,NG,DE,107312.62,wire,CP8467,sanctions_match,2,1
AL002693,C20837,retail,1,TR,AE,4991.8,wire,CP3068,velocity,2,0
AL002694,C21330,retail,7,CA,AU,25000.0,ach,CP7780,round_amount,0,0
AL002695,C17096,business,14,US,GB,2295.76,ach,CP4964,velocity,0,0
AL002696,C99808,retail,11,NG,SG,15841.46,wire,CP8153,dormant_reactivation,3,0
AL002697,C69459,retail,2,US,CA,3735.7,wire,CP4319,pep_match,1,0
AL002698,C58572,business,0,SY,DE,21069.26,cash,CP5466,high_risk_geo,3,0
AL002699,C24191,retail,9,JP,BR,2391.75,wire,CP9650,velocity,0,0
AL002700,C24466,retail,21,GB,FR,100000.0,cash,CP1402,round_amount,1,0
AL002701,C16540,retail,24,CA,NG,81086.96,ach,CP4626,sanctions_match,0,0
AL002702,C58274,retail,15,JP,DE,10000.0,cash,CP5958,round_amount,0,0
AL002703,C94772,retail,14,US,FR,101702.3,card,CP3403,sanctions_match,0,1
AL002704,C99123,retail,5,FR,CA,9360.02,cash,CP4669,pep_match,3,0
AL002705,C79361,business,17,NG,NG,5000.0,ach,CP2776,round_amount,2,0
AL002706,C19068,retail,7,JP,CA,10000.0,card,CP1937,round_amount,2,0
AL002707,C75479,retail,12,CA,DE,9371.27,wire,CP1457,structuring,1,0
AL002708,C56523,retail,9,FR,US,25000.0,cash,CP3445,round_amount,2,0
AL002709,C10879,business,12,DE,MX,5000.0,ach,CP5275,round_amount,2,0
AL002710,C96722,retail,14,BR,JP,10000.0,ach,CP3623,round_amount,1,0
AL002711,C89477,retail,23,AU,CA,140497.69,ach,CP4609,sanctions_match,2,1
AL002712,C75482,retail,6,CA,US,27876.21,ach,CP7655,pep_match,0,0
AL002713,C21092,retail,15,JP,NG,34577.68,ach,CP5547,dormant_reactivation,2,0
AL002714,C62590,retail,23,AU,CA,141010.45,ach,CP6012,sanctions_match,1,0
AL002715,C31920,retail,3,BR,JP,12240.34,ach,CP3446,high_risk_geo,1,0
AL002716,C96887,retail,18,AE,SY,10000.0,card,CP8529,round_amount,1,0
AL002717,C78805,private,23,NG,MX,12652.62,ach,CP7816,sanctions_match,0,1
AL002718,C89588,retail,9,CA,CA,50000.0,wire,CP4911,round_amount,0,0
AL002719,C87365,retail,12,VE,JP,27593.29,wire,CP8695,dormant_reactivation,0,0
AL002720,C26133,private,13,GB,AE,90029.38,ach,CP3436,high_risk_geo,3,0
AL002721,C82759,retail,2,CA,DE,8609.34,ach,CP8837,structuring,0,0
AL002722,C16981,retail,13,AU,SG,1199.11,ach,CP3224,velocity,0,0
AL002723,C48061,retail,21,SG,CA,46980.99,wire,CP7035,sanctions_match,1,0
AL002724,C11058,retail,13,GB,TR,9420.57,ach,CP5002,high_risk_geo,0,0
AL002725,C83733,retail,23,SG,US,1662.0,ach,CP2292,velocity,1,0
AL002726,C53309,retail,22,GB,DE,3221.66,wire,CP9109,velocity,0,0
AL002727,C87532,retail,25,TR,BR,7909.86,wire,CP7113,structuring,0,1
AL002728,C10624,retail,25,AU,FR,8236.83,wire,CP9533,structuring,0,0
AL002729,C17922,retail,8,AU,FR,9495.08,ach,CP2105,structuring,3,0
AL002730,C10183,retail,4,SG,SG,3130.06,ach,CP2749,velocity,2,0
AL002731,C68759,business,18,AU,CA,9901.05,cash,CP6258,structuring,2,0
AL002732,C94282,retail,11,CA,JP,25074.33,card,CP2515,dormant_reactivation,0,0
AL002733,C31321,business,10,MX,NG,8641.72,ach,CP1053,structuring,3,1
AL002734,C47288,business,21,TR,FR,19591.43,cash,CP1064,pep_match,0,0
AL002735,C54632,retail,25,BR,FR,8404.87,ach,CP5246,structuring,0,0
AL002736,C56854,retail,18,US,DE,15509.79,card,CP2775,high_risk_geo,0,0
AL002737,C54296,retail,20,CA,CA,9030.59,card,CP7543,dormant_reactivation,0,0
AL002738,C35828,retail,6,JP,CA,19638.64,card,CP8122,high_risk_geo,0,0
AL002739,C51876,retail,22,US,JP,21002.48,wire,CP2909,high_risk_geo,3,0
AL002740,C32306,retail,9,JP,GB,6190.89,ach,CP2403,high_risk_geo,1,0
AL002741,C47256,business,3,NG,FR,9049.24,card,CP1112,structuring,0,0
AL002742,C30163,private,5,JP,BR,166216.18,ach,CP1093,high_risk_geo,0,0
AL002743,C50268,business,16,NG,SG,4455.65,wire,CP8140,velocity,1,0
AL002744,C42413,retail,25,AU,FR,6482.06,ach,CP7317,high_risk_geo,0,0
AL002745,C29599,retail,10,CA,MX,3484.55,ach,CP2862,velocity,8,0
AL002746,C79942,retail,12,CA,US,11292.91,wire,CP3798,high_risk_geo,0,0
AL002747,C61519,business,8,GB,US,6444.14,card,CP8808,dormant_reactivation,3,0
AL002748,C80372,business,8,GB,GB,1272.14,card,CP7945,velocity,2,0
AL002749,C96653,retail,20,SG,US,3875.15,ach,CP9769,velocity,1,0
AL002750,C27575,retail,15,AU,SG,306.45,ach,CP2229,velocity,3,0
AL002751,C19573,retail,25,GB,US,60654.94,wire,CP1305,sanctions_match,0,0
AL002752,C66657,retail,11,ZA,SG,8421.21,ach,CP6674,structuring,5,1
AL002753,C82208,retail,22,DE,SG,21833.22,cash,CP6227,pep_match,2,0
AL002754,C97899,retail,20,CA,TR,46409.7,ach,CP3726,pep_match,3,0
AL002755,C69848,private,7,AU,SG,45946.98,wire,CP4784,dormant_reactivation,1,0
AL002756,C95301,retail,5,JP,CA,4216.05,ach,CP4132,pep_match,1,0
AL002757,C59146,retail,0,SG,JP,203866.4,card,CP1100,sanctions_match,8,0
AL002758,C59530,private,25,MX,NG,171884.33,cash,CP9266,high_risk_geo,0,0
AL002759,C43712,retail,11,TR,DE,23687.28,card,CP5578,high_risk_geo,3,1
AL002760,C52913,private,6,GB,JP,116562.18,wire,CP2102,high_risk_geo,2,0
AL002761,C75258,retail,0,AU,JP,230219.38,cash,CP6056,sanctions_match,3,0
AL002762,C74387,retail,0,AU,JP,30349.23,card,CP4888,dormant_reactivation,0,0
AL002763,C15182,retail,25,TR,FR,8719.38,cash,CP4255,structuring,2,0
AL002764,C95700,business,16,TR,CA,8929.94,ach,CP4769,structuring,3,0
AL002765,C86197,retail,14,NG,JP,9889.74,wire,CP7932,structuring,3,0
AL002766,C80128,retail,3,TR,FR,21825.25,wire,CP9255,high_risk_geo,8,0
AL002767,C13506,retail,21,IR,NG,16849.6,card,CP4848,pep_match,3,0
AL002768,C26906,business,1,US,AU,2758.35,ach,CP2109,velocity,0,0
AL002769,C93153,retail,13,FR,CA,5000.0,wire,CP8710,round_amount,0,0
AL002770,C26824,retail,0,DE,CA,2860.97,ach,CP1337,velocity,2,0
AL002771,C12727,retail,2,SG,DE,1561.91,wire,CP5820,velocity,0,0
AL002772,C49775,business,23,US,CA,8067.09,ach,CP3181,structuring,0,0
AL002773,C96105,retail,22,GB,GB,11754.67,card,CP2394,dormant_reactivation,0,0
AL002774,C67403,retail,13,CA,SG,27775.55,card,CP7079,dormant_reactivation,0,0
AL002775,C69830,business,18,SG,CA,9529.74,ach,CP3633,structuring,0,0
AL002776,C21074,retail,13,DE,JP,146938.71,ach,CP8475,sanctions_match,1,0
AL002777,C42502,business,23,CA,US,100000.0,ach,CP2752,round_amount,2,0
AL002778,C28377,retail,7,JP,DE,7120.86,card,CP1540,high_risk_geo,1,0
AL002779,C63815,retail,8,FR,DE,8654.01,wire,CP4733,high_risk_geo,1,1
AL002780,C96078,retail,6,BR,US,23519.39,ach,CP5572,dormant_reactivation,2,0
AL002781,C14720,retail,9,JP,JP,16961.47,wire,CP8375,dormant_reactivation,0,0
AL002782,C87046,private,16,MM,BR,50000.0,ach,CP3699,round_amount,0,0
AL002783,C11199,retail,4,TR,IR,46264.48,cash,CP5542,pep_match,0,0
AL002784,C74458,retail,14,FR,CA,195681.64,wire,CP9805,sanctions_match,0,0
AL002785,C43700,retail,2,MX,US,49281.44,ach,CP5479,dormant_reactivation,0,0
AL002786,C12054,retail,2,FR,SG,174078.18,ach,CP2924,sanctions_match,0,1
AL002787,C13820,retail,9,US,GB,2343.06,wire,CP8595,velocity,0,0
AL002788,C93766,retail,1,AU,SG,44628.68,ach,CP1934,dormant_reactivation,2,0
AL002789,C44225,retail,18,ZA,RU,100000.0,ach,CP7618,round_amount,1,0
AL002790,C47802,business,16,SG,CA,232308.27,ach,CP5015,sanctions_match,0,0
AL002791,C87945,retail,5,FR,NG,25000.0,wire,CP2321,round_amount,2,0
AL002792,C99473,business,11,US,DE,23122.65,wire,CP8684,pep_match,2,0
AL002793,C54113,retail,6,MM,AU,8490.29,card,CP5224,structuring,1,1
AL002794,C36725,retail,12,US,US,5000.0,ach,CP1864,round_amount,0,0
AL002795,C42026,private,14,GB,FR,861.55,card,CP6988,velocity,2,0
AL002796,C91418,business,10,GB,AU,31361.54,ach,CP6096,sanctions_match,5,0
AL002797,C30214,retail,10,CA,JP,1087.79,cash,CP7577,velocity,8,0
AL002798,C33982,retail,9,JP,CA,4265.0,ach,CP4137,velocity,2,0
AL002799,C94520,retail,20,JP,JP,6119.27,wire,CP3808,high_risk_geo,1,0
AL002800,C92634,retail,2,US,BR,275.58,ach,CP8390,velocity,1,0
AL002801,C45844,business,15,FR,MX,8414.29,cash,CP7398,structuring,0,0
AL002802,C27788,retail,17,US,FR,2832.91,ach,CP7392,pep_match,0,0
AL002803,C95404,retail,17,SG,JP,10553.06,ach,CP5755,pep_match,0,0
AL002804,C56429,retail,8,CA,US,12857.35,ach,CP4245,pep_match,2,0
AL002805,C62053,retail,14,AU,DE,9644.87,cash,CP3229,structuring,0,0
AL002806,C95076,retail,4,AE,FR,8072.38,ach,CP4786,structuring,0,0
AL002807,C41823,private,4,VE,FR,4692.26,ach,CP8002,velocity,1,0
AL002808,C56444,retail,19,ZA,ZA,25000.0,ach,CP6800,round_amount,2,0
AL002809,C28838,business,23,CA,DE,5637.89,cash,CP8199,dormant_reactivation,0,0
AL002810,C97249,private,6,GB,MM,4516.06,wire,CP3119,velocity,1,0
AL002811,C61044,retail,8,AU,MX,1713.88,ach,CP6510,dormant_reactivation,5,0
AL002812,C27204,retail,0,GB,DE,6589.1,wire,CP9714,high_risk_geo,0,0
AL002813,C27672,private,16,SG,MX,31894.26,ach,CP8247,dormant_reactivation,0,0
AL002814,C40046,private,6,RU,FR,8251.75,wire,CP8484,structuring,1,0
AL002815,C11562,retail,11,SG,DE,13364.61,cash,CP3260,high_risk_geo,0,0
AL002816,C84612,retail,12,GB,DE,31406.69,card,CP7269,dormant_reactivation,1,0
AL002817,C10563,business,0,MX,SG,90617.45,ach,CP4187,sanctions_match,0,0
AL002818,C39849,retail,14,US,JP,119339.23,wire,CP2727,sanctions_match,0,0
AL002819,C69489,business,24,DE,MX,185648.17,ach,CP7113,sanctions_match,0,1
AL002820,C32652,retail,1,NG,GB,100000.0,cash,CP1450,round_amount,0,0
AL002821,C94302,retail,5,CA,AE,16686.86,cash,CP6297,high_risk_geo,0,0
AL002822,C70890,retail,19,GB,CA,16527.06,ach,CP6747,pep_match,2,0
AL002823,C10396,retail,25,US,DE,204853.31,ach,CP5636,sanctions_match,0,0
AL002824,C65469,business,16,US,FR,236730.81,card,CP9087,sanctions_match,0,0
AL002825,C91082,retail,10,SG,JP,147131.4,ach,CP8171,sanctions_match,0,1
AL002826,C26363,retail,3,AU,AU,8775.24,ach,CP5719,structuring,5,0
AL002827,C43980,private,1,FR,TR,27761.43,cash,CP7575,dormant_reactivation,0,0
AL002828,C59500,retail,9,AU,DE,3043.63,wire,CP8358,velocity,1,0
AL002829,C61811,retail,24,AU,JP,11293.31,wire,CP8155,high_risk_geo,0,1
AL002830,C51553,retail,17,AU,CA,13951.99,wire,CP4549,high_risk_geo,1,0
AL002831,C29296,retail,21,GB,DE,5653.83,cash,CP5238,pep_match,0,0
AL002832,C55162,business,18,RU,FR,5000.0,wire,CP2118,round_amount,0,0
AL002833,C38911,business,24,MX,GB,100000.0,wire,CP3605,round_amount,0,0
AL002834,C42658,retail,2,JP,CA,8597.61,card,CP1079,structuring,8,1
AL002835,C60903,retail,9,SG,JP,29431.49,ach,CP7236,pep_match,0,0
AL002836,C36940,retail,1,US,MX,100000.0,wire,CP1505,round_amount,1,0
AL002837,C66843,retail,18,AE,TR,31916.25,ach,CP9783,pep_match,0,0
AL002838,C15702,retail,23,ZA,RU,36062.34,ach,CP7982,pep_match,5,0
AL002839,C87496,retail,1,AU,FR,12132.75,card,CP2299,pep_match,0,0
AL002840,C60014,private,20,MX,SY,8648.67,ach,CP4905,structuring,1,0
AL002841,C43418,retail,0,AU,CA,4465.57,cash,CP7138,velocity,2,0
AL002842,C57388,business,5,CA,FR,27052.85,ach,CP4831,pep_match,0,0
AL002843,C38678,retail,5,SG,DE,13060.3,ach,CP9587,dormant_reactivation,0,0
AL002844,C10880,business,4,TR,US,115525.98,card,CP5742,sanctions_match,0,0
AL002845,C97392,private,11,SY,SY,50000.0,card,CP5356,round_amount,0,0
AL002846,C22940,retail,7,NG,AU,74526.87,ach,CP7584,sanctions_match,1,0
AL002847,C66757,retail,11,JP,AU,50000.0,cash,CP7305,round_amount,0,0
AL002848,C67119,retail,20,AU,JP,7818.44,ach,CP6092,structuring,3,1
AL002849,C83179,retail,16,GB,JP,72235.77,ach,CP9212,sanctions_match,0,1
AL002850,C15320,retail,17,JP,FR,8164.88,ach,CP7785,structuring,1,0
AL002851,C72777,business,1,SG,DE,26404.09,cash,CP3288,dormant_reactivation,0,0
AL002852,C81301,retail,1,BR,US,8155.28,card,CP4111,structuring,0,1
AL002853,C62492,business,8,TR,US,27569.31,wire,CP6794,sanctions_match,2,0
AL002854,C19806,retail,12,JP,JP,710.48,wire,CP5529,velocity,0,0
AL002855,C75755,retail,17,FR,DE,410.65,ach,CP8475,velocity,1,0
AL002856,C81120,private,21,DE,AU,100000.0,ach,CP6822,round_amount,3,0
AL002857,C16017,private,21,BR,AE,100000.0,card,CP3009,round_amount,0,0
AL002858,C32035,retail,20,CA,AU,8377.58,ach,CP4210,structuring,1,0
AL002859,C66899,retail,18,ZA,AU,22200.12,card,CP8887,high_risk_geo,0,0
AL002860,C17618,retail,2,AE,US,9234.4,card,CP6125,structuring,2,0
AL002861,C57884,business,4,GB,TR,24102.15,ach,CP2232,high_risk_geo,0,0
AL002862,C29726,retail,13,JP,AU,9609.51,card,CP1584,structuring,1,0
AL002863,C27232,retail,4,AU,DE,9242.75,ach,CP7279,high_risk_geo,0,0
AL002864,C47200,retail,19,CA,AE,7917.5,ach,CP2073,structuring,0,0
AL002865,C11898,retail,15,AE,FR,10950.52,cash,CP4479,high_risk_geo,0,0
AL002866,C13152,private,25,GB,SG,35358.61,wire,CP1197,sanctions_match,0,1
AL002867,C94288,retail,15,GB,JP,34535.09,card,CP4614,dormant_reactivation,0,0
AL002868,C50630,retail,7,FR,CA,10000.0,ach,CP2748,round_amount,0,0
AL002869,C85641,retail,18,TR,BR,5000.0,ach,CP3089,round_amount,1,0
AL002870,C39174,retail,8,US,AE,341.4,ach,CP5088,velocity,0,0
AL002871,C84051,retail,6,SG,JP,8618.71,wire,CP2144,high_risk_geo,0,0
AL002872,C57530,business,19,US,CA,30105.61,wire,CP6161,dormant_reactivation,0,0
AL002873,C61327,retail,5,MX,AE,37021.89,ach,CP6328,pep_match,1,1
AL002874,C31019,retail,9,FR,TR,25000.0,card,CP7855,round_amount,0,0
AL002875,C75565,retail,14,GB,US,3007.44,ach,CP4915,dormant_reactivation,0,0
AL002876,C38612,retail,1,US,ZA,100000.0,ach,CP4086,round_amount,0,0
AL002877,C65591,retail,10,US,US,166567.57,wire,CP8796,sanctions_match,5,0
AL002878,C41631,business,14,MX,AU,120118.83,ach,CP5739,sanctions_match,0,0
AL002879,C79253,retail,21,DE,FR,19051.35,ach,CP5670,pep_match,5,0
AL002880,C18910,business,6,JP,AU,10194.66,wire,CP9432,dormant_reactivation,0,0
AL002881,C63980,retail,13,SG,AU,3533.0,ach,CP1206,velocity,3,0
AL002882,C43592,retail,23,TR,SG,15875.88,wire,CP3288,dormant_reactivation,2,0
AL002883,C35947,retail,18,GB,KP,508.28,wire,CP8424,velocity,0,0
AL002884,C71848,retail,1,AU,FR,71542.68,card,CP1757,sanctions_match,0,0
AL002885,C97972,retail,24,SG,GB,4527.17,cash,CP4116,sanctions_match,0,1
AL002886,C98718,retail,14,JP,FR,12882.46,wire,CP6380,high_risk_geo,0,0
AL002887,C13151,retail,14,SG,DE,49936.32,wire,CP1824,dormant_reactivation,0,0
AL002888,C99690,business,17,GB,AU,50000.0,ach,CP1079,round_amount,0,0
AL002889,C52857,retail,23,FR,AU,8175.38,ach,CP6495,high_risk_geo,0,1
AL002890,C28710,retail,4,AU,SG,9381.23,ach,CP6364,pep_match,2,0
AL002891,C31711,retail,22,BR,FR,41429.86,ach,CP8759,dormant_reactivation,0,0
AL002892,C23809,business,13,FR,DE,33664.31,wire,CP1753,pep_match,1,0
AL002893,C81945,retail,12,MX,AU,136938.14,card,CP7326,sanctions_match,3,1
AL002894,C42218,private,8,NG,SG,243393.81,wire,CP6901,high_risk_geo,0,0
AL002895,C39865,retail,17,ZA,AU,4516.54,ach,CP4855,pep_match,0,0
AL002896,C36671,business,20,US,DE,2371.13,ach,CP9093,velocity,2,0
AL002897,C60535,business,25,DE,US,194085.96,card,CP4523,sanctions_match,0,1
AL002898,C61770,retail,6,GB,GB,9070.07,ach,CP4552,structuring,0,0
AL002899,C65895,retail,17,US,GB,42406.4,wire,CP8928,sanctions_match,0,0
AL002900,C62278,retail,15,TR,US,47439.3,wire,CP1225,pep_match,2,0
AL002901,C32828,retail,6,CA,CA,50000.0,card,CP5817,round_amount,2,0
AL002902,C49904,business,9,FR,VE,24151.78,ach,CP8132,pep_match,0,0
AL002903,C43359,retail,5,US,NG,14043.92,wire,CP1872,high_risk_geo,0,0
AL002904,C36856,retail,3,US,ZA,10264.85,ach,CP3748,dormant_reactivation,1,0
AL002905,C55914,retail,21,US,DE,8381.0,wire,CP4062,structuring,0,0
AL002906,C48028,private,18,JP,US,7993.28,wire,CP3713,structuring,0,0
AL002907,C24524,retail,12,TR,AU,5000.0,wire,CP2850,round_amount,2,0
AL002908,C76479,business,3,RU,AU,6957.83,ach,CP7504,dormant_reactivation,0,0
AL002909,C54303,business,15,AU,US,8174.75,ach,CP4419,structuring,0,0
AL002910,C68636,retail,21,US,DE,152279.43,wire,CP6281,sanctions_match,0,0
AL002911,C76087,private,7,FR,GB,108242.68,card,CP5104,high_risk_geo,0,0
AL002912,C76838,retail,1,US,DE,162777.69,ach,CP4805,sanctions_match,1,0
AL002913,C28028,retail,14,US,GB,10000.0,ach,CP9986,round_amount,1,0
AL002914,C35617,retail,8,DE,JP,22952.73,wire,CP7280,sanctions_match,2,1
AL002915,C45804,retail,15,US,GB,255.21,ach,CP8776,velocity,0,0
AL002916,C76874,business,18,SG,AU,2726.81,card,CP7644,velocity,2,0
AL002917,C81175,business,9,CA,FR,2989.32,cash,CP2314,pep_match,1,0
AL002918,C75516,business,10,CA,CA,249200.19,card,CP7588,sanctions_match,0,0
AL002919,C30090,retail,15,CA,JP,8386.86,ach,CP2549,structuring,0,1
AL002920,C82760,retail,4,CA,BR,47391.97,cash,CP1068,pep_match,0,0
AL002921,C17775,retail,6,KP,GB,50000.0,ach,CP6788,round_amount,0,0
AL002922,C91185,retail,14,GB,SG,11938.88,cash,CP4115,pep_match,0,0
AL002923,C75933,retail,19,SG,NG,41270.56,card,CP7568,sanctions_match,0,0
AL002924,C51824,retail,18,FR,FR,10719.95,wire,CP7437,high_risk_geo,0,0
AL002925,C72039,private,25,DE,ZA,27732.28,ach,CP5078,dormant_reactivation,0,0
AL002926,C35484,retail,3,KP,MX,234799.62,ach,CP5027,sanctions_match,0,0
AL002927,C33206,retail,22,FR,GB,93912.57,ach,CP7809,sanctions_match,0,0
AL002928,C25360,retail,11,AU,DE,8598.12,wire,CP6021,structuring,0,0
AL002929,C53574,retail,9,TR,CA,25000.0,wire,CP8832,round_amount,1,0
AL002930,C58114,retail,16,CA,FR,9675.28,cash,CP2222,structuring,0,1
AL002931,C88149,retail,9,AU,SG,30600.45,card,CP9210,dormant_reactivation,1,0
AL002932,C94560,business,15,SG,JP,9227.47,ach,CP2937,structuring,0,0
AL002933,C46432,retail,16,AE,CA,1874.49,card,CP8866,velocity,0,0
AL002934,C13370,business,6,DE,SG,44454.81,wire,CP9243,pep_match,0,0
AL002935,C50440,retail,12,FR,TR,24024.36,ach,CP4368,dormant_reactivation,2,0
AL002936,C13471,private,18,MM,FR,20904.98,ach,CP7186,dormant_reactivation,1,0
AL002937,C74367,business,25,AU,SG,3055.32,card,CP1605,velocity,0,0
AL002938,C51736,retail,3,CA,MX,5000.0,ach,CP1036,round_amount,0,0
AL002939,C91393,retail,5,IR,US,3819.62,wire,CP9865,velocity,8,0
AL002940,C90884,retail,2,VE,NG,8047.08,wire,CP9978,structuring,1,1
AL002941,C31486,retail,16,SG,AU,17090.22,ach,CP1531,high_risk_geo,5,0
AL002942,C79895,business,15,FR,FR,8363.68,wire,CP7932,structuring,0,1
AL002943,C67254,retail,10,VE,JP,30028.92,card,CP4495,dormant_reactivation,0,0
AL002944,C88750,business,18,NG,GB,9592.44,ach,CP9759,high_risk_geo,0,0
AL002945,C98165,business,6,SG,SG,3613.46,wire,CP9773,velocity,0,0
AL002946,C27480,retail,13,FR,TR,6113.5,wire,CP9695,high_risk_geo,5,0
AL002947,C71342,retail,11,AU,AU,5000.0,card,CP7435,round_amount,0,0
AL002948,C50737,retail,21,CA,CA,22606.36,wire,CP5681,sanctions_match,0,1
AL002949,C52159,business,19,GB,MX,10867.89,ach,CP7640,high_risk_geo,8,0
AL002950,C64703,retail,1,FR,SG,22767.21,cash,CP6939,pep_match,1,0
AL002951,C19967,private,23,DE,FR,212483.57,cash,CP3792,high_risk_geo,0,0
AL002952,C87199,retail,5,FR,US,165088.07,card,CP3869,sanctions_match,2,0
AL002953,C83890,retail,18,AU,GB,9522.52,ach,CP1864,structuring,0,0
AL002954,C20767,retail,2,NG,FR,109695.33,wire,CP3111,sanctions_match,0,0
AL002955,C89727,retail,6,JP,JP,9633.37,ach,CP8898,structuring,0,0
AL002956,C76993,retail,0,GB,AU,78417.08,cash,CP6802,sanctions_match,1,0
AL002957,C78325,retail,6,DE,AU,17702.48,ach,CP3941,sanctions_match,0,0
AL002958,C18645,retail,22,ZA,TR,11081.9,ach,CP8880,dormant_reactivation,0,0
AL002959,C58982,retail,1,BR,DE,9958.06,cash,CP5782,structuring,1,0
AL002960,C71764,retail,6,FR,AU,166410.09,ach,CP9852,sanctions_match,1,1
AL002961,C69989,retail,13,CA,DE,50000.0,cash,CP8598,round_amount,1,0
AL002962,C37266,retail,19,MX,SG,25000.0,ach,CP5099,round_amount,0,0
AL002963,C28312,business,3,JP,NG,1050.11,cash,CP7255,velocity,1,0
AL002964,C20780,retail,7,JP,US,17365.38,cash,CP4371,high_risk_geo,0,0
AL002965,C66644,retail,12,CA,JP,3746.22,wire,CP3271,velocity,0,0
AL002966,C72588,business,9,AU,CA,3179.6,wire,CP8159,velocity,2,0
AL002967,C85877,retail,22,BR,ZA,9409.13,wire,CP8431,structuring,0,0
AL002968,C57346,retail,1,FR,JP,24003.69,wire,CP9310,pep_match,0,0
AL002969,C87262,retail,2,CA,GB,10289.35,card,CP5917,high_risk_geo,1,0
AL002970,C61587,business,8,CA,JP,16647.55,cash,CP5803,high_risk_geo,1,0
AL002971,C78985,business,4,JP,US,64827.97,card,CP7155,sanctions_match,0,0
AL002972,C15905,retail,19,FR,US,3642.5,ach,CP3046,pep_match,2,0
AL002973,C55051,business,24,SG,NG,18581.4,wire,CP1728,high_risk_geo,0,0
AL002974,C45369,private,20,MM,FR,4020.55,ach,CP7936,dormant_reactivation,1,0
AL002975,C60507,retail,21,AU,FR,186758.53,ach,CP5394,sanctions_match,0,0
AL002976,C83603,retail,6,GB,FR,9123.27,ach,CP7547,dormant_reactivation,3,0
AL002977,C56998,retail,16,MX,MX,2801.02,card,CP8669,dormant_reactivation,0,0
AL002978,C84143,retail,9,AU,CA,21184.13,ach,CP4924,pep_match,1,0
AL002979,C19404,retail,13,AU,US,2864.94,ach,CP4589,velocity,0,0
AL002980,C87785,retail,19,DE,FR,4658.98,ach,CP3107,velocity,0,0
AL002981,C85986,retail,22,AU,BR,37005.97,ach,CP8964,pep_match,2,0
AL002982,C44061,retail,15,AU,CA,13497.15,wire,CP4356,high_risk_geo,0,0
AL002983,C25794,retail,7,TR,JP,28257.26,wire,CP3197,pep_match,0,1
AL002984,C41944,retail,16,US,AU,9930.93,cash,CP8646,structuring,0,0
AL002985,C34715,business,6,JP,DE,19537.67,ach,CP6706,pep_match,0,1
AL002986,C18504,retail,19,JP,JP,100000.0,cash,CP1030,round_amount,0,0
AL002987,C32821,private,9,MM,GB,10000.0,wire,CP8282,round_amount,2,0
AL002988,C82979,retail,13,AU,JP,9296.89,wire,CP9435,structuring,0,1
AL002989,C53190,retail,22,DE,ZA,171839.72,ach,CP9283,sanctions_match,2,0
AL002990,C95965,retail,22,GB,JP,9811.47,card,CP3680,structuring,3,1
AL002991,C95318,retail,12,SG,US,46974.98,ach,CP5976,pep_match,0,0
AL002992,C16455,retail,21,DE,JP,15308.43,ach,CP3834,high_risk_geo,0,0
AL002993,C36328,retail,23,US,BR,1132.6,ach,CP3544,velocity,0,0
AL002994,C42705,private,20,TR,BR,16635.11,ach,CP1893,dormant_reactivation,0,0
AL002995,C91603,retail,9,US,CA,9335.21,cash,CP5785,structuring,0,0
AL002996,C25834,private,22,ZA,DE,150556.99,wire,CP5530,high_risk_geo,0,1
AL002997,C55400,retail,14,AU,CA,8675.91,wire,CP3255,structuring,2,0
AL002998,C97347,retail,22,KP,AU,210000.44,ach,CP1388,sanctions_match,1,0
AL002999,C51922,business,8,ZA,FR,20573.92,wire,CP8504,high_risk_geo,2,0
AL003000,C54556,retail,13,BR,AE,44094.25,card,CP1269,dormant_reactivation,0,0
AL003001,C77576,private,12,IR,ZA,4702.12,ach,CP4072,pep_match,0,0
AL003002,C21398,retail,18,JP,ZA,9575.82,card,CP3526,pep_match,3,0
AL003003,C67454,retail,17,AU,JP,11641.08,wire,CP3225,dormant_reactivation,0,1
AL003004,C85738,retail,5,DE,NG,9005.77,ach,CP7994,structuring,3,1
AL003005,C59195,retail,16,DE,US,9216.64,wire,CP6924,structuring,2,0
AL003006,C35400,retail,9,CA,US,2057.88,card,CP7685,velocity,0,0
AL003007,C54789,retail,19,FR,SG,9116.27,wire,CP5432,structuring,0,1
AL003008,C26320,business,16,NG,DE,33121.85,cash,CP1952,dormant_reactivation,0,0
AL003009,C16383,business,15,CA,GB,50000.0,wire,CP1535,round_amount,0,0
AL003010,C11703,retail,25,FR,CA,14835.28,wire,CP1669,pep_match,0,0
AL003011,C40381,retail,8,NG,US,10000.0,ach,CP6063,round_amount,3,0
AL003012,C24065,private,8,AU,TR,28772.13,card,CP9702,pep_match,1,0
AL003013,C80983,retail,4,SG,DE,8039.17,card,CP5147,structuring,0,0
AL003014,C49351,retail,24,JP,CA,241635.53,ach,CP1235,sanctions_match,0,0
AL003015,C99553,retail,18,FR,GB,2845.35,ach,CP4739,velocity,1,1
AL003016,C78627,private,5,SG,BR,50000.0,wire,CP6245,round_amount,1,0
AL003017,C79960,business,15,TR,FR,162092.59,ach,CP8555,sanctions_match,2,0
AL003018,C93052,retail,18,DE,CA,8931.06,wire,CP8335,high_risk_geo,1,0
AL003019,C25364,private,2,AU,GB,118244.97,ach,CP4644,sanctions_match,0,0
AL003020,C74656,retail,12,AE,ZA,5000.0,ach,CP2171,round_amount,2,0
AL003021,C68184,retail,16,MM,GB,1861.8,wire,CP6236,pep_match,3,0
AL003022,C79450,business,12,JP,GB,9288.27,wire,CP8899,structuring,0,0
AL003023,C63067,retail,14,TR,SG,46455.01,ach,CP5617,dormant_reactivation,0,1
AL003024,C68117,retail,24,FR,CA,37306.01,ach,CP5922,dormant_reactivation,0,0
AL003025,C24745,business,18,GB,SY,9377.46,ach,CP9529,structuring,3,0
AL003026,C19773,retail,17,CA,MX,21752.47,card,CP6239,dormant_reactivation,2,0
AL003027,C89759,retail,17,AU,US,18539.81,ach,CP9922,dormant_reactivation,2,1
AL003028,C66141,retail,15,CA,TR,2197.89,cash,CP1845,velocity,0,0
AL003029,C57128,retail,9,JP,DE,10487.12,ach,CP3267,pep_match,0,0
AL003030,C93619,retail,16,US,JP,44055.44,ach,CP3186,pep_match,0,0
AL003031,C59484,retail,4,US,TR,8476.16,wire,CP2803,pep_match,1,0
AL003032,C33575,retail,13,AU,AU,23710.5,card,CP4532,high_risk_geo,0,0
AL003033,C79023,retail,22,JP,FR,100000.0,cash,CP2572,round_amount,2,0
AL003034,C33029,retail,25,AE,GB,9385.35,card,CP4652,structuring,0,0
AL003035,C75771,retail,23,US,BR,8563.25,ach,CP6906,structuring,0,1
AL003036,C10471,retail,7,CA,ZA,8497.07,card,CP1838,structuring,3,1
AL003037,C11189,business,9,DE,GB,8013.25,ach,CP6052,high_risk_geo,0,0
AL003038,C29367,business,4,AU,CA,100000.0,ach,CP7007,round_amount,0,0
AL003039,C99813,retail,14,AU,MX,25000.0,card,CP9582,round_amount,0,0
AL003040,C47942,business,25,TR,GB,18202.73,ach,CP7472,pep_match,0,0
AL003041,C23517,retail,9,TR,CA,10000.0,wire,CP8685,round_amount,2,0
AL003042,C47222,retail,19,GB,US,9868.85,cash,CP9185,structuring,0,1
AL003043,C22454,retail,21,CA,DE,4273.51,cash,CP2000,velocity,2,1
AL003044,C51701,private,16,BR,AU,10000.0,card,CP6013,round_amount,5,0
AL003045,C77036,retail,3,JP,AU,8156.62,ach,CP6115,structuring,0,0
AL003046,C48822,retail,12,AU,AU,2379.22,ach,CP7862,dormant_reactivation,0,0
AL003047,C27576,retail,23,SG,JP,8919.34,ach,CP6116,structuring,0,0
AL003048,C29333,retail,7,BR,SG,15886.95,ach,CP2247,high_risk_geo,0,0
AL003049,C43324,retail,11,GB,MX,9764.23,cash,CP1229,structuring,1,0
AL003050,C96347,retail,5,NG,NG,10000.0,ach,CP1418,round_amount,0,0
AL003051,C25998,business,7,US,BR,5000.0,wire,CP9185,round_amount,0,0
AL003052,C85889,private,5,JP,CA,9032.77,cash,CP3912,structuring,1,0
AL003053,C24504,retail,21,TR,CA,3941.39,wire,CP8216,velocity,0,0
AL003054,C17477,business,1,CA,KP,100000.0,ach,CP8818,round_amount,0,0
AL003055,C57890,private,22,KP,CA,9743.41,wire,CP1750,structuring,0,0
AL003056,C99020,private,9,FR,TR,48664.07,ach,CP4800,pep_match,0,0
AL003057,C39460,retail,16,FR,FR,9646.12,ach,CP1430,structuring,0,1
AL003058,C12667,retail,16,CA,AU,12440.44,wire,CP6450,dormant_reactivation,1,0
AL003059,C26417,business,10,FR,ZA,24879.76,wire,CP4463,pep_match,1,0
AL003060,C19400,retail,18,US,SG,1480.25,ach,CP8727,velocity,1,0
AL003061,C79462,retail,16,NG,DE,12958.76,ach,CP7490,dormant_reactivation,1,0
AL003062,C59603,retail,4,TR,FR,12567.21,ach,CP1951,high_risk_geo,0,0
AL003063,C75676,private,16,RU,GB,139803.06,ach,CP3520,sanctions_match,0,0
AL003064,C27921,retail,3,ZA,FR,76880.97,ach,CP7486,sanctions_match,2,0
AL003065,C38446,retail,17,SG,SY,9310.97,ach,CP2616,structuring,1,0
AL003066,C45079,retail,7,CA,GB,4179.43,ach,CP3567,velocity,0,0
AL003067,C27779,retail,7,ZA,DE,52693.62,ach,CP7506,sanctions_match,5,0
AL003068,C88959,retail,8,JP,SG,8435.71,card,CP9009,structuring,0,0
AL003069,C87131,business,1,JP,SG,9271.6,ach,CP1652,structuring,2,0
AL003070,C40541,retail,15,CA,JP,39634.46,card,CP7306,pep_match,0,0
AL003071,C86094,retail,17,NG,FR,86109.21,wire,CP2582,sanctions_match,3,0
AL003072,C38125,business,19,US,CA,33786.53,card,CP1519,dormant_reactivation,0,0
AL003073,C65619,retail,25,GB,NG,18204.72,ach,CP2652,high_risk_geo,1,1
AL003074,C82867,retail,10,GB,DE,3827.83,wire,CP7874,velocity,0,0
AL003075,C86919,retail,4,TR,SG,8158.69,card,CP2927,dormant_reactivation,1,0
AL003076,C79445,retail,12,JP,TR,2908.39,ach,CP5787,velocity,0,1
AL003077,C64568,retail,6,JP,TR,10000.0,wire,CP4329,round_amount,2,0
AL003078,C22514,retail,8,AU,IR,5000.0,ach,CP5439,round_amount,1,0
AL003079,C26126,private,7,US,MX,196193.79,ach,CP1834,sanctions_match,0,0
AL003080,C96733,private,23,US,SG,9079.64,ach,CP6409,structuring,0,0
AL003081,C59130,private,23,SG,MM,1330.18,ach,CP2882,velocity,0,0
AL003082,C58001,private,8,ZA,DE,20670.17,ach,CP9335,pep_match,3,0
AL003083,C28726,business,18,DE,BR,227609.52,card,CP6809,sanctions_match,0,0
AL003084,C93254,retail,12,AU,SG,5000.0,ach,CP2750,round_amount,0,1
AL003085,C23055,retail,9,NG,US,8566.93,card,CP7701,structuring,0,1
AL003086,C71435,retail,14,BR,SG,49983.12,ach,CP2680,pep_match,8,0
AL003087,C48549,retail,19,JP,FR,9989.08,ach,CP4451,structuring,1,0
AL003088,C55579,retail,14,SG,BR,50000.0,wire,CP6111,round_amount,2,0
AL003089,C17101,retail,4,DE,JP,11179.61,ach,CP5632,high_risk_geo,3,0
AL003090,C55995,retail,3,GB,IR,10367.39,ach,CP1537,dormant_reactivation,0,0
AL003091,C98082,retail,4,CA,US,31266.87,card,CP1908,dormant_reactivation,0,0
AL003092,C30548,business,20,AU,AU,1468.11,wire,CP2866,velocity,0,0
AL003093,C97232,retail,2,FR,DE,8499.89,card,CP1197,dormant_reactivation,1,0
AL003094,C68141,retail,7,TR,VE,238416.04,ach,CP7305,sanctions_match,0,0
AL003095,C75237,retail,11,JP,CA,639.76,ach,CP1137,velocity,8,0
AL003096,C35028,retail,9,ZA,AE,12969.55,ach,CP6630,high_risk_geo,2,1
AL003097,C14586,business,10,AU,JP,12942.92,wire,CP7273,high_risk_geo,0,0
AL003098,C86681,retail,11,JP,CA,100000.0,card,CP4289,round_amount,0,0
AL003099,C79462,retail,25,JP,GB,10000.0,wire,CP1325,round_amount,2,0
AL003100,C59375,retail,12,SG,GB,49741.25,wire,CP2260,sanctions_match,2,0
AL003101,C68936,retail,8,BR,DE,9579.17,wire,CP1641,structuring,1,0
AL003102,C82817,private,17,US,CA,9076.46,ach,CP5113,structuring,1,0
AL003103,C42733,retail,24,FR,CA,6960.84,ach,CP1135,pep_match,0,0
AL003104,C12107,private,17,US,US,4271.18,card,CP4155,velocity,0,0
AL003105,C39013,retail,1,US,US,21776.98,wire,CP6591,high_risk_geo,1,0
AL003106,C22741,business,7,AU,ZA,5760.73,wire,CP7732,high_risk_geo,0,0
AL003107,C65315,private,13,BR,GB,3939.3,card,CP5231,dormant_reactivation,3,0
AL003108,C83400,retail,8,JP,DE,10000.0,wire,CP5316,round_amount,2,0
AL003109,C44041,retail,7,JP,GB,5000.0,card,CP8089,round_amount,0,0
AL003110,C37666,retail,16,MX,CA,21094.57,ach,CP1371,pep_match,2,0
AL003111,C62158,retail,9,JP,MX,9830.39,ach,CP5434,structuring,2,0
AL003112,C39636,retail,24,GB,NG,22550.16,wire,CP1376,high_risk_geo,3,1
AL003113,C38517,retail,13,FR,ZA,50000.0,wire,CP6964,round_amount,3,0
AL003114,C36224,business,10,MX,JP,12937.22,ach,CP5020,high_risk_geo,0,0
AL003115,C79520,retail,20,ZA,FR,40815.83,wire,CP6781,dormant_reactivation,0,0
AL003116,C97071,retail,6,AE,US,100000.0,ach,CP7795,round_amount,0,0
AL003117,C43333,business,15,BR,GB,8707.36,wire,CP3011,structuring,2,0
AL003118,C27590,retail,1,JP,NG,100000.0,card,CP9420,round_amount,2,0
AL003119,C60669,retail,0,BR,US,10000.0,ach,CP5690,round_amount,0,0
AL003120,C14017,retail,7,JP,FR,248498.2,card,CP4554,sanctions_match,0,0
AL003121,C65646,retail,18,CA,BR,33216.39,ach,CP7914,pep_match,0,0
AL003122,C82260,retail,1,MX,GB,2776.66,card,CP4775,pep_match,0,0
AL003123,C72348,retail,14,SG,TR,5000.0,cash,CP6665,round_amount,1,0
AL003124,C74558,retail,8,FR,JP,9095.33,card,CP8813,structuring,0,1
AL003125,C55124,retail,25,SG,SG,17086.03,wire,CP4058,dormant_reactivation,0,0
AL003126,C80022,retail,18,MX,AU,57204.94,ach,CP9014,sanctions_match,0,0
AL003127,C87050,retail,22,FR,US,37454.34,ach,CP5040,pep_match,0,0
AL003128,C33286,retail,7,FR,SG,220174.77,ach,CP9621,sanctions_match,5,0
AL003129,C87601,retail,22,US,JP,2066.15,card,CP5748,velocity,1,0
AL003130,C20279,retail,6,MM,CA,24873.28,ach,CP4683,high_risk_geo,2,0
AL003131,C67439,business,22,FR,JP,29371.61,cash,CP3833,pep_match,0,0
AL003132,C35782,retail,4,US,FR,10000.0,ach,CP9276,round_amount,1,0
AL003133,C27713,business,20,JP,SG,23345.37,wire,CP1333,dormant_reactivation,0,0
AL003134,C17563,retail,21,CA,US,185717.55,wire,CP7473,sanctions_match,2,0
AL003135,C62106,retail,1,SG,JP,63712.85,ach,CP8295,sanctions_match,2,0
AL003136,C34037,retail,22,US,US,178436.58,ach,CP5471,sanctions_match,0,0
AL003137,C48982,retail,21,FR,NG,29537.92,ach,CP9458,dormant_reactivation,0,0
AL003138,C43556,retail,20,JP,CA,14294.97,cash,CP4369,high_risk_geo,0,0
AL003139,C27049,private,6,DE,RU,3393.79,ach,CP7357,velocity,0,0
AL003140,C88546,private,20,ZA,SY,52100.85,wire,CP2509,sanctions_match,0,0
AL003141,C88162,retail,21,SG,GB,25598.23,card,CP1577,pep_match,0,0
AL003142,C21809,retail,4,AU,AU,20258.91,card,CP8527,high_risk_geo,0,0
AL003143,C16608,retail,25,MX,JP,50000.0,ach,CP4572,round_amount,2,0
AL003144,C59775,retail,14,AU,ZA,3589.89,card,CP9021,velocity,0,0
AL003145,C48998,retail,7,SG,AE,2958.28,ach,CP8557,dormant_reactivation,0,0
AL003146,C36818,business,20,AU,CA,9288.9,wire,CP7633,structuring,1,0
AL003147,C51728,retail,24,AU,SG,2002.59,wire,CP2042,velocity,0,1
AL003148,C25482,retail,12,BR,BR,9987.45,wire,CP1881,structuring,0,1
AL003149,C49381,retail,20,FR,SG,37100.14,card,CP9215,pep_match,1,1
AL003150,C89213,retail,21,JP,DE,46623.0,cash,CP7809,pep_match,1,0
AL003151,C57256,retail,22,GB,JP,19985.98,ach,CP5885,high_risk_geo,0,1
AL003152,C52684,retail,19,US,GB,29473.21,ach,CP5791,dormant_reactivation,1,0
AL003153,C61261,private,6,SG,GB,99457.43,cash,CP9344,high_risk_geo,2,0
AL003154,C75499,retail,9,FR,GB,62803.58,cash,CP8897,sanctions_match,2,1
AL003155,C21137,retail,11,CA,GB,31345.12,ach,CP8748,dormant_reactivation,1,0
AL003156,C82924,retail,22,SY,GB,8282.05,ach,CP9032,structuring,3,1
AL003157,C40872,retail,19,BR,GB,7562.55,cash,CP6846,pep_match,1,0
AL003158,C49363,business,19,SG,SG,93953.79,card,CP8936,sanctions_match,0,0
AL003159,C78147,business,14,FR,BR,2091.18,ach,CP5020,velocity,0,0
AL003160,C62837,retail,17,CA,SY,34277.86,ach,CP6087,dormant_reactivation,0,0
AL003161,C94115,business,3,AE,JP,7222.29,wire,CP7888,high_risk_geo,0,1
AL003162,C65937,retail,23,FR,AU,147273.87,ach,CP7175,sanctions_match,2,0
AL003163,C85245,retail,14,FR,JP,9849.89,wire,CP7691,structuring,2,0
AL003164,C90757,business,5,SG,GB,9537.14,card,CP2216,structuring,0,0
AL003165,C47983,retail,5,SG,SG,8431.38,ach,CP1142,structuring,0,1
AL003166,C19966,retail,13,FR,AU,156266.27,card,CP5418,sanctions_match,1,1
AL003167,C89494,retail,10,SG,AU,5000.0,ach,CP2525,round_amount,2,0
AL003168,C49248,retail,16,DE,JP,9144.65,ach,CP9289,structuring,0,0
AL003169,C44399,private,19,MX,SY,5000.0,wire,CP5324,round_amount,2,0
AL003170,C73356,business,8,AU,AU,9648.92,ach,CP5549,structuring,0,0
AL003171,C91375,retail,2,CA,FR,14102.04,ach,CP2333,high_risk_geo,3,0
AL003172,C87941,business,4,SG,SG,22409.46,ach,CP1663,high_risk_geo,5,0
AL003173,C57752,retail,12,US,US,1468.93,cash,CP5659,velocity,0,0
AL003174,C71518,retail,21,CA,FR,4631.51,wire,CP2689,velocity,0,0
AL003175,C35526,business,11,DE,US,48954.46,ach,CP7036,pep_match,0,0
AL003176,C83418,retail,0,US,GB,8718.09,cash,CP9008,high_risk_geo,1,0
AL003177,C87068,private,13,SG,GB,35137.68,ach,CP8681,pep_match,0,0
AL003178,C52716,retail,15,DE,BR,5000.0,ach,CP6488,round_amount,1,0
AL003179,C30588,business,4,US,FR,4979.97,ach,CP1445,velocity,0,0
AL003180,C47964,retail,16,SG,GB,47488.7,ach,CP7321,dormant_reactivation,0,0
AL003181,C82239,retail,10,FR,JP,50000.0,wire,CP8246,round_amount,0,0
AL003182,C51343,retail,0,MX,SG,1908.09,ach,CP4284,dormant_reactivation,0,0
AL003183,C58622,retail,6,MX,AU,3112.01,ach,CP1544,velocity,0,0
AL003184,C80088,private,2,AE,DE,2463.01,ach,CP2749,pep_match,0,0
AL003185,C82973,retail,18,SG,GB,100000.0,card,CP3549,round_amount,0,0
AL003186,C84233,retail,13,MM,FR,56062.36,wire,CP1579,sanctions_match,0,0
AL003187,C77618,business,24,DE,FR,46082.15,wire,CP3025,dormant_reactivation,2,0
AL003188,C68838,retail,11,AU,AU,233609.7,ach,CP4989,sanctions_match,0,0
AL003189,C96368,private,14,MX,US,4720.04,cash,CP3143,velocity,1,0
AL003190,C37686,retail,16,US,CA,157231.57,card,CP6613,sanctions_match,2,0
AL003191,C21225,retail,0,JP,GB,131835.53,wire,CP7059,sanctions_match,3,0
AL003192,C25018,retail,13,FR,CA,50000.0,wire,CP2408,round_amount,1,0
AL003193,C15903,retail,21,AU,AE,9218.91,wire,CP1689,structuring,0,0
AL003194,C84800,retail,0,MX,US,27775.8,wire,CP1608,dormant_reactivation,1,0
AL003195,C15337,business,20,FR,JP,25000.0,cash,CP4690,round_amount,2,0
AL003196,C22750,private,16,DE,SG,9707.11,ach,CP8938,structuring,0,0
AL003197,C90291,retail,20,DE,FR,32212.55,wire,CP7667,pep_match,0,0
AL003198,C82107,retail,17,US,US,1816.98,ach,CP9908,velocity,3,1
AL003199,C85962,private,14,GB,AE,100.72,ach,CP9224,velocity,0,0
AL003200,C23454,business,17,SG,ZA,24372.11,card,CP4651,high_risk_geo,5,0
AL003201,C44224,business,12,FR,CA,9195.53,wire,CP7698,dormant_reactivation,0,0
AL003202,C69300,retail,12,SG,GB,17589.21,ach,CP7466,pep_match,0,0
AL003203,C82793,retail,8,ZA,SG,37331.19,ach,CP1981,pep_match,0,0
AL003204,C14826,retail,3,SG,DE,11179.45,cash,CP5550,dormant_reactivation,2,0
AL003205,C23734,retail,8,AE,FR,5000.0,card,CP7061,round_amount,0,0
AL003206,C43679,retail,23,JP,GB,23058.52,ach,CP2414,high_risk_geo,1,0
AL003207,C27699,retail,15,AE,NG,23252.78,wire,CP1342,pep_match,1,0
AL003208,C10318,retail,15,TR,AU,3692.92,ach,CP8960,velocity,0,0
AL003209,C30305,retail,11,FR,FR,199291.01,ach,CP6333,sanctions_match,0,0
AL003210,C57197,retail,3,DE,AU,7791.31,wire,CP6647,dormant_reactivation,0,0
AL003211,C58207,retail,15,JP,GB,48393.55,ach,CP7585,pep_match,0,0
AL003212,C19413,business,14,US,FR,43865.36,card,CP3478,dormant_reactivation,1,0
AL003213,C29850,retail,23,US,GB,30991.5,ach,CP7663,dormant_reactivation,3,0
AL003214,C90531,retail,9,DE,AU,8782.93,card,CP6500,structuring,0,0
AL003215,C86489,business,14,CA,FR,19363.22,card,CP3474,pep_match,1,0
AL003216,C62859,business,5,DE,DE,50000.0,ach,CP7698,round_amount,3,0
AL003217,C34474,retail,16,US,MX,8685.5,ach,CP1520,structuring,0,1
AL003218,C82689,retail,1,DE,BR,100000.0,wire,CP9749,round_amount,0,0
AL003219,C65492,retail,0,JP,CA,5314.48,ach,CP3214,high_risk_geo,0,0
AL003220,C83841,retail,21,ZA,JP,7957.6,ach,CP8930,structuring,2,0
AL003221,C11613,retail,12,SG,CA,16012.54,card,CP9193,pep_match,0,0
AL003222,C28815,retail,20,AU,FR,5000.0,card,CP6094,round_amount,0,0
AL003223,C23015,business,13,GB,JP,159762.82,ach,CP5009,sanctions_match,1,0
AL003224,C95407,retail,18,TR,FR,19807.95,card,CP1289,sanctions_match,2,0
AL003225,C59043,retail,12,CA,SG,17820.14,card,CP1812,dormant_reactivation,0,0
AL003226,C99902,business,6,CA,GB,73082.21,ach,CP8428,sanctions_match,0,1
AL003227,C97157,retail,1,DE,DE,5200.24,card,CP7408,high_risk_geo,0,0
AL003228,C68836,retail,10,SG,GB,46800.23,ach,CP9575,dormant_reactivation,0,0
AL003229,C37159,private,5,ZA,DE,8811.44,ach,CP3833,structuring,3,1
AL003230,C99644,retail,21,GB,MX,234.0,wire,CP5845,velocity,1,0
AL003231,C16830,retail,8,MX,CA,15740.1,cash,CP1940,high_risk_geo,0,0
AL003232,C55925,retail,16,GB,FR,21539.47,ach,CP6889,pep_match,8,0
AL003233,C70918,business,23,US,JP,9880.17,ach,CP1513,high_risk_geo,0,0
AL003234,C75578,retail,11,DE,GB,157722.25,wire,CP1038,sanctions_match,0,0
AL003235,C63176,retail,1,CA,MX,21146.67,ach,CP1507,dormant_reactivation,0,0
AL003236,C60229,retail,5,DE,KP,968.68,card,CP1893,velocity,0,0
AL003237,C48382,retail,3,AU,GB,19439.2,card,CP1859,pep_match,0,0
AL003238,C51475,business,25,TR,CA,5000.0,ach,CP8620,round_amount,0,0
AL003239,C53609,business,0,JP,JP,138742.87,ach,CP7767,sanctions_match,1,0
AL003240,C66649,private,2,TR,TR,20976.35,wire,CP4909,pep_match,1,0
AL003241,C72775,retail,25,DE,US,9342.91,card,CP2602,structuring,5,0
AL003242,C20636,retail,14,AU,FR,8352.19,wire,CP5931,high_risk_geo,3,0
AL003243,C74644,retail,19,CA,DE,8081.43,ach,CP6699,structuring,1,0
AL003244,C24853,retail,3,SY,CA,100000.0,card,CP2533,round_amount,0,0
AL003245,C67619,retail,9,FR,FR,40337.12,ach,CP4552,dormant_reactivation,0,0
AL003246,C62728,retail,0,DE,SG,44262.02,wire,CP6262,pep_match,1,0
AL003247,C21896,retail,3,NG,JP,5000.0,wire,CP9076,round_amount,0,0
AL003248,C79764,retail,4,BR,CA,9224.05,wire,CP4631,structuring,0,0
AL003249,C14017,business,13,CA,US,9912.93,ach,CP2042,structuring,0,0
AL003250,C29471,retail,14,JP,GB,20060.78,wire,CP5766,pep_match,3,0
AL003251,C72000,retail,3,FR,GB,4803.95,cash,CP6195,velocity,2,0
AL003252,C19605,business,9,AU,GB,8301.13,card,CP2298,structuring,1,1
AL003253,C65387,retail,8,AU,JP,157164.43,ach,CP7404,sanctions_match,0,0
AL003254,C45433,retail,13,SG,FR,982.21,card,CP6152,velocity,0,0
AL003255,C39329,retail,20,JP,FR,24484.05,card,CP5761,sanctions_match,0,1
AL003256,C66129,retail,20,DE,US,100000.0,ach,CP6263,round_amount,1,0
AL003257,C74022,retail,8,CA,DE,68935.23,ach,CP6020,sanctions_match,0,0
AL003258,C72628,business,13,FR,JP,41523.06,card,CP1564,dormant_reactivation,0,0
AL003259,C51912,retail,15,JP,JP,12222.7,ach,CP1799,pep_match,2,0
AL003260,C45214,retail,18,DE,CA,5955.65,ach,CP1292,dormant_reactivation,0,0
AL003261,C44983,private,16,US,JP,149941.27,ach,CP8322,sanctions_match,1,1
AL003262,C93289,private,9,US,DE,43962.44,ach,CP2554,dormant_reactivation,3,1
AL003263,C79827,retail,19,FR,AU,9419.89,ach,CP1883,structuring,3,1
AL003264,C82667,retail,19,CA,GB,41119.66,ach,CP3433,dormant_reactivation,1,0
AL003265,C38074,private,0,KP,CA,8521.22,ach,CP9504,structuring,0,0
AL003266,C32867,business,2,BR,GB,23132.58,wire,CP9139,dormant_reactivation,5,0
AL003267,C50569,retail,25,GB,SG,9331.99,card,CP3474,structuring,0,1
AL003268,C90798,retail,14,US,DE,25000.0,wire,CP5710,round_amount,1,0
AL003269,C10286,retail,20,JP,KP,47970.91,cash,CP6966,dormant_reactivation,0,0
AL003270,C33872,retail,9,NG,SG,21014.53,cash,CP9004,high_risk_geo,0,0
AL003271,C23366,retail,7,SG,CA,5000.0,wire,CP2206,round_amount,0,0
AL003272,C85598,retail,8,CA,JP,8616.77,cash,CP5569,structuring,0,0
AL003273,C14375,business,7,MX,CA,8262.37,card,CP8931,structuring,0,0
AL003274,C23739,private,9,JP,RU,235311.8,cash,CP5072,sanctions_match,1,1
AL003275,C82599,retail,3,SY,SG,9102.04,ach,CP4044,high_risk_geo,0,0
AL003276,C81231,retail,2,US,DE,5000.0,ach,CP5941,round_amount,1,0
AL003277,C81267,retail,23,DE,DE,25000.0,card,CP3020,round_amount,0,0
AL003278,C67622,retail,10,SG,FR,10331.65,wire,CP8999,high_risk_geo,2,0
AL003279,C82321,business,6,JP,MX,3267.56,ach,CP2656,velocity,0,0
AL003280,C27862,retail,1,US,GB,18038.19,wire,CP9764,high_risk_geo,8,0
AL003281,C48638,retail,11,GB,ZA,25000.0,wire,CP2643,round_amount,0,0
AL003282,C96835,retail,15,TR,US,5000.0,ach,CP7579,round_amount,0,0
AL003283,C38864,retail,18,AE,CA,21651.3,wire,CP1418,dormant_reactivation,0,0
AL003284,C38168,retail,14,CA,MX,3042.2,ach,CP8956,dormant_reactivation,1,1
AL003285,C72497,retail,16,US,GB,224090.96,wire,CP3357,sanctions_match,3,1
AL003286,C52109,business,7,FR,FR,8453.83,ach,CP1993,structuring,3,1
AL003287,C25682,private,14,KP,ZA,84154.51,card,CP3119,sanctions_match,0,0
AL003288,C12974,retail,21,GB,NG,1903.46,ach,CP4836,dormant_reactivation,0,0
AL003289,C44478,retail,13,SY,CA,17089.81,card,CP5549,high_risk_geo,5,0
AL003290,C34307,retail,14,SG,MM,36019.96,cash,CP1550,dormant_reactivation,2,0
AL003291,C32844,business,8,JP,MX,33365.87,ach,CP1794,dormant_reactivation,2,1
AL003292,C20281,retail,8,SG,DE,231226.52,wire,CP5967,sanctions_match,0,0
AL003293,C57100,business,8,US,SG,142942.33,card,CP6068,sanctions_match,2,0
AL003294,C70550,retail,11,US,FR,6113.4,cash,CP7308,sanctions_match,0,0
AL003295,C46965,retail,18,SG,JP,5000.0,wire,CP7493,round_amount,3,0
AL003296,C76472,retail,2,AU,DE,5790.45,ach,CP2836,high_risk_geo,0,1
AL003297,C41491,retail,19,BR,JP,139439.77,wire,CP2783,sanctions_match,1,1
AL003298,C96678,retail,25,CA,FR,158172.41,ach,CP7345,sanctions_match,0,0
AL003299,C17590,business,14,AE,DE,41184.88,cash,CP3656,pep_match,0,0
AL003300,C76201,retail,24,AE,FR,1426.42,ach,CP3949,velocity,0,0
AL003301,C45632,retail,14,DE,CA,4583.31,cash,CP5571,pep_match,0,0
AL003302,C44885,private,18,VE,TR,28998.17,cash,CP5904,pep_match,0,1
AL003303,C43432,business,24,ZA,IR,143820.91,ach,CP7638,sanctions_match,0,0
AL003304,C72467,retail,0,VE,FR,19829.02,card,CP4996,high_risk_geo,0,0
AL003305,C45938,retail,1,SG,FR,28694.02,card,CP3425,pep_match,0,0
AL003306,C65719,retail,25,SG,GB,27003.8,ach,CP7558,pep_match,0,0
AL003307,C96221,private,4,AE,ZA,9758.14,wire,CP4450,structuring,2,1
AL003308,C13428,retail,10,SG,AE,20871.0,ach,CP7140,high_risk_geo,2,0
AL003309,C73087,business,25,DE,AU,5000.0,ach,CP2818,round_amount,2,0
AL003310,C57182,retail,0,SG,BR,34124.92,ach,CP7037,sanctions_match,5,0
AL003311,C43860,business,20,FR,JP,25000.0,wire,CP5376,round_amount,0,0
AL003312,C37593,business,24,JP,JP,33521.38,ach,CP4965,dormant_reactivation,3,0
AL003313,C68892,business,24,GB,JP,249921.89,card,CP3630,sanctions_match,5,1
AL003314,C82787,retail,17,GB,GB,50000.0,ach,CP5467,round_amount,1,0
AL003315,C14078,business,25,NG,BR,20273.53,wire,CP4070,pep_match,3,0
AL003316,C57232,private,9,FR,GB,45242.54,ach,CP1756,dormant_reactivation,2,0
AL003317,C28293,retail,21,AU,BR,1158.47,ach,CP5557,velocity,2,0
AL003318,C99993,retail,18,FR,CA,7233.93,wire,CP8712,high_risk_geo,1,0
AL003319,C72961,business,15,GB,CA,100000.0,wire,CP9349,round_amount,0,0
AL003320,C28536,retail,23,US,CA,8272.51,card,CP4416,structuring,0,0
AL003321,C82378,business,19,DE,AU,22209.16,wire,CP1061,high_risk_geo,2,0
AL003322,C44451,retail,9,JP,ZA,29936.91,ach,CP1645,sanctions_match,1,0
AL003323,C20762,retail,18,VE,SG,23113.6,wire,CP3377,high_risk_geo,3,0
AL003324,C43267,retail,13,DE,US,3033.55,ach,CP3526,velocity,0,0
AL003325,C47616,retail,21,MX,ZA,10548.85,ach,CP3605,dormant_reactivation,3,0
AL003326,C11275,retail,1,DE,SG,8471.22,ach,CP3937,structuring,2,0
AL003327,C53254,business,5,GB,CA,100000.0,wire,CP6775,round_amount,0,0
AL003328,C83184,retail,4,GB,FR,38746.46,ach,CP8559,dormant_reactivation,1,0
AL003329,C79018,private,25,DE,NG,163879.11,wire,CP8146,high_risk_geo,1,0
AL003330,C31678,retail,22,SG,AU,6669.3,wire,CP7179,high_risk_geo,0,0
AL003331,C12392,business,16,BR,FR,186042.1,ach,CP5680,sanctions_match,0,1
AL003332,C42570,retail,7,US,CA,6381.23,ach,CP8477,high_risk_geo,2,0
AL003333,C37461,retail,0,BR,CA,3120.6,wire,CP7062,velocity,0,0
AL003334,C22009,retail,7,CA,CA,16300.32,ach,CP4586,dormant_reactivation,0,0
AL003335,C13639,retail,14,CA,MM,25000.0,ach,CP9186,round_amount,0,0
AL003336,C15805,business,25,CA,SG,8792.39,wire,CP2366,structuring,1,0
AL003337,C30717,business,17,AE,FR,8436.1,wire,CP3609,high_risk_geo,2,0
AL003338,C87799,business,8,FR,US,5000.0,wire,CP7985,round_amount,0,0
AL003339,C83021,business,15,JP,MX,8547.65,cash,CP1506,structuring,2,1
AL003340,C90117,business,18,FR,CA,3744.48,card,CP7659,velocity,1,0
AL003341,C73535,retail,24,BR,DE,44456.46,card,CP8160,pep_match,2,0
AL003342,C50581,retail,8,MX,MX,10000.0,ach,CP7565,round_amount,0,0
AL003343,C74490,business,24,AU,FR,37358.87,ach,CP6529,dormant_reactivation,2,0
AL003344,C22731,business,17,NG,SG,25050.15,cash,CP7269,pep_match,0,0
AL003345,C74474,retail,17,AE,ZA,25000.0,ach,CP9985,round_amount,0,0
AL003346,C44154,retail,4,AE,FR,225625.98,card,CP3374,sanctions_match,0,0
AL003347,C97697,private,3,US,US,17458.12,wire,CP9385,dormant_reactivation,0,0
AL003348,C83851,retail,8,KP,FR,23947.32,ach,CP9272,high_risk_geo,0,1
AL003349,C44691,retail,13,US,AU,27040.87,ach,CP4603,dormant_reactivation,0,0
AL003350,C16209,retail,23,GB,DE,19964.76,cash,CP6126,high_risk_geo,0,0
AL003351,C24533,retail,14,AE,US,24816.84,wire,CP9796,pep_match,1,0
AL003352,C79399,business,14,SG,ZA,936.15,wire,CP8010,velocity,0,0
AL003353,C40481,business,5,US,SG,9306.85,ach,CP5905,structuring,0,0
AL003354,C80088,retail,11,DE,GB,90913.89,ach,CP4638,sanctions_match,0,0
AL003355,C15890,retail,3,BR,MX,34468.2,card,CP6657,pep_match,1,0
AL003356,C97971,retail,0,MX,AU,19690.29,ach,CP3706,high_risk_geo,2,1
AL003357,C56881,retail,17,GB,DE,5000.0,cash,CP9042,round_amount,2,0
AL003358,C39685,business,7,CA,NG,9371.73,cash,CP7089,structuring,0,0
AL003359,C85044,business,13,CA,AU,50000.0,cash,CP7649,round_amount,0,0
AL003360,C59245,business,11,ZA,NG,8644.82,card,CP9412,structuring,0,1
AL003361,C45157,retail,0,AE,GB,4371.8,ach,CP1300,velocity,2,0
AL003362,C93361,retail,17,SG,NG,28030.52,card,CP5710,pep_match,2,0
AL003363,C83867,business,7,US,AU,25000.0,ach,CP4791,round_amount,0,0
AL003364,C89851,business,0,FR,DE,40634.05,card,CP9134,dormant_reactivation,1,0
AL003365,C51272,business,20,DE,US,1449.13,card,CP4974,velocity,5,0
AL003366,C16260,retail,6,GB,US,9658.79,ach,CP6253,structuring,0,1
AL003367,C10031,business,17,CA,ZA,4582.01,ach,CP9879,velocity,0,0
AL003368,C11723,retail,10,US,GB,11510.06,wire,CP7069,high_risk_geo,0,0
AL003369,C67372,retail,2,MX,JP,29708.05,ach,CP9358,sanctions_match,0,1
AL003370,C93244,retail,3,JP,JP,52461.9,card,CP5378,sanctions_match,1,0
AL003371,C15467,retail,15,CA,AE,7848.32,cash,CP5503,structuring,2,0
AL003372,C60157,private,19,JP,DE,9556.86,wire,CP5345,structuring,0,1
AL003373,C58099,retail,12,DE,GB,18607.7,card,CP7762,dormant_reactivation,1,0
AL003374,C90694,retail,19,BR,FR,40688.23,wire,CP2418,pep_match,0,0
AL003375,C66036,retail,9,CA,AU,100000.0,wire,CP6733,round_amount,0,0
AL003376,C25380,retail,13,FR,MX,48458.76,card,CP7031,dormant_reactivation,0,0
AL003377,C90919,retail,3,JP,SY,10000.0,cash,CP8846,round_amount,3,0
AL003378,C39100,business,6,DE,IR,8234.66,wire,CP9489,structuring,2,0
AL003379,C74967,retail,22,CA,AU,192244.81,ach,CP1264,sanctions_match,1,0
AL003380,C30031,retail,25,FR,AU,50000.0,ach,CP7368,round_amount,0,0
AL003381,C73639,retail,6,JP,AU,10000.0,ach,CP4170,round_amount,0,0
AL003382,C86125,retail,0,ZA,KP,8215.9,card,CP9880,structuring,1,1
AL003383,C76454,retail,3,US,SG,541.41,ach,CP7783,velocity,0,1
AL003384,C62290,business,0,GB,CA,100000.0,card,CP9260,round_amount,0,0
AL003385,C52274,retail,21,GB,US,3648.22,wire,CP9250,velocity,0,0
AL003386,C89233,business,25,CA,GB,9182.54,wire,CP8255,structuring,1,0
AL003387,C43879,retail,11,US,FR,19497.61,ach,CP5217,high_risk_geo,3,0
AL003388,C70013,business,10,VE,FR,9933.67,wire,CP3219,high_risk_geo,3,0
AL003389,C93881,retail,1,DE,US,50000.0,cash,CP8807,round_amount,0,0
AL003390,C41615,retail,20,US,US,35194.87,ach,CP8189,pep_match,0,0
AL003391,C92803,retail,20,SG,CA,3943.27,ach,CP8202,velocity,0,0
AL003392,C88943,retail,8,GB,IR,24005.41,ach,CP5514,pep_match,8,0
AL003393,C90826,business,11,DE,BR,8181.0,wire,CP8824,high_risk_geo,2,0
AL003394,C53522,retail,0,FR,BR,10484.84,card,CP8245,high_risk_geo,0,0
AL003395,C55036,retail,4,AU,SG,18244.08,card,CP5926,high_risk_geo,0,0
AL003396,C65053,retail,5,AU,GB,8573.11,ach,CP8736,high_risk_geo,8,1
AL003397,C97938,retail,7,US,FR,57302.32,wire,CP9807,sanctions_match,1,0
AL003398,C94790,retail,4,VE,DE,26912.28,cash,CP5143,pep_match,0,1
AL003399,C94072,retail,11,AU,AU,5000.0,wire,CP1848,round_amount,0,0
AL003400,C92168,retail,4,SG,CA,15409.24,cash,CP6990,dormant_reactivation,0,0
AL003401,C86738,retail,20,US,GB,21512.22,card,CP8109,pep_match,2,0
AL003402,C52346,retail,21,US,CA,12215.71,wire,CP6061,sanctions_match,0,0
AL003403,C74345,retail,4,DE,CA,100000.0,card,CP5884,round_amount,2,0
AL003404,C84791,business,21,GB,AE,15876.61,card,CP9297,dormant_reactivation,0,0
AL003405,C84652,business,24,DE,DE,8038.73,card,CP2736,structuring,0,0
AL003406,C29244,retail,8,AU,CA,6073.66,ach,CP6858,pep_match,0,1
AL003407,C98011,retail,20,FR,SG,25000.0,wire,CP7781,round_amount,2,0
AL003408,C44522,retail,15,NG,JP,211918.04,card,CP2303,sanctions_match,0,0
AL003409,C55005,retail,17,GB,JP,9370.34,card,CP6884,structuring,5,0
AL003410,C31450,retail,11,BR,ZA,9527.28,wire,CP9673,dormant_reactivation,0,0
AL003411,C96359,private,23,TR,AE,43139.12,ach,CP5032,pep_match,3,0
AL003412,C29068,retail,7,VE,BR,14106.69,ach,CP6064,dormant_reactivation,0,0
AL003413,C71924,retail,9,AU,BR,32248.95,wire,CP8445,dormant_reactivation,1,0
AL003414,C48773,retail,6,AU,SG,9523.74,cash,CP2683,structuring,2,0
AL003415,C90426,retail,9,SG,CA,8531.8,ach,CP9320,sanctions_match,1,0
AL003416,C89225,retail,16,CA,FR,8065.21,ach,CP8697,structuring,0,0
AL003417,C79309,business,18,GB,CA,85925.64,ach,CP5276,sanctions_match,1,1
AL003418,C46075,retail,6,JP,MX,162838.73,card,CP1915,sanctions_match,0,0
AL003419,C94995,private,18,US,US,10000.0,wire,CP5791,round_amount,1,0
AL003420,C26188,retail,22,ZA,FR,16442.1,wire,CP3556,pep_match,0,0
AL003421,C51856,retail,21,CA,GB,25000.0,ach,CP5194,round_amount,0,0
AL003422,C94582,retail,0,DE,SG,122154.46,ach,CP1327,sanctions_match,0,0
AL003423,C36497,retail,21,BR,GB,50000.0,wire,CP3129,round_amount,0,0
AL003424,C93989,retail,15,US,BR,15505.52,wire,CP4958,high_risk_geo,0,0
AL003425,C35580,retail,19,BR,JP,9333.81,ach,CP7370,structuring,1,0
AL003426,C57490,retail,7,FR,FR,216658.24,card,CP8411,sanctions_match,0,0
AL003427,C23717,business,25,TR,AU,7511.01,ach,CP6172,pep_match,0,0
AL003428,C53449,retail,3,GB,FR,100000.0,card,CP4668,round_amount,8,0
AL003429,C60190,retail,15,SG,DE,198348.22,wire,CP2041,sanctions_match,0,0
AL003430,C15680,retail,25,CA,BR,3170.72,wire,CP3810,velocity,2,1
AL003431,C25810,retail,24,JP,ZA,45779.26,card,CP3051,dormant_reactivation,0,1
AL003432,C60210,business,6,US,BR,8009.26,cash,CP4411,structuring,0,0
AL003433,C77582,retail,5,GB,SG,3393.84,cash,CP8794,velocity,2,0
AL003434,C52620,retail,21,JP,FR,39701.78,ach,CP8308,pep_match,0,1
AL003435,C83988,retail,3,FR,MX,3287.99,wire,CP7153,velocity,2,0
AL003436,C74639,retail,22,AU,FR,10284.9,wire,CP8319,dormant_reactivation,5,0
AL003437,C98330,business,14,JP,DE,31881.08,ach,CP2799,dormant_reactivation,0,0
AL003438,C12482,business,13,CA,CA,1719.79,wire,CP8812,pep_match,1,0
AL003439,C70177,retail,13,FR,MX,50000.0,card,CP7167,round_amount,0,0
AL003440,C58763,private,5,MM,FR,8395.92,wire,CP6606,structuring,0,1
AL003441,C72874,retail,18,SG,AU,3742.95,card,CP5929,velocity,1,0
AL003442,C90210,retail,7,US,JP,5420.24,cash,CP5865,high_risk_geo,1,0
AL003443,C53832,business,12,GB,SG,1366.62,ach,CP4609,dormant_reactivation,0,0
AL003444,C74322,business,17,TR,AE,1059.01,card,CP9653,velocity,0,0
AL003445,C72783,retail,11,BR,DE,233671.13,card,CP2827,sanctions_match,0,0
AL003446,C25520,business,18,AU,US,8749.29,card,CP2959,structuring,0,1
AL003447,C47367,retail,19,NG,BR,100000.0,ach,CP7756,round_amount,0,0
AL003448,C77013,retail,4,AU,SG,3098.64,card,CP4587,velocity,2,0
AL003449,C38415,retail,16,SG,FR,23560.74,card,CP8459,dormant_reactivation,0,0
AL003450,C14686,retail,22,AU,AU,8778.91,wire,CP8213,structuring,0,0
AL003451,C38322,retail,24,SG,ZA,128.98,card,CP7302,velocity,0,0
AL003452,C80215,retail,2,CA,JP,50000.0,cash,CP3611,round_amount,0,0
AL003453,C93979,business,25,FR,AU,4694.1,ach,CP4931,velocity,2,0
AL003454,C84718,retail,21,JP,FR,32065.78,ach,CP7689,dormant_reactivation,2,0
AL003455,C41628,retail,23,CA,CA,41517.99,wire,CP7245,dormant_reactivation,0,0
AL003456,C55497,business,19,AE,SG,5963.18,ach,CP9951,high_risk_geo,0,0
AL003457,C19521,retail,22,DE,GB,100000.0,ach,CP3630,round_amount,0,0
AL003458,C48207,retail,2,ZA,AU,2689.02,ach,CP6051,dormant_reactivation,3,0
AL003459,C10256,business,19,AU,BR,26155.21,cash,CP7704,sanctions_match,1,0
AL003460,C73507,business,19,US,JP,8071.54,card,CP6280,high_risk_geo,0,0
AL003461,C55553,private,13,US,US,7982.89,wire,CP8130,structuring,2,1
AL003462,C55381,retail,8,FR,SG,25000.0,ach,CP9291,round_amount,0,0
AL003463,C91626,business,7,JP,US,3000.57,card,CP3193,sanctions_match,2,0
AL003464,C32584,business,5,SG,SG,133110.2,ach,CP4846,sanctions_match,2,0
AL003465,C25822,retail,20,JP,FR,2714.13,wire,CP6133,velocity,0,1
AL003466,C57513,retail,19,AU,CA,48287.88,card,CP7036,dormant_reactivation,0,0
AL003467,C31867,business,14,DE,US,20161.89,ach,CP6239,high_risk_geo,0,0
AL003468,C73249,retail,11,KP,DE,3508.41,wire,CP8085,velocity,0,0
AL003469,C52738,retail,22,US,DE,144.07,ach,CP9572,velocity,0,0
AL003470,C55521,retail,12,ZA,FR,119226.03,ach,CP9545,sanctions_match,0,1
AL003471,C57343,retail,5,DE,NG,5000.0,cash,CP9300,round_amount,3,0
AL003472,C36589,business,13,AU,US,1792.7,wire,CP2354,velocity,1,0
AL003473,C38184,business,14,SY,AE,92838.04,card,CP5927,sanctions_match,1,0
AL003474,C98558,private,17,MX,RU,25000.0,cash,CP7904,round_amount,2,0
AL003475,C53616,retail,25,DE,VE,15742.54,wire,CP5066,high_risk_geo,0,0
AL003476,C53266,retail,19,CA,GB,39184.49,wire,CP8420,dormant_reactivation,1,0
AL003477,C52951,retail,3,DE,SG,38031.38,wire,CP7282,pep_match,0,0
AL003478,C27237,retail,8,US,DE,14175.25,ach,CP7334,pep_match,0,0
AL003479,C88489,retail,20,SG,AU,228999.14,ach,CP5308,sanctions_match,1,0
AL003480,C77672,retail,4,AU,DE,19408.84,ach,CP7188,high_risk_geo,0,0
AL003481,C11634,retail,20,SG,SG,39978.58,cash,CP6903,pep_match,0,0
AL003482,C51825,retail,2,AU,MX,1921.19,ach,CP3754,dormant_reactivation,1,0
AL003483,C47007,retail,0,US,AU,1746.4,wire,CP3857,pep_match,3,0
AL003484,C44219,business,21,AU,AU,5586.91,ach,CP5456,high_risk_geo,8,0
AL003485,C37841,retail,15,TR,DE,8745.06,cash,CP4664,structuring,1,0
AL003486,C87499,private,22,CA,ZA,200357.45,wire,CP8683,sanctions_match,3,1
AL003487,C78892,retail,1,AU,FR,8056.77,wire,CP8741,structuring,2,1
AL003488,C60809,retail,22,CA,DE,31199.13,card,CP1120,sanctions_match,0,0
AL003489,C42046,retail,0,DE,CA,100000.0,wire,CP3302,round_amount,2,0
AL003490,C25250,retail,0,CA,ZA,3074.61,wire,CP7243,velocity,0,0
AL003491,C15573,retail,7,TR,AE,22763.85,wire,CP1304,high_risk_geo,1,1
AL003492,C81200,business,5,BR,GB,16327.93,wire,CP1294,pep_match,2,0
AL003493,C90757,retail,24,US,CA,29918.35,wire,CP7349,pep_match,2,0
AL003494,C57770,retail,20,AU,SG,10000.0,card,CP1795,round_amount,0,0
AL003495,C24684,retail,6,US,DE,34322.81,card,CP7590,dormant_reactivation,0,0
AL003496,C14652,private,3,JP,IR,4223.26,ach,CP6950,velocity,0,0
AL003497,C86872,retail,1,MX,DE,6453.65,ach,CP3454,dormant_reactivation,0,0
AL003498,C16538,retail,7,FR,DE,2856.96,ach,CP4642,velocity,0,0
AL003499,C13626,private,0,JP,DE,9124.98,ach,CP5889,structuring,3,0
AL003500,C57542,retail,3,AU,US,178485.37,ach,CP1089,sanctions_match,0,0
AL003501,C60922,business,22,DE,JP,42138.41,ach,CP5711,pep_match,1,0
AL003502,C78459,retail,11,CA,US,8267.8,wire,CP9971,structuring,0,1
AL003503,C85808,business,10,US,AE,24432.88,ach,CP3646,pep_match,0,0
AL003504,C93541,retail,21,BR,US,2036.15,card,CP9441,velocity,1,0
AL003505,C93752,retail,17,DE,AU,2153.63,card,CP9176,velocity,3,0
AL003506,C60260,private,0,GB,SY,48497.79,ach,CP6560,pep_match,0,0
AL003507,C86289,retail,15,FR,FR,7304.28,card,CP8173,pep_match,2,0
AL003508,C92330,business,1,CA,MX,12364.06,wire,CP1302,high_risk_geo,1,1
AL003509,C87791,business,14,JP,DE,2152.39,card,CP5164,velocity,0,0
AL003510,C25260,retail,1,US,ZA,141590.45,card,CP5327,sanctions_match,0,0
AL003511,C11671,private,1,BR,DE,5000.0,ach,CP3742,round_amount,0,0
AL003512,C34472,retail,14,JP,TR,32989.27,wire,CP9945,dormant_reactivation,1,0
AL003513,C56005,retail,14,FR,BR,1366.22,wire,CP5393,velocity,0,0
AL003514,C13447,retail,20,SG,DE,9453.76,ach,CP9899,structuring,0,0
AL003515,C63581,retail,9,JP,CA,9578.69,cash,CP8856,structuring,3,0
AL003516,C50069,retail,21,JP,JP,138992.61,card,CP5060,sanctions_match,0,1
AL003517,C25703,private,5,ZA,TR,2369.11,wire,CP1135,velocity,1,0
AL003518,C11468,retail,21,JP,CA,1230.17,ach,CP5032,velocity,0,0
AL003519,C83767,retail,3,NG,AU,4172.76,wire,CP9668,velocity,2,0
AL003520,C11962,retail,15,DE,AE,43071.3,wire,CP9868,pep_match,5,0
AL003521,C18541,retail,22,FR,AU,23842.87,cash,CP3015,dormant_reactivation,1,0
AL003522,C50178,private,9,SG,VE,5000.0,ach,CP6707,round_amount,5,0
AL003523,C50001,business,6,AU,CA,1273.81,ach,CP5025,velocity,0,0
AL003524,C83819,retail,14,JP,JP,50000.0,ach,CP7178,round_amount,0,0
AL003525,C93191,retail,1,GB,DE,9909.6,card,CP2291,structuring,0,1
AL003526,C50395,retail,2,SY,JP,40326.64,wire,CP4132,dormant_reactivation,3,0
AL003527,C56428,retail,13,DE,SG,100000.0,wire,CP2421,round_amount,1,0
AL003528,C38183,retail,8,US,FR,9695.88,ach,CP8577,structuring,0,0
AL003529,C25639,retail,21,DE,ZA,1004.25,wire,CP8167,velocity,0,0
AL003530,C70458,private,14,CA,FR,50000.0,card,CP9825,round_amount,0,0
AL003531,C50018,retail,25,DE,FR,70502.34,card,CP8406,sanctions_match,3,0
AL003532,C12468,business,7,IR,AU,15675.84,ach,CP1226,high_risk_geo,0,0
AL003533,C23637,retail,16,FR,DE,31581.57,ach,CP7628,sanctions_match,0,0
AL003534,C47268,retail,21,US,MX,127309.73,ach,CP7588,sanctions_match,2,1
AL003535,C38512,business,25,GB,SG,8374.44,ach,CP8109,structuring,3,0
AL003536,C10906,business,23,DE,CA,8788.62,wire,CP6005,structuring,0,1
AL003537,C86104,retail,15,US,DE,2860.05,ach,CP4029,velocity,0,0
AL003538,C31150,private,4,AU,AE,9722.36,card,CP8985,structuring,0,0
AL003539,C42646,business,22,CA,JP,4495.46,ach,CP1559,velocity,0,0
AL003540,C78302,business,23,AU,AU,163090.05,wire,CP8455,sanctions_match,0,0
AL003541,C19300,retail,8,SG,US,10000.0,ach,CP1062,round_amount,1,0
AL003542,C94950,retail,20,CA,CA,8963.08,ach,CP9848,structuring,0,0
AL003543,C94705,retail,5,DE,AE,27896.64,wire,CP9468,pep_match,5,0
AL003544,C32850,retail,4,JP,JP,9612.3,ach,CP1700,structuring,0,0
AL003545,C40303,retail,24,AU,CA,2187.48,card,CP1851,velocity,2,0
AL003546,C29715,business,22,US,FR,50000.0,wire,CP1014,round_amount,0,0
AL003547,C34355,retail,16,GB,DE,21107.46,wire,CP4507,pep_match,0,0
AL003548,C64527,business,13,AU,SG,9558.54,wire,CP4084,structuring,0,1
AL003549,C72195,retail,13,JP,DE,100000.0,ach,CP5780,round_amount,1,0
AL003550,C21222,retail,11,FR,AU,10000.0,ach,CP9309,round_amount,0,0
AL003551,C64263,retail,10,SG,SG,12243.83,wire,CP2207,high_risk_geo,1,0
AL003552,C59457,retail,19,DE,FR,22523.53,card,CP1614,high_risk_geo,0,0
AL003553,C77768,retail,3,JP,JP,42392.34,ach,CP3835,pep_match,0,0
AL003554,C87214,retail,6,CA,AE,367.71,wire,CP5780,dormant_reactivation,1,0
AL003555,C81948,retail,5,ZA,MM,76353.04,ach,CP1157,sanctions_match,0,0
AL003556,C10403,retail,18,JP,AE,13264.07,card,CP9126,high_risk_geo,1,0
AL003557,C58122,business,5,DE,DE,4187.87,wire,CP5766,dormant_reactivation,0,0
AL003558,C93178,retail,16,AE,BR,2269.13,ach,CP3432,velocity,0,0
AL003559,C54221,retail,1,MM,BR,37461.11,wire,CP6153,dormant_reactivation,0,0
AL003560,C98348,retail,3,FR,AU,194813.43,cash,CP2095,sanctions_match,3,0
AL003561,C70689,retail,11,CA,AU,201224.27,wire,CP2497,sanctions_match,0,0
AL003562,C61537,retail,25,DE,AU,31066.1,ach,CP1273,pep_match,0,0
AL003563,C87177,retail,20,GB,JP,8315.67,ach,CP8130,structuring,0,0
AL003564,C93810,retail,9,US,CA,14325.05,ach,CP1321,high_risk_geo,1,0
AL003565,C69006,retail,18,SY,FR,571.23,card,CP1926,velocity,0,0
AL003566,C21110,business,2,DE,ZA,34454.75,wire,CP4232,dormant_reactivation,3,0
AL003567,C60772,retail,5,MX,SG,17216.61,wire,CP8948,high_risk_geo,0,0
AL003568,C99261,retail,22,AU,AU,2261.39,ach,CP7066,velocity,0,0
AL003569,C86023,retail,15,FR,AU,50000.0,ach,CP4305,round_amount,0,0
AL003570,C69185,private,15,TR,AU,10000.0,ach,CP2937,round_amount,1,0
AL003571,C79248,business,9,FR,US,8978.42,ach,CP3265,structuring,1,1
AL003572,C76349,retail,17,AU,CA,9278.45,ach,CP7403,structuring,0,0
AL003573,C52408,retail,17,SG,DE,23258.24,card,CP1625,high_risk_geo,0,0
AL003574,C28049,private,14,SY,NG,3960.27,wire,CP6935,velocity,0,1
AL003575,C72292,retail,20,GB,AU,15697.64,ach,CP5542,sanctions_match,0,1
AL003576,C32064,business,7,CA,TR,7478.13,wire,CP1507,high_risk_geo,2,0
AL003577,C71563,retail,14,CA,US,18043.48,ach,CP6869,high_risk_geo,0,1
AL003578,C72671,retail,14,DE,ZA,8832.46,ach,CP5988,dormant_reactivation,5,0
AL003579,C79143,private,13,TR,SG,24222.9,ach,CP7736,pep_match,0,0
AL003580,C63749,retail,6,TR,AU,9532.55,wire,CP3127,structuring,0,1
AL003581,C69311,retail,8,ZA,US,10057.29,ach,CP1496,high_risk_geo,2,0
AL003582,C95558,private,3,FR,DE,12984.03,ach,CP8619,pep_match,0,0
AL003583,C11199,retail,16,US,NG,9692.24,ach,CP1386,structuring,3,1
AL003584,C88468,private,13,AE,AU,178.12,ach,CP1646,velocity,0,0
AL003585,C26099,retail,0,GB,TR,196515.75,ach,CP6132,sanctions_match,2,0
AL003586,C32879,retail,2,FR,GB,50000.0,ach,CP8870,round_amount,5,0
AL003587,C30275,retail,19,ZA,DE,12227.14,wire,CP1326,pep_match,0,0
AL003588,C57710,retail,5,JP,AU,103835.19,card,CP1869,sanctions_match,1,0
AL003589,C93681,private,7,US,FR,159260.74,card,CP7683,sanctions_match,8,0
AL003590,C96388,retail,23,FR,AU,3520.64,card,CP2008,velocity,0,0
AL003591,C88904,retail,1,FR,AU,10000.0,ach,CP9405,round_amount,0,0
AL003592,C33614,retail,20,CA,NG,9611.91,card,CP6617,structuring,0,0
AL003593,C42513,retail,16,BR,AU,37447.67,wire,CP9303,pep_match,1,1
AL003594,C75927,retail,8,JP,TR,38281.96,cash,CP6198,dormant_reactivation,0,0
AL003595,C20234,retail,13,GB,US,17419.22,card,CP3148,pep_match,2,0
AL003596,C10138,retail,10,AU,JP,29675.1,wire,CP4801,pep_match,0,0
AL003597,C98180,retail,22,AU,FR,4465.59,cash,CP1276,velocity,0,0
AL003598,C11978,retail,17,MM,CA,12098.41,card,CP6607,high_risk_geo,5,0
AL003599,C60904,retail,23,US,FR,36610.55,ach,CP3329,dormant_reactivation,3,0
AL003600,C49522,retail,4,JP,JP,17440.36,card,CP9156,dormant_reactivation,8,0
AL003601,C37200,retail,18,SG,DE,49213.45,wire,CP2173,pep_match,0,0
AL003602,C79382,retail,5,CA,VE,12069.8,ach,CP1247,high_risk_geo,0,0
AL003603,C83722,retail,2,SG,DE,13913.96,wire,CP8080,high_risk_geo,1,0
AL003604,C98986,business,5,FR,US,22654.19,wire,CP7179,pep_match,2,0
AL003605,C53019,retail,11,DE,BR,234853.79,card,CP1875,sanctions_match,0,0
AL003606,C62479,private,4,AE,AE,25000.0,card,CP1769,round_amount,1,0
AL003607,C31986,business,15,KP,AU,13133.15,ach,CP1678,pep_match,0,0
AL003608,C80964,retail,15,FR,MX,170675.74,wire,CP1006,sanctions_match,0,1
AL003609,C92601,retail,12,DE,SG,9136.83,card,CP5139,structuring,0,0
AL003610,C85122,business,0,AE,RU,50000.0,wire,CP4602,round_amount,0,0
AL003611,C11498,retail,24,AU,US,9959.3,card,CP1084,high_risk_geo,3,0
AL003612,C60224,retail,15,DE,JP,9966.28,card,CP7185,structuring,0,0
AL003613,C28388,private,3,US,US,14978.88,ach,CP4477,pep_match,1,0
AL003614,C69535,retail,12,RU,MX,2397.27,wire,CP4881,velocity,0,1
AL003615,C96599,retail,19,GB,CA,7357.57,wire,CP5214,high_risk_geo,0,1
AL003616,C93586,retail,12,ZA,CA,4932.54,wire,CP8021,dormant_reactivation,0,0
AL003617,C92369,private,23,JP,JP,100000.0,wire,CP8555,round_amount,0,0
AL003618,C92026,business,22,FR,CA,48646.42,card,CP4562,pep_match,2,0
AL003619,C38050,private,9,VE,AU,853.06,cash,CP4171,velocity,0,0
AL003620,C71421,retail,4,FR,GB,196987.91,card,CP6726,sanctions_match,0,0
AL003621,C28284,retail,13,DE,ZA,25000.0,cash,CP6595,round_amount,0,0
AL003622,C32974,retail,5,GB,NG,7915.41,card,CP7361,structuring,0,1
AL003623,C11705,business,20,US,US,47310.5,card,CP9769,pep_match,1,0
AL003624,C40364,business,9,AU,AE,41983.4,ach,CP1984,sanctions_match,0,0
AL003625,C84012,retail,16,SG,TR,25430.95,ach,CP9696,sanctions_match,1,1
AL003626,C64816,business,10,NG,BR,10000.0,card,CP8929,round_amount,0,0
AL003627,C64943,retail,20,CA,SG,527.2,ach,CP6032,pep_match,0,0
AL003628,C34344,retail,14,DE,FR,100000.0,ach,CP6616,round_amount,0,0
AL003629,C60859,retail,18,AU,SG,24222.8,cash,CP7320,dormant_reactivation,1,0
AL003630,C18096,retail,11,DE,US,66627.1,cash,CP8207,sanctions_match,3,0
AL003631,C39307,private,23,MX,AE,171984.2,ach,CP1949,high_risk_geo,1,0
AL003632,C55163,retail,19,SG,AU,175653.55,ach,CP4767,sanctions_match,5,0
AL003633,C34272,retail,24,FR,GB,49405.84,card,CP9970,pep_match,1,1
AL003634,C85456,private,6,JP,NG,50000.0,wire,CP9767,round_amount,2,0
AL003635,C18026,retail,10,NG,FR,8400.3,ach,CP9557,structuring,0,0
AL003636,C22365,retail,14,DE,GB,4515.44,wire,CP9794,velocity,1,0
AL003637,C40966,retail,4,US,FR,25000.0,wire,CP5945,round_amount,1,0
AL003638,C55671,retail,1,GB,JP,105445.87,wire,CP5338,sanctions_match,1,0
AL003639,C83452,retail,3,GB,DE,8023.55,card,CP8617,structuring,0,1
AL003640,C33868,retail,14,FR,CA,13846.48,card,CP3114,high_risk_geo,0,0
AL003641,C23672,retail,11,BR,JP,5918.23,ach,CP5055,pep_match,0,1
AL003642,C67622,retail,0,FR,SG,178067.29,card,CP5256,sanctions_match,0,0
AL003643,C25590,retail,17,US,AU,2696.67,ach,CP3929,velocity,0,0
AL003644,C47609,retail,8,DE,FR,8529.21,card,CP9865,high_risk_geo,2,0
AL003645,C23976,retail,11,US,JP,12566.26,wire,CP5293,pep_match,0,0
AL003646,C20420,retail,20,CA,CA,3384.23,ach,CP3775,velocity,0,0
AL003647,C27651,business,0,DE,MX,10008.02,ach,CP8515,high_risk_geo,3,0
AL003648,C88849,retail,10,SG,MM,228674.7,ach,CP1073,sanctions_match,0,0
AL003649,C13774,business,0,SG,SG,23201.07,wire,CP9812,high_risk_geo,3,0
AL003650,C14317,retail,17,US,MX,5025.26,ach,CP3532,pep_match,0,0
AL003651,C32098,retail,4,AU,GB,20915.13,ach,CP4899,pep_match,0,0
AL003652,C25744,retail,17,AU,AU,246893.17,ach,CP9612,sanctions_match,0,1
AL003653,C78667,private,17,US,AE,83378.86,wire,CP8848,sanctions_match,0,0
AL003654,C65587,retail,2,GB,DE,113848.69,wire,CP3786,sanctions_match,2,0
AL003655,C85816,business,22,SG,AU,8047.14,wire,CP1974,structuring,0,1
AL003656,C30274,retail,22,NG,BR,6877.73,ach,CP7699,dormant_reactivation,2,0
AL003657,C73875,retail,20,DE,GB,44124.86,wire,CP5412,dormant_reactivation,1,0
AL003658,C76080,retail,11,CA,GB,38738.53,wire,CP6708,pep_match,0,0
AL003659,C20701,retail,3,ZA,FR,10000.0,ach,CP1438,round_amount,2,0
AL003660,C88833,retail,8,ZA,DE,174701.02,wire,CP1935,sanctions_match,0,0
AL003661,C70843,business,20,ZA,AU,100000.0,ach,CP9323,round_amount,1,0
AL003662,C31199,retail,3,CA,FR,6617.54,wire,CP9410,high_risk_geo,5,0
AL003663,C82433,retail,5,FR,SG,2955.18,wire,CP9466,velocity,0,0
AL003664,C56595,business,20,US,RU,9432.88,wire,CP8484,dormant_reactivation,0,0
AL003665,C90859,business,21,SG,DE,32948.28,card,CP3111,pep_match,0,0
AL003666,C10188,retail,19,MM,AU,5489.83,ach,CP2702,high_risk_geo,0,0
AL003667,C99596,retail,19,CA,DE,10000.0,wire,CP5676,round_amount,0,0
AL003668,C50404,private,14,AE,JP,143252.07,wire,CP5412,sanctions_match,3,0
AL003669,C70041,private,15,JP,BR,24332.63,wire,CP7329,dormant_reactivation,0,0
AL003670,C22385,retail,0,AE,ZA,8529.93,wire,CP1930,structuring,0,0
AL003671,C27644,retail,8,AU,SG,3156.39,ach,CP1746,velocity,0,0
AL003672,C95521,retail,13,US,SG,2310.6,wire,CP4067,velocity,2,0
AL003673,C60354,business,13,BR,SG,3651.96,ach,CP9857,velocity,0,0
AL003674,C39381,retail,16,AU,FR,14539.07,wire,CP1736,high_risk_geo,0,0
AL003675,C86672,retail,16,JP,FR,4250.12,wire,CP5350,velocity,0,0
AL003676,C60546,retail,1,SY,US,4100.39,ach,CP4473,velocity,0,0
AL003677,C35929,private,12,AU,MX,5474.03,wire,CP9762,dormant_reactivation,0,0
AL003678,C42263,retail,3,MX,JP,2841.05,wire,CP3486,velocity,1,0
AL003679,C67866,retail,22,SG,BR,4538.65,ach,CP8549,dormant_reactivation,2,0
AL003680,C67473,retail,10,BR,FR,17474.4,wire,CP2627,high_risk_geo,1,0
AL003681,C72909,business,20,AU,FR,25000.0,card,CP7396,round_amount,0,0
AL003682,C70215,retail,16,DE,AU,98045.1,cash,CP7276,sanctions_match,1,0
AL003683,C68592,retail,23,US,DE,197459.1,ach,CP1594,sanctions_match,0,1
AL003684,C28342,retail,15,JP,CA,9974.29,wire,CP9708,structuring,0,0
AL003685,C22330,private,11,JP,ZA,48432.61,ach,CP3794,pep_match,1,0
AL003686,C86221,retail,22,US,DE,10000.0,wire,CP6030,round_amount,0,0
AL003687,C55551,retail,23,FR,GB,8186.41,ach,CP6230,structuring,0,1
AL003688,C47092,business,3,CA,GB,35032.74,wire,CP3057,pep_match,0,0
AL003689,C19734,retail,1,GB,US,8250.12,ach,CP1728,structuring,1,1
AL003690,C59199,business,5,SG,FR,1078.8,wire,CP4408,velocity,0,0
AL003691,C32420,retail,15,FR,AU,9125.57,card,CP6419,dormant_reactivation,1,1
AL003692,C76497,retail,6,CA,DE,4279.59,wire,CP6994,velocity,0,0
AL003693,C53752,retail,23,FR,GB,5000.0,ach,CP5707,round_amount,2,0
AL003694,C20074,retail,1,GB,JP,46653.62,card,CP2899,dormant_reactivation,3,0
AL003695,C74463,business,8,US,GB,25000.0,card,CP1585,round_amount,0,0
AL003696,C30164,private,2,DE,JP,2039.13,ach,CP5270,velocity,1,0
AL003697,C37328,business,11,SG,AU,16210.92,wire,CP4316,high_risk_geo,0,0
AL003698,C58532,business,14,GB,AU,144712.26,wire,CP1429,sanctions_match,0,0
AL003699,C15100,retail,20,AE,AU,3919.76,ach,CP7516,velocity,2,0
AL003700,C62336,retail,7,ZA,GB,8242.28,wire,CP4917,structuring,0,1
AL003701,C87559,retail,24,US,ZA,5000.0,cash,CP2286,round_amount,0,0
AL003702,C28928,private,12,AE,NG,9625.06,card,CP4543,structuring,0,1
AL003703,C30473,retail,8,CA,GB,14520.73,ach,CP3798,dormant_reactivation,0,0
AL003704,C96414,retail,19,DE,US,7293.73,wire,CP3639,sanctions_match,0,1
AL003705,C52298,retail,24,US,SG,6917.65,card,CP7236,high_risk_geo,0,0
AL003706,C17340,retail,25,BR,FR,34877.38,wire,CP9804,dormant_reactivation,1,0
AL003707,C34801,private,8,VE,RU,236788.06,wire,CP1004,high_risk_geo,0,1
AL003708,C53825,retail,3,US,DE,5000.0,wire,CP7931,round_amount,3,0
AL003709,C81461,retail,25,AU,DE,10000.0,ach,CP8711,round_amount,0,0
AL003710,C87857,private,8,KP,GB,15176.1,card,CP3621,dormant_reactivation,0,0
AL003711,C31409,retail,10,VE,TR,19414.41,wire,CP4563,high_risk_geo,0,1
AL003712,C22569,retail,1,RU,US,29128.95,cash,CP5553,pep_match,3,0
AL003713,C78472,retail,14,JP,TR,24746.96,wire,CP4612,high_risk_geo,0,0
AL003714,C46481,retail,20,JP,AU,9320.16,ach,CP2850,structuring,0,0
AL003715,C91807,retail,18,JP,DE,9367.34,ach,CP2305,structuring,1,0
AL003716,C84761,private,17,ZA,DE,1807.01,ach,CP6661,pep_match,0,0
AL003717,C10587,retail,0,GB,SG,8292.74,cash,CP7903,structuring,1,1
AL003718,C55885,business,14,AU,FR,21516.07,ach,CP3755,high_risk_geo,0,0
AL003719,C97106,private,12,DE,NG,25000.0,wire,CP3283,round_amount,1,0
AL003720,C44626,retail,25,NG,GB,4102.87,ach,CP2692,velocity,0,0
AL003721,C96469,private,2,AE,SY,3707.38,wire,CP7687,velocity,0,0
AL003722,C65613,retail,1,ZA,FR,184872.64,ach,CP5368,sanctions_match,0,0
AL003723,C63474,retail,7,JP,GB,107828.78,wire,CP2100,sanctions_match,1,1
AL003724,C25697,retail,22,US,DE,5000.0,ach,CP1704,round_amount,3,0
AL003725,C34423,retail,2,AU,US,23273.69,cash,CP3679,high_risk_geo,0,0
AL003726,C59982,business,20,AU,SG,2218.24,ach,CP5759,velocity,0,0
AL003727,C24304,retail,2,DE,US,100000.0,wire,CP3215,round_amount,0,0
AL003728,C76750,retail,3,MX,US,1989.06,ach,CP8903,velocity,3,0
AL003729,C32223,retail,23,US,FR,6391.54,wire,CP4151,high_risk_geo,5,1
AL003730,C44720,retail,13,FR,TR,71165.7,ach,CP2402,sanctions_match,0,0
AL003731,C38446,retail,11,US,FR,48394.67,wire,CP2444,dormant_reactivation,2,0
AL003732,C25173,retail,25,SG,US,50000.0,wire,CP5379,round_amount,0,0
AL003733,C70008,retail,23,JP,MX,5000.0,ach,CP8768,round_amount,0,0
AL003734,C71719,retail,22,JP,AU,26627.03,ach,CP2576,sanctions_match,0,0
AL003735,C43391,retail,10,DE,US,5000.0,ach,CP9174,round_amount,0,1
AL003736,C29009,retail,4,DE,US,10000.0,ach,CP6274,round_amount,0,1
AL003737,C89915,private,25,FR,GB,4635.71,ach,CP8020,velocity,0,1
AL003738,C85378,retail,23,DE,BR,25234.05,wire,CP4892,sanctions_match,3,0
AL003739,C24976,private,19,ZA,MM,13590.73,wire,CP3699,pep_match,2,0
AL003740,C78260,business,20,BR,AE,29444.12,ach,CP8331,pep_match,2,0
AL003741,C15760,business,9,CA,FR,8000.46,ach,CP3435,high_risk_geo,1,0
AL003742,C20880,retail,8,GB,AU,29841.83,ach,CP1614,dormant_reactivation,0,0
AL003743,C74580,retail,0,TR,GB,43922.79,wire,CP8712,dormant_reactivation,0,0
AL003744,C75970,retail,8,AU,CA,123545.73,ach,CP4655,sanctions_match,3,0
AL003745,C66658,retail,21,DE,CA,2299.31,wire,CP7313,velocity,1,0
AL003746,C99025,retail,10,GB,SG,48734.84,wire,CP3300,pep_match,2,0
AL003747,C10215,retail,0,BR,AU,13465.4,wire,CP4921,high_risk_geo,0,0
AL003748,C39953,retail,24,GB,SG,50000.0,wire,CP4387,round_amount,0,0
AL003749,C56428,retail,25,JP,AU,20339.25,card,CP1324,dormant_reactivation,0,0
AL003750,C57278,retail,20,US,US,30499.16,ach,CP1785,dormant_reactivation,0,0
AL003751,C18851,retail,18,US,JP,25000.0,ach,CP3077,round_amount,0,0
AL003752,C67700,retail,19,AU,US,9166.91,ach,CP7536,dormant_reactivation,5,0
AL003753,C41065,retail,8,CA,FR,22547.33,wire,CP3194,high_risk_geo,0,0
AL003754,C97540,business,0,SG,CA,191822.74,ach,CP1665,sanctions_match,0,0
AL003755,C27337,retail,20,MX,DE,43749.66,ach,CP3905,dormant_reactivation,0,0
AL003756,C82773,retail,13,DE,BR,226844.52,card,CP8034,sanctions_match,0,0
AL003757,C96690,retail,10,AU,JP,10328.25,cash,CP9090,pep_match,3,0
AL003758,C74563,retail,22,GB,CA,7924.22,ach,CP9843,structuring,2,1
AL003759,C63086,retail,8,US,GB,43298.76,ach,CP1157,pep_match,2,0
AL003760,C44174,retail,15,SG,JP,221712.84,ach,CP6118,sanctions_match,1,0
AL003761,C94784,retail,2,FR,FR,33635.4,card,CP3315,dormant_reactivation,0,0
AL003762,C14928,retail,20,SG,SG,8745.05,wire,CP3775,structuring,0,0
AL003763,C79520,private,4,GB,FR,39801.07,ach,CP6194,pep_match,0,0
AL003764,C56173,retail,14,AU,ZA,22953.23,card,CP4116,high_risk_geo,1,0
AL003765,C43425,business,20,ZA,DE,10880.72,ach,CP4667,high_risk_geo,0,0
AL003766,C67456,private,1,NG,BR,8627.26,ach,CP6561,structuring,0,0
AL003767,C11707,retail,22,FR,DE,132392.54,wire,CP3596,sanctions_match,0,0
AL003768,C19095,retail,21,SG,JP,9654.82,wire,CP3615,structuring,1,1
AL003769,C65993,retail,0,BR,US,26247.44,ach,CP6199,pep_match,0,0
AL003770,C82979,retail,24,GB,GB,18602.08,ach,CP6400,dormant_reactivation,1,0
AL003771,C35380,retail,18,US,FR,14870.08,ach,CP9634,dormant_reactivation,1,0
AL003772,C61288,business,9,FR,AU,20109.81,ach,CP1713,high_risk_geo,8,0
AL003773,C36398,retail,11,JP,KP,27883.47,card,CP1363,dormant_reactivation,2,0
AL003774,C18141,retail,0,CA,FR,26437.53,ach,CP9447,dormant_reactivation,0,0
AL003775,C94619,private,4,TR,KP,4056.39,wire,CP5120,velocity,1,0
AL003776,C55882,retail,22,DE,SG,15417.52,ach,CP1387,high_risk_geo,0,0
AL003777,C17274,retail,1,TR,GB,205284.66,ach,CP8262,sanctions_match,2,0
AL003778,C93497,retail,25,JP,US,16178.34,card,CP7287,pep_match,0,0
AL003779,C21080,private,8,BR,KP,9984.38,wire,CP6837,structuring,0,0
AL003780,C30481,private,8,AU,TR,113197.69,ach,CP5332,high_risk_geo,0,0
AL003781,C60701,retail,6,JP,GB,22590.15,ach,CP2119,dormant_reactivation,0,0
AL003782,C87092,retail,23,AE,FR,4481.4,ach,CP3540,pep_match,0,1
AL003783,C42690,retail,4,DE,NG,4639.73,ach,CP8763,velocity,0,0
AL003784,C35331,retail,11,FR,DE,4697.55,ach,CP8400,velocity,0,0
AL003785,C33702,retail,13,TR,GB,25000.0,cash,CP4649,round_amount,1,0
AL003786,C49970,business,0,JP,SG,3820.13,ach,CP9358,velocity,2,0
AL003787,C33750,private,20,KP,MX,121606.17,wire,CP1804,high_risk_geo,1,0
AL003788,C96713,business,22,US,FR,50000.0,ach,CP1183,round_amount,3,0
AL003789,C29234,retail,17,SG,GB,22424.5,wire,CP9510,pep_match,0,0
AL003790,C86415,retail,0,MX,DE,3274.62,ach,CP8637,velocity,0,0
AL003791,C80204,business,24,JP,GB,14158.91,wire,CP1121,pep_match,3,0
AL003792,C32819,retail,8,AU,US,19243.5,ach,CP8989,high_risk_geo,3,0
AL003793,C63298,retail,17,SG,JP,100000.0,ach,CP3008,round_amount,0,0
AL003794,C35885,business,16,CA,DE,50000.0,card,CP2033,round_amount,0,0
AL003795,C65600,retail,24,DE,ZA,42205.29,ach,CP3778,dormant_reactivation,0,0
AL003796,C50897,retail,16,AU,AU,50000.0,wire,CP8609,round_amount,1,0
AL003797,C61435,retail,21,GB,SG,100000.0,ach,CP8260,round_amount,0,0
AL003798,C88335,retail,10,JP,GB,2307.72,ach,CP9237,velocity,0,0
AL003799,C72695,retail,4,VE,CA,9502.32,wire,CP2570,structuring,0,0
AL003800,C68276,business,18,JP,GB,9200.47,wire,CP2508,pep_match,0,0
AL003801,C25331,private,19,RU,BR,50000.0,ach,CP4432,round_amount,5,0
AL003802,C57283,retail,0,MX,DE,8676.54,wire,CP5011,structuring,0,0
AL003803,C69133,retail,9,NG,GB,36691.98,wire,CP6365,pep_match,0,0
AL003804,C40470,private,14,MX,NG,121633.07,ach,CP2561,high_risk_geo,2,0
AL003805,C38364,private,8,JP,GB,2781.7,wire,CP6402,velocity,0,0
AL003806,C66830,retail,7,DE,SG,15205.85,ach,CP4854,high_risk_geo,8,0
AL003807,C35426,retail,0,MX,SY,15609.51,ach,CP3167,dormant_reactivation,3,0
AL003808,C86095,private,4,KP,NG,94563.28,cash,CP5825,sanctions_match,0,0
AL003809,C92666,retail,6,GB,CA,21590.16,wire,CP6590,high_risk_geo,0,0
AL003810,C22373,retail,4,SG,GB,144174.92,cash,CP3267,sanctions_match,0,0
AL003811,C10338,business,1,GB,DE,20134.09,card,CP7021,high_risk_geo,3,1
AL003812,C77221,retail,20,BR,IR,100000.0,card,CP1564,round_amount,0,0
AL003813,C36288,business,0,US,JP,49151.01,wire,CP2941,dormant_reactivation,0,0
AL003814,C24119,business,3,TR,BR,228971.48,ach,CP2961,sanctions_match,0,0
AL003815,C91468,business,3,JP,GB,6640.04,ach,CP1773,high_risk_geo,1,0
AL003816,C58315,retail,0,AU,SG,20931.61,card,CP5958,dormant_reactivation,1,0
AL003817,C96721,retail,2,AU,US,105426.11,ach,CP4550,sanctions_match,0,0
AL003818,C26528,business,19,AU,FR,3176.75,card,CP1963,velocity,1,0
AL003819,C38893,retail,25,US,MX,8533.14,card,CP3933,structuring,8,1
AL003820,C80713,private,17,AU,MX,49434.94,ach,CP1285,dormant_reactivation,1,0
AL003821,C84733,business,3,SG,AU,2779.27,cash,CP4445,velocity,0,0
AL003822,C36086,retail,18,JP,NG,25000.0,wire,CP2608,round_amount,3,0
AL003823,C30338,retail,21,CA,AU,50000.0,ach,CP2187,round_amount,1,0
AL003824,C28927,business,6,MX,AU,22506.42,wire,CP1229,high_risk_geo,1,0
AL003825,C72686,retail,17,GB,JP,100000.0,cash,CP1388,round_amount,1,0
AL003826,C36902,retail,9,CA,JP,20802.22,ach,CP2008,high_risk_geo,1,0
AL003827,C17509,retail,8,CA,MX,180840.13,ach,CP2177,sanctions_match,1,1
AL003828,C24307,retail,9,AU,US,9782.41,wire,CP3214,sanctions_match,2,0
AL003829,C29150,retail,22,CA,FR,16402.87,ach,CP6295,dormant_reactivation,3,0
AL003830,C18027,business,18,FR,GB,48054.91,cash,CP2026,dormant_reactivation,2,0
AL003831,C22614,business,13,DE,CA,770.96,wire,CP6044,velocity,0,0
AL003832,C20013,retail,21,FR,US,13124.46,ach,CP3158,high_risk_geo,2,0
AL003833,C18425,retail,1,BR,VE,2605.51,card,CP3698,velocity,2,1
AL003834,C42209,private,12,US,SG,215118.29,ach,CP4059,high_risk_geo,0,0
AL003835,C76231,retail,5,DE,FR,73711.09,ach,CP1370,sanctions_match,0,1
AL003836,C90443,private,20,US,DE,184785.61,card,CP7016,high_risk_geo,1,1
AL003837,C21243,retail,14,FR,CA,100000.0,wire,CP1430,round_amount,0,0
AL003838,C85047,private,11,SG,CA,208253.23,ach,CP9338,sanctions_match,0,0
AL003839,C91619,private,25,AE,JP,138176.52,ach,CP7949,sanctions_match,1,0
AL003840,C94293,retail,16,GB,SG,8080.79,ach,CP3811,structuring,0,0
AL003841,C23941,retail,12,GB,GB,6521.41,card,CP4997,high_risk_geo,8,0
AL003842,C59774,private,9,FR,BR,200701.72,card,CP3247,high_risk_geo,0,0
AL003843,C46921,private,3,DE,GB,4256.8,wire,CP7951,velocity,0,0
AL003844,C90893,retail,11,CA,SG,24010.83,ach,CP3262,dormant_reactivation,1,0
AL003845,C95262,private,12,RU,GB,5000.0,cash,CP8750,round_amount,1,0
AL003846,C55568,retail,2,SG,JP,100000.0,ach,CP1252,round_amount,2,0
AL003847,C63854,business,6,FR,AU,10000.0,cash,CP9290,round_amount,1,0
AL003848,C34119,retail,24,CA,ZA,14277.39,ach,CP3099,pep_match,1,0
AL003849,C40863,retail,18,SG,AE,14241.33,wire,CP3265,dormant_reactivation,1,0
AL003850,C71822,retail,19,FR,CA,5000.0,ach,CP6036,round_amount,0,0
AL003851,C53319,retail,25,BR,US,5000.0,wire,CP2113,round_amount,8,0
AL003852,C58358,private,3,SG,SG,8325.33,wire,CP9450,structuring,0,0
AL003853,C47435,retail,16,FR,AU,9051.82,card,CP7165,pep_match,0,0
AL003854,C56789,private,16,RU,FR,100000.0,ach,CP8528,round_amount,2,0
AL003855,C88955,retail,8,SG,FR,292.96,wire,CP5185,velocity,0,0
AL003856,C62067,retail,9,DE,DE,50000.0,ach,CP8512,round_amount,0,0
AL003857,C87086,retail,14,CA,GB,24591.04,ach,CP7842,dormant_reactivation,0,0
AL003858,C93963,retail,20,FR,GB,10000.0,ach,CP9462,round_amount,0,0
AL003859,C92959,business,10,AE,SG,4282.06,wire,CP6765,velocity,0,0
AL003860,C50467,retail,14,SG,US,23122.05,cash,CP7115,dormant_reactivation,0,0
AL003861,C87037,retail,5,US,DE,194167.68,wire,CP3873,sanctions_match,0,0
AL003862,C23710,retail,20,JP,GB,308.72,ach,CP9160,velocity,2,0
AL003863,C67378,retail,23,JP,GB,20297.01,card,CP6043,dormant_reactivation,2,0
AL003864,C69979,retail,18,GB,GB,69162.61,wire,CP3653,sanctions_match,0,0
AL003865,C40392,retail,19,US,NG,181182.94,ach,CP8194,sanctions_match,0,0
AL003866,C33510,retail,19,DE,IR,28732.86,ach,CP1970,dormant_reactivation,2,0
AL003867,C45721,retail,17,JP,AU,5853.02,cash,CP6754,dormant_reactivation,8,0
AL003868,C74444,retail,17,FR,US,1855.69,card,CP7617,pep_match,0,0
AL003869,C88944,private,14,AU,GB,209208.53,wire,CP7165,sanctions_match,5,1
AL003870,C33348,retail,6,AU,AU,1210.06,card,CP3940,velocity,1,0
AL003871,C88309,retail,14,MX,US,50000.0,wire,CP6447,round_amount,0,0
AL003872,C94036,business,24,AU,FR,8984.21,ach,CP8719,structuring,0,0
AL003873,C86091,retail,20,DE,ZA,29962.05,wire,CP3464,sanctions_match,0,0
AL003874,C13928,business,9,JP,TR,8260.72,ach,CP7513,structuring,0,0
AL003875,C23740,retail,22,FR,AU,10006.93,wire,CP7488,high_risk_geo,2,0
AL003876,C49037,private,3,FR,DE,9242.53,ach,CP7240,structuring,0,0
AL003877,C95091,retail,21,US,AU,13088.91,card,CP7008,sanctions_match,2,0
AL003878,C14309,retail,21,US,FR,8871.53,card,CP6409,structuring,0,0
AL003879,C62064,retail,8,GB,SG,9504.84,cash,CP1157,pep_match,0,0
AL003880,C33061,retail,12,JP,AE,16863.26,card,CP4049,high_risk_geo,0,0
AL003881,C99334,retail,19,CA,CA,24670.98,ach,CP8440,pep_match,0,0
AL003882,C42343,retail,4,AE,FR,9470.44,wire,CP9950,structuring,2,0
AL003883,C97803,retail,15,JP,SG,5000.0,ach,CP5232,round_amount,0,0
AL003884,C40788,business,18,ZA,ZA,43854.21,ach,CP5630,pep_match,0,0
AL003885,C64348,retail,5,DE,DE,5000.0,ach,CP9559,round_amount,1,0
AL003886,C34433,retail,1,US,US,100000.0,ach,CP3344,round_amount,0,0
AL003887,C39113,retail,1,DE,US,2378.18,wire,CP8415,velocity,0,0
AL003888,C92688,business,7,CA,SG,2275.39,wire,CP3357,velocity,2,0
AL003889,C26510,retail,13,MM,FR,28614.77,wire,CP5036,pep_match,0,0
AL003890,C77510,private,5,BR,ZA,8109.47,ach,CP2400,structuring,1,0
AL003891,C76344,private,16,MX,AE,45516.92,ach,CP1504,dormant_reactivation,0,1
AL003892,C53163,retail,8,US,DE,8662.94,wire,CP3081,structuring,0,0
AL003893,C29359,retail,15,FR,SG,9546.0,ach,CP2669,structuring,1,1
AL003894,C84278,business,24,KP,US,4997.46,ach,CP8251,pep_match,1,0
AL003895,C52597,retail,9,AU,CA,5000.0,ach,CP2740,round_amount,0,0
AL003896,C63228,retail,4,AU,AE,47528.53,card,CP7473,dormant_reactivation,0,0
AL003897,C35337,private,0,RU,CA,67143.42,card,CP2944,high_risk_geo,0,0
AL003898,C97086,retail,13,FR,SY,4308.82,cash,CP9332,velocity,3,0
AL003899,C86082,retail,19,AE,BR,43531.72,ach,CP2232,dormant_reactivation,0,0
AL003900,C85150,business,9,AU,AU,185289.64,wire,CP6692,sanctions_match,0,0
AL003901,C23577,retail,4,TR,US,13592.48,card,CP7850,dormant_reactivation,0,0
AL003902,C27195,retail,5,SG,FR,45053.98,wire,CP2764,dormant_reactivation,0,0
AL003903,C36739,business,7,SG,CA,36682.53,card,CP2703,dormant_reactivation,1,0
AL003904,C32058,retail,23,GB,JP,9728.21,ach,CP8765,high_risk_geo,0,0
AL003905,C48634,retail,6,DE,JP,241334.28,ach,CP4689,sanctions_match,0,0
AL003906,C92341,retail,11,CA,CA,10000.0,card,CP2394,round_amount,0,0
AL003907,C98348,private,18,KP,GB,1548.33,ach,CP3410,velocity,0,0
AL003908,C55425,retail,16,TR,FR,3873.85,ach,CP8550,velocity,0,0
AL003909,C49641,retail,19,CA,CA,10000.0,ach,CP6279,round_amount,0,0
AL003910,C23168,retail,12,CA,AU,196779.7,ach,CP8034,sanctions_match,1,1
AL003911,C73423,business,15,DE,US,10000.0,ach,CP1066,round_amount,0,0
AL003912,C10053,retail,19,JP,AE,8036.56,cash,CP7354,structuring,2,0
AL003913,C90722,retail,19,AU,GB,2820.67,wire,CP2732,pep_match,0,0
AL003914,C74408,retail,12,ZA,NG,25000.0,cash,CP5235,round_amount,3,0
AL003915,C10158,retail,10,CA,GB,18308.38,wire,CP5267,dormant_reactivation,0,0
AL003916,C71087,retail,7,CA,DE,21913.55,card,CP3059,high_risk_geo,0,0
AL003917,C96517,business,8,FR,AU,29530.01,wire,CP2012,pep_match,0,0
AL003918,C34881,retail,24,AU,US,8915.7,ach,CP2898,structuring,0,0
AL003919,C57810,business,22,AU,DE,43009.35,wire,CP2770,pep_match,0,0
AL003920,C94823,business,4,SG,JP,23623.45,cash,CP5419,high_risk_geo,1,0
AL003921,C37811,retail,25,DE,GB,14946.48,wire,CP6611,high_risk_geo,2,0
AL003922,C96156,retail,10,DE,JP,2573.32,ach,CP3104,pep_match,0,0
AL003923,C92296,retail,10,DE,US,16474.72,ach,CP5533,high_risk_geo,0,0
AL003924,C50635,retail,2,FR,AE,4490.62,cash,CP1543,velocity,0,0
AL003925,C58503,retail,9,AU,GB,24079.41,ach,CP3603,high_risk_geo,0,1
AL003926,C16552,private,25,NG,AE,8606.32,card,CP8418,structuring,0,0
AL003927,C95929,private,18,BR,ZA,25000.0,wire,CP6793,round_amount,1,1
AL003928,C63495,private,8,IR,MX,122172.58,card,CP2680,sanctions_match,5,0
AL003929,C28813,retail,4,CA,CA,5000.0,ach,CP6205,round_amount,1,0
AL003930,C68427,retail,8,US,JP,16474.26,cash,CP3891,sanctions_match,0,0
AL003931,C74819,retail,0,JP,SY,8327.0,ach,CP6651,structuring,1,0
AL003932,C93171,retail,7,JP,FR,725.19,ach,CP9913,velocity,0,0
AL003933,C21691,business,17,BR,US,9361.35,ach,CP4415,structuring,2,1
AL003934,C84182,retail,6,US,FR,42913.47,wire,CP4982,dormant_reactivation,1,0
AL003935,C92638,business,20,CA,NG,10000.0,wire,CP1695,round_amount,1,0
AL003936,C97888,business,2,SG,GB,48807.47,ach,CP1276,pep_match,0,0
AL003937,C21135,business,16,GB,AE,23572.3,ach,CP1446,high_risk_geo,1,0
AL003938,C10821,retail,21,AE,DE,16142.18,card,CP3300,high_risk_geo,8,0
AL003939,C89393,private,2,MX,JP,9513.32,ach,CP4100,structuring,0,0
AL003940,C96974,retail,9,BR,AU,9096.12,ach,CP3569,structuring,0,0
AL003941,C88840,retail,0,GB,CA,25000.0,ach,CP1386,round_amount,0,0
AL003942,C93776,retail,7,JP,GB,22899.64,ach,CP2468,high_risk_geo,1,0
AL003943,C48730,retail,6,BR,DE,8686.23,ach,CP9851,high_risk_geo,8,0
AL003944,C57473,retail,7,NG,AU,100000.0,ach,CP9975,round_amount,1,0
AL003945,C99102,retail,22,GB,US,46156.91,card,CP6966,dormant_reactivation,1,0
AL003946,C82006,retail,1,FR,FR,100000.0,wire,CP8638,round_amount,0,0
AL003947,C92197,retail,11,GB,SG,25000.0,ach,CP9677,round_amount,0,0
AL003948,C17181,retail,16,DE,FR,180914.78,wire,CP3460,sanctions_match,0,0
AL003949,C38128,business,3,BR,JP,41663.96,ach,CP8590,pep_match,0,0
AL003950,C66284,retail,3,AU,DE,9337.26,cash,CP8158,structuring,0,0
AL003951,C57765,business,6,GB,GB,25000.0,ach,CP6695,round_amount,0,0
AL003952,C52751,retail,19,JP,MX,10000.0,wire,CP1538,round_amount,5,0
AL003953,C35686,retail,14,FR,AE,15067.87,ach,CP8403,pep_match,0,0
AL003954,C67274,private,9,KP,AU,3859.76,ach,CP7843,velocity,0,0
AL003955,C16849,retail,11,MX,SG,422.88,wire,CP7493,dormant_reactivation,0,0
AL003956,C53434,retail,19,AU,MX,25309.14,ach,CP7763,sanctions_match,0,1
AL003957,C49243,retail,17,GB,AU,14990.38,ach,CP7511,high_risk_geo,2,1
AL003958,C53285,retail,4,AU,GB,12425.61,cash,CP1000,high_risk_geo,0,0
AL003959,C32879,business,7,GB,GB,8532.84,wire,CP5615,structuring,2,0
AL003960,C44544,retail,9,TR,BR,8509.96,cash,CP8721,structuring,3,0
AL003961,C51044,retail,23,CA,JP,1880.03,card,CP4663,velocity,1,0
AL003962,C87383,business,24,KP,FR,17182.11,card,CP6692,high_risk_geo,1,1
AL003963,C18617,retail,18,JP,SG,34041.58,wire,CP9981,dormant_reactivation,8,0
AL003964,C13336,retail,6,SG,CA,20350.24,card,CP9892,sanctions_match,0,0
AL003965,C23368,retail,12,US,US,3379.16,cash,CP8410,velocity,1,0
AL003966,C56872,business,21,AE,JP,14815.04,cash,CP5465,high_risk_geo,0,0
AL003967,C84746,retail,13,FR,FR,4672.27,ach,CP1590,pep_match,0,0
AL003968,C85204,business,3,GB,US,18788.6,wire,CP4359,dormant_reactivation,8,0
AL003969,C99360,retail,0,BR,RU,39242.8,card,CP7585,pep_match,1,0
AL003970,C88767,retail,17,FR,JP,5208.68,card,CP6130,pep_match,0,0
AL003971,C27222,business,18,JP,GB,50000.0,cash,CP3235,round_amount,1,0
AL003972,C78644,retail,13,AE,BR,18456.4,card,CP3917,high_risk_geo,1,0
AL003973,C43924,retail,19,US,DE,4080.57,ach,CP6987,velocity,0,0
AL003974,C93200,business,6,AU,JP,23572.97,cash,CP7932,pep_match,1,0
AL003975,C10356,retail,16,FR,CA,9403.92,cash,CP2851,structuring,3,0
AL003976,C22289,retail,5,CA,DE,9544.05,ach,CP5357,structuring,3,1
AL003977,C41455,retail,24,SG,SG,38150.0,wire,CP5025,pep_match,0,0
AL003978,C28574,private,1,US,NG,48399.49,card,CP3966,sanctions_match,0,0
AL003979,C64445,business,24,FR,DE,16039.24,ach,CP5184,pep_match,0,0
AL003980,C92837,retail,0,US,TR,43544.42,card,CP4053,dormant_reactivation,1,0
AL003981,C22540,retail,7,FR,SG,176772.28,ach,CP4908,sanctions_match,2,0
AL003982,C93770,retail,5,DE,DE,209987.05,cash,CP2488,sanctions_match,0,0
AL003983,C53866,retail,2,JP,DE,100000.0,wire,CP3555,round_amount,0,0
AL003984,C17017,retail,14,BR,JP,2050.02,wire,CP7833,velocity,0,1
AL003985,C93379,retail,9,CA,MX,114536.8,cash,CP6535,sanctions_match,0,0
AL003986,C23161,retail,1,GB,TR,189210.8,wire,CP2718,sanctions_match,1,0
AL003987,C86736,retail,16,AU,JP,147680.21,card,CP5203,sanctions_match,0,0
AL003988,C74159,retail,24,FR,SG,8570.44,ach,CP5107,structuring,0,1
AL003989,C60367,private,0,GB,BR,18163.86,wire,CP6334,pep_match,0,0
AL003990,C51559,retail,23,FR,JP,25000.0,ach,CP3205,round_amount,2,0
AL003991,C20775,private,0,AU,JP,1055.29,ach,CP8793,pep_match,0,0
AL003992,C79066,business,15,CA,CA,9501.32,cash,CP4584,structuring,1,0
AL003993,C29871,retail,11,SG,TR,38904.38,ach,CP3674,dormant_reactivation,0,0
AL003994,C47745,retail,24,JP,IR,10337.41,ach,CP8779,dormant_reactivation,0,0
AL003995,C72587,retail,11,SG,AE,25000.0,card,CP1807,round_amount,1,0
AL003996,C69775,business,17,AU,DE,23340.68,ach,CP4436,high_risk_geo,1,0
AL003997,C81574,retail,11,CA,VE,4584.53,wire,CP3936,velocity,1,0
AL003998,C82977,business,3,TR,ZA,10622.94,card,CP9574,high_risk_geo,2,0
AL003999,C83437,retail,3,CA,CA,47721.84,ach,CP4852,pep_match,0,0
AL004000,C50461,retail,10,US,DE,9241.07,ach,CP4202,structuring,1,0
AL004001,C38273,retail,18,SG,SG,9169.73,wire,CP4035,structuring,2,0
AL004002,C24626,retail,24,DE,AE,1416.07,ach,CP7163,pep_match,1,0
AL004003,C13722,retail,7,DE,SG,48044.18,ach,CP8961,pep_match,0,0
AL004004,C75945,retail,3,GB,AU,24693.38,wire,CP3935,high_risk_geo,0,0
AL004005,C56617,retail,20,FR,JP,9989.07,ach,CP3348,structuring,1,0
AL004006,C17385,business,12,CA,SG,100000.0,ach,CP2746,round_amount,0,0
AL004007,C39133,business,21,JP,US,7367.56,ach,CP2594,pep_match,0,0
AL004008,C50927,retail,17,SG,US,5327.31,ach,CP4918,sanctions_match,0,0
AL004009,C81668,retail,25,BR,KP,10402.62,cash,CP5415,high_risk_geo,5,1
AL004010,C30832,business,25,CA,TR,2563.41,wire,CP4145,pep_match,0,1
AL004011,C36945,retail,1,RU,SY,5837.96,wire,CP2416,pep_match,1,0
AL004012,C98668,retail,23,DE,JP,96206.46,ach,CP6741,sanctions_match,0,0
AL004013,C46512,retail,24,VE,FR,44516.67,ach,CP9098,pep_match,5,0
AL004014,C39531,retail,6,BR,FR,1801.81,ach,CP6816,velocity,2,0
AL004015,C60328,business,13,MX,DE,10000.0,card,CP3059,round_amount,0,0
AL004016,C53952,retail,11,BR,SG,3237.88,ach,CP3721,velocity,0,0
AL004017,C68968,private,11,GB,MX,206346.14,wire,CP9722,high_risk_geo,8,0
AL004018,C73677,retail,25,SG,AU,173803.72,wire,CP4639,sanctions_match,2,0
AL004019,C93778,retail,2,CA,JP,9744.69,ach,CP6209,structuring,0,1
AL004020,C17969,retail,19,US,US,37118.2,wire,CP9596,dormant_reactivation,1,0
AL004021,C44460,retail,13,DE,JP,4930.88,ach,CP8345,velocity,3,0
AL004022,C49746,retail,1,SG,JP,14763.93,wire,CP4489,dormant_reactivation,1,0
AL004023,C69391,retail,1,SG,FR,24591.02,card,CP9560,high_risk_geo,0,0
AL004024,C62960,business,0,BR,MX,7924.23,ach,CP8193,structuring,0,0
AL004025,C64097,retail,5,FR,CA,47718.62,ach,CP8902,pep_match,0,0
AL004026,C91617,retail,23,GB,GB,8761.64,wire,CP7031,structuring,3,1
AL004027,C42202,business,1,DE,SG,2289.36,ach,CP7164,velocity,2,0
AL004028,C83975,retail,15,US,FR,20486.04,cash,CP5734,pep_match,0,0
AL004029,C78722,retail,22,AU,US,100000.0,cash,CP5360,round_amount,0,0
AL004030,C79340,retail,19,BR,DE,187730.02,card,CP5333,sanctions_match,0,0
AL004031,C84857,retail,3,US,SG,34962.24,ach,CP3346,pep_match,5,0
AL004032,C71688,retail,20,SG,US,11262.05,card,CP5785,sanctions_match,1,0
AL004033,C19351,retail,12,SG,DE,8611.16,ach,CP9915,structuring,2,0
AL004034,C28411,retail,0,JP,SG,2115.06,wire,CP3169,sanctions_match,0,0
AL004035,C20047,private,23,AU,TR,48943.49,ach,CP9946,pep_match,0,1
AL004036,C18490,business,16,DE,CA,195833.26,card,CP1649,sanctions_match,0,0
AL004037,C59956,business,11,FR,AU,9630.72,ach,CP5215,structuring,1,1
AL004038,C73528,private,2,VE,VE,19430.06,ach,CP1323,dormant_reactivation,0,0
AL004039,C30536,business,5,JP,FR,40762.56,ach,CP2370,pep_match,0,0
AL004040,C53081,business,11,GB,MX,26338.75,ach,CP1032,dormant_reactivation,0,0
AL004041,C96437,business,5,GB,NG,7088.26,wire,CP8584,pep_match,5,0
AL004042,C37047,retail,0,SG,CA,34377.56,wire,CP3134,pep_match,0,0
AL004043,C11425,retail,23,AU,SG,1570.75,card,CP9175,velocity,0,0
AL004044,C68866,business,12,US,MX,13647.97,wire,CP8159,high_risk_geo,1,0
AL004045,C93550,retail,19,GB,NG,21979.97,card,CP1680,high_risk_geo,0,0
AL004046,C44693,retail,10,CA,SY,49884.64,ach,CP5991,pep_match,0,0
AL004047,C31929,business,11,SG,CA,9306.43,card,CP8628,structuring,0,1
AL004048,C59495,retail,25,GB,SG,10905.97,card,CP7983,pep_match,2,0
AL004049,C92314,business,22,FR,FR,29783.28,cash,CP5507,pep_match,8,0
AL004050,C83853,retail,10,US,GB,5186.23,ach,CP5815,dormant_reactivation,0,0
AL004051,C38621,retail,10,ZA,KP,8098.83,wire,CP6719,structuring,2,0
AL004052,C58311,retail,24,GB,VE,24265.33,cash,CP5968,high_risk_geo,2,0
AL004053,C71174,retail,7,US,KP,35052.02,ach,CP7499,pep_match,0,0
AL004054,C79248,retail,2,JP,SG,25275.01,ach,CP2768,sanctions_match,0,0
AL004055,C63085,retail,17,TR,DE,10466.53,ach,CP6535,high_risk_geo,0,0
AL004056,C27970,retail,23,AU,SG,18341.65,ach,CP2978,dormant_reactivation,0,0
AL004057,C28237,business,7,US,CA,8091.68,ach,CP8527,sanctions_match,0,1
AL004058,C82562,retail,13,US,JP,100000.0,wire,CP1139,round_amount,0,0
AL004059,C21497,business,22,AU,TR,19800.06,ach,CP6069,pep_match,1,0
AL004060,C48251,retail,5,SG,SG,69442.14,wire,CP3195,sanctions_match,5,0
AL004061,C76356,retail,16,AU,FR,19196.91,wire,CP2036,dormant_reactivation,3,0
AL004062,C83091,retail,15,GB,JP,4366.76,ach,CP5797,velocity,0,0
AL004063,C87280,retail,18,SG,TR,15398.22,card,CP9899,dormant_reactivation,0,0
AL004064,C49348,retail,0,MX,FR,182157.04,card,CP7544,sanctions_match,0,1
AL004065,C55402,retail,20,SG,JP,14132.32,wire,CP8211,pep_match,1,1
AL004066,C41619,private,7,AU,MM,100000.0,wire,CP1137,round_amount,2,0
AL004067,C37019,retail,20,GB,JP,9102.71,card,CP8445,structuring,0,0
AL004068,C38951,business,25,DE,JP,8482.09,ach,CP2556,structuring,2,1
AL004069,C83808,private,4,SG,SG,9260.81,ach,CP3889,structuring,0,0
AL004070,C40275,retail,14,AU,FR,9011.5,card,CP6302,structuring,0,0
AL004071,C32820,business,24,TR,CA,228538.63,cash,CP6419,sanctions_match,0,0
AL004072,C30212,retail,3,SG,AU,14174.94,ach,CP1003,pep_match,0,0
AL004073,C39128,retail,10,AU,SG,10865.19,ach,CP7504,high_risk_geo,0,0
AL004074,C87697,retail,12,US,SG,47208.8,card,CP2701,pep_match,0,0
AL004075,C47438,retail,9,JP,NG,100000.0,ach,CP4876,round_amount,2,0
AL004076,C26407,retail,0,CA,AU,31933.39,ach,CP2628,pep_match,0,0
AL004077,C32507,retail,17,US,AU,8171.82,ach,CP3369,structuring,1,0
AL004078,C77575,retail,7,JP,DE,44772.1,card,CP8172,dormant_reactivation,1,0
AL004079,C54161,retail,20,FR,FR,4622.53,wire,CP8384,velocity,0,0
AL004080,C36298,private,3,FR,FR,25000.0,card,CP3867,round_amount,0,0
AL004081,C62935,business,16,DE,DE,83463.3,cash,CP1913,sanctions_match,0,0
AL004082,C12527,retail,20,JP,AU,50000.0,wire,CP9447,round_amount,0,0
AL004083,C60527,business,23,AU,US,100000.0,ach,CP5172,round_amount,0,0
AL004084,C67141,retail,8,NG,CA,9272.75,wire,CP9526,structuring,2,1
AL004085,C77324,retail,21,MX,AU,2277.29,card,CP8999,sanctions_match,1,1
AL004086,C83273,retail,18,CA,GB,5000.0,ach,CP2733,round_amount,0,0
AL004087,C65179,business,23,GB,JP,24783.02,ach,CP1130,sanctions_match,0,0
AL004088,C26868,retail,25,AU,JP,6431.17,ach,CP9492,dormant_reactivation,0,0
AL004089,C37030,retail,15,CA,BR,21936.92,cash,CP2367,pep_match,0,0
AL004090,C98652,business,25,SG,ZA,8053.43,ach,CP7991,structuring,1,0
AL004091,C52007,business,16,JP,DE,50000.0,ach,CP8164,round_amount,0,0
AL004092,C35466,private,10,JP,DE,71942.35,wire,CP7773,high_risk_geo,0,0
AL004093,C50785,retail,0,DE,DE,16820.64,wire,CP7812,pep_match,0,0
AL004094,C28665,business,22,BR,FR,37296.09,ach,CP2882,dormant_reactivation,0,0
AL004095,C74173,retail,16,BR,GB,189656.98,card,CP8718,sanctions_match,3,0
AL004096,C96868,retail,11,JP,CA,378.12,ach,CP7812,velocity,1,0
AL004097,C50360,retail,15,AU,DE,14807.76,wire,CP2421,high_risk_geo,0,1
AL004098,C91365,retail,4,DE,CA,106271.25,cash,CP8299,sanctions_match,2,0
AL004099,C59264,retail,19,AU,US,50000.0,ach,CP8218,round_amount,2,0
AL004100,C71488,business,8,FR,CA,215652.68,card,CP2998,sanctions_match,1,0
AL004101,C53952,private,19,ZA,US,54850.03,card,CP9374,sanctions_match,0,0
AL004102,C97072,retail,1,CA,BR,9305.59,card,CP1176,structuring,2,1
AL004103,C94213,retail,25,AU,CA,47319.67,card,CP8651,pep_match,0,0
AL004104,C48308,retail,15,FR,SG,19649.2,ach,CP2418,high_risk_geo,1,1
AL004105,C84851,retail,25,MX,US,100000.0,cash,CP6805,round_amount,3,0
AL004106,C96544,retail,13,DE,BR,25933.92,ach,CP9604,dormant_reactivation,0,0
AL004107,C44278,retail,10,DE,AU,16681.76,ach,CP2536,pep_match,8,0
AL004108,C83774,retail,10,US,AU,4227.34,card,CP5624,velocity,0,0
AL004109,C92917,retail,25,US,AU,34529.51,card,CP3696,pep_match,0,0
AL004110,C84422,private,2,AE,JP,8942.1,ach,CP8350,structuring,0,1
AL004111,C25793,retail,8,CA,TR,1535.11,ach,CP6643,velocity,2,0
AL004112,C57536,private,18,VE,NG,2814.44,card,CP5014,velocity,1,0
AL004113,C46656,business,0,US,JP,23452.46,ach,CP2703,high_risk_geo,5,0
AL004114,C49182,business,6,DE,FR,9736.95,cash,CP3442,structuring,1,1
AL004115,C71479,retail,15,SG,SG,41353.48,wire,CP5822,pep_match,0,0
AL004116,C27482,private,8,MM,AE,204003.96,ach,CP2325,sanctions_match,0,0
AL004117,C45895,private,2,RU,AE,46672.02,ach,CP1989,dormant_reactivation,0,0
AL004118,C61956,retail,10,FR,CA,23006.69,ach,CP7425,high_risk_geo,5,1
AL004119,C31352,retail,24,JP,AU,4633.78,ach,CP4509,velocity,1,0
AL004120,C95948,retail,6,SG,SG,44894.9,ach,CP2415,sanctions_match,1,0
AL004121,C31079,retail,18,SG,SG,763.13,wire,CP5532,dormant_reactivation,1,0
AL004122,C15241,retail,16,FR,AE,48473.8,wire,CP7882,dormant_reactivation,0,0
AL004123,C64343,business,24,BR,MX,28288.94,cash,CP9893,pep_match,0,0
AL004124,C86193,retail,0,MX,SG,13732.74,cash,CP3313,dormant_reactivation,1,0
AL004125,C79638,retail,23,AU,US,34315.49,ach,CP7029,dormant_reactivation,0,0
AL004126,C12367,private,13,SG,BR,1111.1,ach,CP9278,velocity,0,0
AL004127,C41264,retail,12,GB,SG,144.34,wire,CP7118,velocity,0,0
AL004128,C84725,private,3,FR,MX,4840.11,ach,CP3468,velocity,0,0
AL004129,C99175,retail,17,GB,FR,50000.0,ach,CP9229,round_amount,0,0
AL004130,C24838,retail,24,AE,FR,2651.81,card,CP8533,velocity,0,0
AL004131,C36616,retail,24,AU,DE,43693.99,cash,CP5026,dormant_reactivation,1,0
AL004132,C29615,retail,18,SG,ZA,9205.02,cash,CP6660,high_risk_geo,0,0
AL004133,C53597,retail,23,TR,AU,7049.93,card,CP1608,high_risk_geo,0,0
AL004134,C27441,retail,23,ZA,NG,9712.53,ach,CP2867,high_risk_geo,0,0
AL004135,C90845,retail,9,AU,MX,13077.5,ach,CP6748,high_risk_geo,3,0
AL004136,C67719,retail,1,GB,KP,50000.0,wire,CP8485,round_amount,0,0
AL004137,C15951,private,2,AU,MM,11600.24,ach,CP6879,dormant_reactivation,0,0
AL004138,C30687,retail,1,AU,DE,7872.27,wire,CP5199,structuring,0,0
AL004139,C45880,retail,3,DE,FR,18858.44,ach,CP2819,high_risk_geo,0,0
AL004140,C71224,retail,15,BR,GB,11022.91,ach,CP7602,high_risk_geo,3,1
AL004141,C82450,business,0,JP,GB,19957.6,ach,CP5899,pep_match,0,0
AL004142,C84507,business,13,JP,US,144946.13,card,CP3638,sanctions_match,3,0
AL004143,C75958,private,19,MM,MX,1017.53,ach,CP8654,dormant_reactivation,3,1
AL004144,C91084,private,12,SG,DE,14497.4,cash,CP7418,pep_match,0,0
AL004145,C59658,retail,13,SG,SG,10000.0,wire,CP2385,round_amount,0,0
AL004146,C72423,private,11,DE,US,37366.03,wire,CP7872,sanctions_match,0,0
AL004147,C56969,business,10,VE,AU,28237.52,card,CP4937,dormant_reactivation,1,0
AL004148,C10838,business,1,US,AU,22817.73,wire,CP1895,high_risk_geo,2,0
AL004149,C30548,retail,18,CA,MX,22692.42,ach,CP3353,high_risk_geo,1,0
AL004150,C50519,business,17,JP,MX,8264.56,wire,CP5581,structuring,0,0
AL004151,C20372,private,1,JP,BR,100000.0,ach,CP6190,round_amount,0,0
AL004152,C66542,retail,22,US,JP,33033.02,cash,CP4418,dormant_reactivation,1,0
AL004153,C69425,retail,20,CA,ZA,24337.17,wire,CP4125,pep_match,2,0
AL004154,C88970,business,25,DE,TR,69211.08,wire,CP7496,sanctions_match,0,0
AL004155,C60243,retail,11,DE,GB,10737.96,ach,CP1855,high_risk_geo,0,1
AL004156,C79244,retail,11,CA,GB,20538.02,wire,CP7898,dormant_reactivation,1,0
AL004157,C50350,retail,13,CA,FR,4808.59,ach,CP8521,velocity,0,0
AL004158,C54073,retail,16,SG,US,47654.27,wire,CP7539,dormant_reactivation,0,0
AL004159,C57279,retail,12,US,BR,146310.89,card,CP1172,sanctions_match,0,0
AL004160,C57196,business,13,DE,AE,50000.0,ach,CP1476,round_amount,2,0
AL004161,C72429,business,6,JP,SG,25000.0,ach,CP5073,round_amount,3,0
AL004162,C52677,retail,1,MX,DE,10000.0,card,CP3497,round_amount,2,0
AL004163,C19338,retail,25,AU,AE,7494.99,wire,CP6054,high_risk_geo,0,0
AL004164,C98308,retail,20,DE,CA,203445.12,ach,CP3189,sanctions_match,0,0
AL004165,C31296,retail,8,CA,DE,153211.83,card,CP5094,sanctions_match,0,0
AL004166,C30107,retail,14,AE,AU,9552.45,cash,CP6970,structuring,0,1
AL004167,C57226,retail,1,AU,US,32988.19,ach,CP6729,dormant_reactivation,1,1
AL004168,C45331,business,2,DE,JP,25000.0,card,CP4618,round_amount,0,0
AL004169,C45879,retail,15,MM,MX,100000.0,wire,CP2746,round_amount,1,0
AL004170,C45533,private,3,VE,IR,3365.04,card,CP8007,velocity,8,0
AL004171,C64398,retail,13,NG,FR,113808.95,wire,CP3318,sanctions_match,2,0
AL004172,C75048,business,12,JP,JP,16760.04,cash,CP7972,dormant_reactivation,1,0
AL004173,C83537,retail,25,JP,US,9251.33,wire,CP2675,structuring,3,1
AL004174,C50901,business,20,AU,FR,21925.4,ach,CP7306,high_risk_geo,0,0
AL004175,C57286,business,6,DE,JP,23809.52,ach,CP2344,high_risk_geo,2,1
AL004176,C72235,retail,15,DE,CA,5641.9,ach,CP4074,pep_match,0,0
AL004177,C19980,retail,15,DE,GB,9485.9,card,CP7673,structuring,1,0
AL004178,C25744,retail,8,MX,JP,47360.62,card,CP4530,dormant_reactivation,3,0
AL004179,C85327,retail,19,SG,SG,2262.58,wire,CP7879,velocity,0,0
AL004180,C47901,retail,16,AU,SG,16434.75,card,CP5301,high_risk_geo,0,0
AL004181,C58382,retail,4,US,FR,1600.48,ach,CP3119,velocity,3,0
AL004182,C95207,retail,14,FR,US,240718.77,card,CP7236,sanctions_match,0,1
AL004183,C57108,retail,0,MX,DE,8878.04,card,CP7245,structuring,2,1
AL004184,C77856,retail,13,CA,FR,88000.44,ach,CP5425,sanctions_match,0,0
AL004185,C94194,retail,18,DE,SG,6375.98,ach,CP2673,high_risk_geo,0,0
AL004186,C34828,retail,10,JP,JP,70303.58,card,CP9890,sanctions_match,1,0
AL004187,C43717,retail,16,US,BR,9102.54,ach,CP4952,structuring,0,1
AL004188,C13040,business,6,CA,FR,7798.42,ach,CP1515,high_risk_geo,0,0
AL004189,C10338,retail,0,FR,AU,1291.17,wire,CP5287,velocity,0,0
AL004190,C28180,retail,12,US,SG,8262.1,wire,CP8487,structuring,0,0
AL004191,C60572,retail,4,SG,AU,22142.13,wire,CP1734,high_risk_geo,2,0
AL004192,C44101,retail,21,SG,DE,4224.6,wire,CP4375,velocity,2,0
AL004193,C96322,retail,3,JP,ZA,10000.0,cash,CP6680,round_amount,2,0
AL004194,C70082,business,17,FR,US,19116.27,wire,CP3561,dormant_reactivation,0,0
AL004195,C19025,retail,9,NG,FR,35021.04,wire,CP2458,dormant_reactivation,2,0
AL004196,C32719,private,9,AU,US,48906.23,wire,CP8012,dormant_reactivation,0,0
AL004197,C88237,retail,6,GB,FR,8588.4,ach,CP6229,structuring,3,0
AL004198,C68353,business,19,GB,CA,24232.85,card,CP8510,dormant_reactivation,0,0
AL004199,C69515,retail,13,CA,JP,10000.0,ach,CP1954,round_amount,0,0
AL004200,C37553,retail,16,CA,CA,8291.65,cash,CP5288,structuring,1,0
AL004201,C76385,retail,14,DE,MX,3395.69,cash,CP9624,velocity,2,0
AL004202,C91691,private,9,AU,KP,188626.77,ach,CP4150,high_risk_geo,0,0
AL004203,C12785,business,25,JP,CA,362.7,wire,CP8086,velocity,8,0
AL004204,C23814,business,10,GB,SY,5000.0,card,CP1281,round_amount,0,0
AL004205,C54335,retail,4,CA,DE,1209.04,wire,CP6953,pep_match,0,0
AL004206,C26589,retail,3,AU,DE,8218.36,ach,CP3691,structuring,3,1
AL004207,C14764,retail,3,GB,GB,74095.58,ach,CP5369,sanctions_match,3,0
AL004208,C93737,retail,2,BR,SG,100000.0,ach,CP6782,round_amount,0,0
AL004209,C45221,private,6,GB,FR,8228.57,wire,CP7791,structuring,1,0
AL004210,C42419,retail,2,DE,DE,9256.83,card,CP3883,sanctions_match,0,0
AL004211,C31186,retail,15,JP,JP,8794.41,card,CP7241,structuring,1,0
AL004212,C80002,retail,19,DE,FR,246867.72,ach,CP8103,sanctions_match,0,0
AL004213,C89521,retail,12,VE,US,100000.0,ach,CP4560,round_amount,3,0
AL004214,C60957,retail,21,ZA,IR,28494.05,ach,CP2928,dormant_reactivation,2,0
AL004215,C52843,retail,15,AE,US,35933.97,wire,CP9514,sanctions_match,0,0
AL004216,C89237,private,24,RU,DE,8163.15,ach,CP7583,structuring,0,0
AL004217,C31176,retail,2,AU,ZA,4076.61,card,CP2098,velocity,0,0
AL004218,C62766,retail,25,AU,CA,3518.83,wire,CP6958,velocity,0,0
AL004219,C96659,retail,6,DE,JP,2222.79,wire,CP3357,velocity,0,0
AL004220,C49242,retail,10,US,JP,12660.88,ach,CP4339,high_risk_geo,0,0
AL004221,C81855,retail,22,CA,FR,16804.45,cash,CP8098,pep_match,0,0
AL004222,C91110,retail,23,US,CA,5890.2,wire,CP2891,high_risk_geo,1,0
AL004223,C41737,retail,21,FR,FR,89889.16,wire,CP5362,sanctions_match,0,1
AL004224,C63992,retail,5,GB,MM,10000.0,cash,CP5967,round_amount,0,0
AL004225,C26579,retail,0,FR,GB,1735.83,ach,CP5153,velocity,1,0
AL004226,C62450,retail,22,BR,FR,8604.63,wire,CP9649,structuring,1,0
AL004227,C31687,retail,20,GB,AU,22122.96,wire,CP3497,high_risk_geo,0,0
AL004228,C11049,retail,15,RU,FR,9506.76,ach,CP8668,structuring,1,1
AL004229,C71496,retail,19,AU,JP,45709.01,card,CP6596,pep_match,1,1
AL004230,C94825,retail,12,SG,JP,8323.94,ach,CP4861,structuring,0,1
AL004231,C52379,retail,1,JP,GB,18516.25,ach,CP4775,pep_match,0,0
AL004232,C42954,retail,8,DE,TR,4757.78,ach,CP2100,velocity,2,0
AL004233,C49470,retail,17,AE,MX,148914.31,ach,CP3586,sanctions_match,1,0
AL004234,C95608,retail,6,DE,FR,7838.58,card,CP6098,structuring,1,0
AL004235,C37152,retail,13,CA,AU,17262.34,card,CP7568,dormant_reactivation,1,0
AL004236,C37858,retail,24,NG,CA,46403.56,ach,CP3280,dormant_reactivation,0,0
AL004237,C43509,business,19,FR,JP,9510.94,cash,CP7657,dormant_reactivation,0,0
AL004238,C10854,retail,21,JP,DE,922.61,ach,CP8097,velocity,0,0
AL004239,C69316,retail,0,CA,US,8474.89,card,CP6472,structuring,0,0
AL004240,C26432,retail,0,GB,US,9225.12,ach,CP7232,structuring,0,0
AL004241,C63244,business,5,DE,BR,877.3,card,CP5284,velocity,1,0
AL004242,C50078,retail,13,TR,AU,17957.47,cash,CP7387,high_risk_geo,1,0
AL004243,C27379,retail,7,TR,AU,9885.25,card,CP8998,dormant_reactivation,0,0
AL004244,C84274,retail,15,GB,BR,43168.41,card,CP7304,sanctions_match,1,1
AL004245,C15454,retail,3,MX,JP,77394.7,ach,CP4421,sanctions_match,0,0
AL004246,C75762,retail,5,JP,KP,5000.0,card,CP8510,round_amount,0,0
AL004247,C90610,retail,21,CA,CA,736.51,card,CP3780,pep_match,0,0
AL004248,C65516,retail,25,JP,BR,16981.89,card,CP1244,high_risk_geo,0,0
AL004249,C16457,retail,2,TR,SG,41879.99,cash,CP3249,dormant_reactivation,2,0
AL004250,C22761,retail,10,GB,ZA,40796.02,ach,CP3282,dormant_reactivation,1,0
AL004251,C39400,retail,17,US,GB,7900.1,wire,CP9862,structuring,0,1
AL004252,C41935,retail,23,CA,DE,38274.01,ach,CP9864,dormant_reactivation,0,0
AL004253,C93206,business,7,GB,SG,50000.0,card,CP5801,round_amount,2,0
AL004254,C70228,retail,16,AU,BR,565.06,wire,CP5436,velocity,0,0
AL004255,C84190,retail,17,TR,BR,6291.72,ach,CP3021,high_risk_geo,5,0
AL004256,C38632,retail,7,GB,CA,52517.31,cash,CP2960,sanctions_match,0,0
AL004257,C35561,business,18,ZA,CA,49497.85,cash,CP1346,pep_match,1,0
AL004258,C32388,retail,7,RU,FR,24189.57,wire,CP8225,high_risk_geo,0,0
AL004259,C24611,retail,8,TR,US,9346.49,wire,CP7706,structuring,5,0
AL004260,C25028,retail,16,DE,RU,9107.82,card,CP8009,pep_match,0,0
AL004261,C63860,retail,1,CA,US,16142.73,cash,CP3600,dormant_reactivation,0,0
AL004262,C55865,retail,17,MX,CA,16449.86,ach,CP2370,dormant_reactivation,3,0
AL004263,C75592,business,13,SG,CA,25000.0,cash,CP5500,round_amount,0,0
AL004264,C54359,business,19,DE,US,45105.3,cash,CP9542,pep_match,3,0
AL004265,C16970,private,3,MM,MM,209844.95,ach,CP2536,sanctions_match,0,0
AL004266,C76879,retail,12,DE,JP,9749.09,ach,CP1241,structuring,1,0
AL004267,C60141,retail,12,US,GB,12268.14,ach,CP7475,dormant_reactivation,2,0
AL004268,C77185,retail,8,AU,GB,100000.0,card,CP8534,round_amount,1,0
AL004269,C21628,business,1,DE,ZA,8472.71,ach,CP1206,structuring,0,0
AL004270,C20305,retail,3,FR,US,27826.61,wire,CP5883,dormant_reactivation,0,0
AL004271,C79799,business,12,CA,MX,11856.38,wire,CP5860,dormant_reactivation,0,0
AL004272,C89831,retail,16,AU,US,1260.26,wire,CP4704,pep_match,0,0
AL004273,C60978,retail,0,US,JP,166821.73,wire,CP7392,sanctions_match,0,0
AL004274,C27758,retail,22,CA,AU,19674.36,card,CP1507,high_risk_geo,0,0
AL004275,C46803,business,4,GB,CA,7111.9,ach,CP5168,high_risk_geo,0,0
AL004276,C35694,business,24,JP,FR,50000.0,wire,CP7614,round_amount,2,0
AL004277,C35391,retail,23,CA,FR,18540.58,wire,CP2118,high_risk_geo,0,0
AL004278,C81505,business,14,SG,AU,100000.0,card,CP6947,round_amount,0,0
AL004279,C15163,private,25,MX,FR,36036.77,cash,CP6999,dormant_reactivation,0,0
AL004280,C66149,retail,8,GB,MX,25000.0,ach,CP6169,round_amount,3,0
AL004281,C96132,retail,0,CA,CA,205633.87,wire,CP1289,sanctions_match,3,1
AL004282,C54442,retail,13,DE,AU,100000.0,card,CP3248,round_amount,2,0
AL004283,C80190,retail,16,JP,DE,8560.41,card,CP1772,structuring,2,0
AL004284,C89025,business,4,AU,DE,700.09,wire,CP9126,pep_match,0,0
AL004285,C11258,retail,18,CA,US,178135.74,wire,CP1224,sanctions_match,1,0
AL004286,C12083,retail,21,SG,BR,2793.02,card,CP2737,velocity,3,0
AL004287,C88352,business,21,JP,US,9626.66,ach,CP1760,structuring,0,0
AL004288,C18912,retail,12,GB,SG,30172.79,wire,CP2825,dormant_reactivation,0,0
AL004289,C35408,retail,13,AU,ZA,27130.99,ach,CP7370,pep_match,0,1
AL004290,C49210,business,21,SG,BR,22993.16,wire,CP3947,dormant_reactivation,0,0
AL004291,C93431,retail,23,JP,NG,17650.34,ach,CP5338,high_risk_geo,0,1
AL004292,C71928,retail,17,JP,BR,41164.29,wire,CP6535,pep_match,0,0
AL004293,C80340,business,25,AU,FR,41188.59,wire,CP9730,pep_match,1,0
AL004294,C70463,retail,18,BR,JP,1444.09,wire,CP2019,pep_match,1,0
AL004295,C50587,retail,21,CA,GB,25757.49,wire,CP4470,sanctions_match,1,0
AL004296,C35692,retail,17,TR,CA,132.42,ach,CP6860,velocity,0,0
AL004297,C50082,business,18,TR,GB,10000.0,wire,CP6218,round_amount,0,1
AL004298,C87839,private,1,FR,TR,9096.22,wire,CP6273,pep_match,1,0
AL004299,C10390,retail,15,AU,SG,35953.99,wire,CP2244,pep_match,2,0
AL004300,C38231,retail,2,FR,AU,116610.2,ach,CP6752,sanctions_match,0,0
AL004301,C79032,retail,19,MX,AU,7951.02,card,CP1423,structuring,1,1
AL004302,C60100,retail,11,JP,US,2929.44,wire,CP4903,pep_match,0,0
AL004303,C24891,retail,5,NG,GB,25000.0,ach,CP8389,round_amount,2,1
AL004304,C61435,retail,20,DE,US,1009.73,wire,CP1473,velocity,1,0
AL004305,C28452,business,6,GB,DE,9751.38,wire,CP4726,structuring,8,0
AL004306,C81472,retail,12,BR,BR,50000.0,ach,CP6327,round_amount,0,0
AL004307,C82130,retail,19,CA,MX,10658.37,ach,CP1577,high_risk_geo,5,0
AL004308,C61704,business,14,SG,MX,25000.0,ach,CP5903,round_amount,1,0
AL004309,C83333,retail,20,GB,SG,9841.52,ach,CP6950,high_risk_geo,1,0
AL004310,C44024,retail,16,GB,SG,8514.46,wire,CP2113,structuring,0,0
AL004311,C20138,retail,14,SG,SG,2252.48,ach,CP1298,velocity,0,0
AL004312,C97472,retail,1,SG,TR,50000.0,card,CP9836,round_amount,3,0
AL004313,C52520,retail,22,AU,FR,45983.4,card,CP8711,dormant_reactivation,0,1
AL004314,C63043,retail,2,GB,CA,10000.0,wire,CP6209,round_amount,0,0
AL004315,C94100,private,20,CA,FR,169326.1,wire,CP8934,sanctions_match,0,0
AL004316,C23432,retail,13,AU,AU,3949.81,card,CP9096,velocity,0,0
AL004317,C31621,retail,22,JP,AU,5000.0,wire,CP4014,round_amount,3,0
AL004318,C73742,retail,19,GB,AU,1707.5,ach,CP8411,velocity,3,0
AL004319,C70702,business,5,TR,AE,100000.0,wire,CP3037,round_amount,0,0
AL004320,C43294,retail,24,US,CA,14045.49,ach,CP8255,dormant_reactivation,0,0
AL004321,C89485,business,5,JP,SG,8435.35,ach,CP2118,structuring,0,0
AL004322,C44424,retail,25,MM,VE,41200.8,wire,CP9479,pep_match,0,0
AL004323,C69396,retail,18,US,AU,15318.95,cash,CP6171,high_risk_geo,0,0
AL004324,C89973,retail,9,AU,CA,9640.03,wire,CP9605,dormant_reactivation,0,0
AL004325,C64614,retail,6,US,AU,5000.0,ach,CP3409,round_amount,0,0
AL004326,C45073,business,15,AU,JP,22914.16,card,CP5389,high_risk_geo,1,0
AL004327,C86796,private,5,DE,FR,7161.59,card,CP5025,pep_match,1,0
AL004328,C28151,retail,10,ZA,CA,8103.07,wire,CP9319,structuring,2,0
AL004329,C10160,retail,7,FR,FR,5587.07,ach,CP9805,pep_match,0,0
AL004330,C41708,business,13,SG,US,2502.8,wire,CP5701,pep_match,5,1
AL004331,C38735,private,8,FR,AU,25000.0,card,CP2271,round_amount,0,0
AL004332,C66972,private,7,TR,DE,236338.66,card,CP8882,high_risk_geo,2,0
AL004333,C64993,retail,19,JP,CA,13456.54,cash,CP9937,high_risk_geo,2,0
AL004334,C75774,retail,11,CA,NG,43987.24,wire,CP9514,dormant_reactivation,5,0
AL004335,C64075,retail,14,DE,CA,599.79,card,CP8381,velocity,2,1
AL004336,C88969,business,15,GB,MX,4493.34,card,CP8177,velocity,0,0
AL004337,C30619,retail,1,CA,AU,26416.09,ach,CP7343,pep_match,0,0
AL004338,C11646,business,6,AU,ZA,4833.69,ach,CP1238,velocity,0,0
AL004339,C34551,retail,15,JP,SG,8627.85,ach,CP9042,structuring,1,0
AL004340,C77671,retail,5,AU,CA,533.45,wire,CP9967,dormant_reactivation,2,0
AL004341,C51011,retail,20,AU,NG,15516.71,card,CP1043,dormant_reactivation,0,0
AL004342,C64270,private,22,AE,BR,31603.41,wire,CP3351,dormant_reactivation,1,0
AL004343,C10540,retail,0,US,CA,6212.26,card,CP1656,pep_match,0,0
AL004344,C57102,retail,7,GB,SY,8087.45,wire,CP7282,structuring,0,0
AL004345,C80325,business,2,US,AU,212397.98,wire,CP3971,sanctions_match,2,0
AL004346,C61402,retail,18,JP,ZA,5161.21,wire,CP7860,dormant_reactivation,0,1
AL004347,C41276,retail,3,JP,AU,2128.77,ach,CP6707,pep_match,3,0
AL004348,C55805,retail,22,JP,DE,9424.96,cash,CP3531,structuring,5,0
AL004349,C49292,business,10,CA,AU,21272.87,cash,CP7251,high_risk_geo,1,0
AL004350,C49978,retail,5,AU,FR,100000.0,card,CP1136,round_amount,0,0
AL004351,C74107,retail,14,AE,AE,9464.49,card,CP2599,structuring,0,0
AL004352,C39255,retail,17,GB,GB,8512.01,cash,CP8878,structuring,1,0
AL004353,C46168,retail,1,GB,GB,49824.8,cash,CP2943,pep_match,0,0
AL004354,C56071,retail,1,SG,AU,21967.08,wire,CP2413,pep_match,1,1
AL004355,C49502,business,20,AU,FR,100000.0,cash,CP9326,round_amount,1,0
AL004356,C78904,retail,20,US,AU,7988.77,ach,CP1783,structuring,1,0
AL004357,C39277,retail,3,JP,JP,25000.0,wire,CP3225,round_amount,1,0
AL004358,C21487,business,6,FR,AU,23656.49,ach,CP5006,high_risk_geo,0,0
AL004359,C52359,retail,23,FR,ZA,925.98,wire,CP8431,velocity,5,0
AL004360,C48603,retail,12,SG,SG,2093.14,wire,CP8969,dormant_reactivation,0,1
AL004361,C64840,retail,15,DE,US,8115.88,ach,CP1004,high_risk_geo,1,0
AL004362,C82892,retail,3,CA,AU,152875.9,ach,CP4061,sanctions_match,0,1
AL004363,C86698,retail,25,CA,SG,2538.18,ach,CP9078,velocity,0,0
AL004364,C85873,retail,20,MM,CA,2912.35,card,CP2547,velocity,0,0
AL004365,C60075,retail,8,SG,AU,13639.53,wire,CP5583,high_risk_geo,0,0
AL004366,C55835,retail,0,US,GB,3880.1,ach,CP9760,velocity,0,0
AL004367,C55611,retail,1,SG,DE,3735.23,ach,CP4809,velocity,1,0
AL004368,C67997,retail,5,DE,ZA,37750.21,wire,CP9291,pep_match,1,0
AL004369,C21656,private,2,SG,NG,40537.6,wire,CP7326,dormant_reactivation,5,0
AL004370,C67246,retail,15,SG,CA,2188.3,wire,CP2082,sanctions_match,0,0
AL004371,C12013,retail,1,FR,CA,10439.9,ach,CP2478,high_risk_geo,0,1
AL004372,C42405,retail,2,GB,FR,27468.18,wire,CP3648,pep_match,3,1
AL004373,C65116,retail,20,CA,SG,24702.64,wire,CP5734,pep_match,0,0
AL004374,C62058,retail,6,FR,CA,4524.0,ach,CP6378,velocity,1,0
AL004375,C34264,retail,22,SG,NG,7085.35,ach,CP1244,high_risk_geo,1,0
AL004376,C86106,business,15,DE,TR,37344.69,ach,CP7202,pep_match,0,0
AL004377,C69974,retail,23,AU,CA,100000.0,card,CP8422,round_amount,3,0
AL004378,C58648,retail,17,AU,AU,2306.96,card,CP8371,velocity,0,0
AL004379,C76448,retail,25,ZA,BR,50000.0,ach,CP1256,round_amount,1,0
AL004380,C39357,retail,15,US,AU,7662.15,ach,CP4912,high_risk_geo,0,0
AL004381,C68557,retail,10,CA,NG,8750.47,ach,CP5028,structuring,0,0
AL004382,C37539,retail,14,JP,AU,186098.0,cash,CP3216,sanctions_match,0,0
AL004383,C31546,retail,16,JP,SG,28110.83,wire,CP3562,dormant_reactivation,1,0
AL004384,C75295,retail,16,MX,SG,100000.0,cash,CP1522,round_amount,0,0
AL004385,C20892,retail,21,CA,NG,20674.04,wire,CP6665,high_risk_geo,0,0
AL004386,C47390,private,0,FR,CA,215327.18,ach,CP9867,high_risk_geo,2,0
AL004387,C36481,private,12,CA,TR,3067.76,ach,CP7922,velocity,2,0
AL004388,C69657,retail,22,US,MX,104678.77,wire,CP3924,sanctions_match,1,0
AL004389,C62184,retail,3,AU,SG,21300.9,cash,CP7944,sanctions_match,0,0
AL004390,C88457,retail,22,CA,CA,5000.0,wire,CP3600,round_amount,2,0
AL004391,C82778,private,2,CA,VE,236747.06,card,CP7514,high_risk_geo,0,0
AL004392,C43654,retail,15,FR,CA,10000.0,wire,CP2441,round_amount,3,0
AL004393,C54599,retail,6,MX,JP,201738.98,wire,CP6966,sanctions_match,0,0
AL004394,C40499,retail,6,FR,CA,3296.61,ach,CP9397,velocity,0,0
AL004395,C95389,retail,25,AU,US,25000.0,wire,CP1023,round_amount,0,0
AL004396,C91961,retail,19,AU,AU,2332.1,card,CP8862,velocity,1,0
AL004397,C46006,retail,17,DE,FR,17240.37,wire,CP2062,pep_match,2,0
AL004398,C78253,retail,24,JP,ZA,167328.9,wire,CP5543,sanctions_match,0,1
AL004399,C69737,retail,6,TR,FR,36643.98,ach,CP2405,dormant_reactivation,2,0
AL004400,C77691,retail,24,CA,BR,47688.35,card,CP5346,pep_match,0,0
AL004401,C60225,private,19,NG,AE,210167.84,ach,CP4461,high_risk_geo,0,1
AL004402,C74172,retail,17,GB,AU,8496.05,card,CP2961,structuring,0,0
AL004403,C66047,retail,0,GB,CA,8918.79,cash,CP3837,structuring,2,0
AL004404,C26036,business,15,CA,GB,1852.07,ach,CP8155,velocity,1,0
AL004405,C26104,retail,22,CA,GB,23976.43,card,CP5078,high_risk_geo,0,0
AL004406,C50776,private,14,CA,KP,2187.26,cash,CP6800,velocity,0,0
AL004407,C66244,retail,15,FR,US,10073.72,wire,CP3716,high_risk_geo,0,1
AL004408,C59203,retail,3,GB,GB,1462.9,ach,CP3132,velocity,2,0
AL004409,C40236,retail,20,AU,MX,43356.16,card,CP3318,dormant_reactivation,3,0
AL004410,C61477,business,17,GB,MX,9674.81,wire,CP9395,structuring,8,0
AL004411,C55504,private,17,FR,JP,9845.16,cash,CP1121,structuring,3,1
AL004412,C14407,retail,18,CA,FR,8398.06,wire,CP7335,structuring,0,0
AL004413,C46406,retail,17,JP,DE,6584.32,wire,CP7131,dormant_reactivation,0,0
AL004414,C44581,retail,10,MX,US,27596.46,ach,CP9095,pep_match,0,0
AL004415,C66203,retail,22,CA,SG,227948.1,ach,CP3839,sanctions_match,0,1
AL004416,C42810,retail,5,SG,CA,3082.52,wire,CP3118,velocity,3,0
AL004417,C12795,retail,1,DE,AU,7670.18,wire,CP8764,high_risk_geo,8,0
AL004418,C10512,retail,5,ZA,GB,9986.01,ach,CP5485,structuring,0,0
AL004419,C87002,private,24,JP,BR,66399.94,wire,CP1184,high_risk_geo,0,0
AL004420,C84996,retail,11,US,GB,8849.43,ach,CP9396,structuring,2,0
AL004421,C10582,business,9,FR,TR,5000.0,wire,CP8664,round_amount,2,0
AL004422,C29453,retail,12,DE,CA,5000.0,cash,CP5811,round_amount,0,0
AL004423,C28388,retail,2,JP,TR,2689.24,ach,CP9359,dormant_reactivation,3,0
AL004424,C58926,retail,24,US,SG,14629.77,wire,CP2023,dormant_reactivation,0,0
AL004425,C29135,retail,0,SG,GB,17326.94,ach,CP6178,dormant_reactivation,1,0
AL004426,C80907,retail,21,FR,DE,3812.36,ach,CP7985,velocity,8,0
AL004427,C54533,retail,22,FR,MM,9369.79,card,CP6308,pep_match,2,0
AL004428,C16171,business,2,FR,SG,11594.54,card,CP4804,sanctions_match,1,0
AL004429,C54355,retail,8,DE,ZA,8050.55,card,CP2419,structuring,0,1
AL004430,C18427,retail,1,AU,CA,32523.24,ach,CP6617,dormant_reactivation,0,0
AL004431,C60647,retail,4,AE,JP,10135.79,cash,CP6328,high_risk_geo,0,0
AL004432,C69054,retail,7,SG,AU,19621.44,ach,CP5323,dormant_reactivation,0,0
AL004433,C45874,retail,17,US,US,206531.24,wire,CP5446,sanctions_match,0,1
AL004434,C25795,retail,20,FR,ZA,36755.22,wire,CP8980,pep_match,0,0
AL004435,C15347,retail,18,JP,SG,7255.79,wire,CP4498,high_risk_geo,0,0
AL004436,C19105,retail,16,FR,DE,243680.03,wire,CP1548,sanctions_match,0,1
AL004437,C71687,business,6,JP,CA,15715.67,wire,CP3759,high_risk_geo,3,1
AL004438,C95915,retail,18,US,DE,2599.59,ach,CP8055,dormant_reactivation,0,0
AL004439,C52734,retail,3,US,CA,144018.46,ach,CP3657,sanctions_match,0,1
AL004440,C34669,business,17,AU,SG,2917.14,ach,CP2394,velocity,0,0
AL004441,C23893,retail,14,NG,JP,4427.71,card,CP3421,velocity,0,0
AL004442,C92336,private,19,CA,AU,31433.44,wire,CP4570,dormant_reactivation,0,0
AL004443,C21122,retail,16,CA,AU,8346.58,cash,CP2905,structuring,0,0
AL004444,C44505,retail,8,AU,JP,4949.43,wire,CP7373,pep_match,8,0
AL004445,C34068,retail,10,US,GB,48946.57,ach,CP6547,pep_match,3,0
AL004446,C85189,retail,12,ZA,SG,18291.63,cash,CP1292,high_risk_geo,0,1
AL004447,C95087,business,18,FR,US,1552.43,ach,CP7129,velocity,0,0
AL004448,C98208,retail,18,JP,SG,38844.01,card,CP1788,pep_match,0,0
AL004449,C52043,retail,7,AU,GB,12986.66,wire,CP8877,pep_match,0,0
AL004450,C71970,retail,11,AU,MX,27959.3,wire,CP8170,pep_match,0,0
AL004451,C64846,retail,4,JP,AU,25676.47,card,CP7801,dormant_reactivation,1,0
AL004452,C32727,retail,20,ZA,JP,9779.02,wire,CP7826,structuring,0,0
AL004453,C10713,retail,4,DE,AU,47883.0,ach,CP2347,sanctions_match,0,0
AL004454,C52506,retail,1,VE,DE,38777.14,wire,CP4649,dormant_reactivation,1,1
AL004455,C38846,retail,22,NG,FR,195321.73,wire,CP4808,sanctions_match,3,0
AL004456,C70390,retail,23,AU,DE,4258.16,wire,CP6562,velocity,2,0
AL004457,C86929,retail,4,FR,DE,8629.35,ach,CP7798,structuring,0,0
AL004458,C27376,retail,1,BR,AU,10000.0,ach,CP3637,round_amount,0,0
AL004459,C44453,retail,10,US,CA,8118.85,card,CP2435,high_risk_geo,2,0
AL004460,C95382,business,9,MX,CA,15922.86,card,CP2277,high_risk_geo,1,1
AL004461,C59390,retail,12,FR,JP,18412.1,ach,CP3466,dormant_reactivation,0,0
AL004462,C45178,retail,22,CA,CA,6989.57,wire,CP3001,dormant_reactivation,5,0
AL004463,C26916,retail,9,MX,GB,9977.83,wire,CP4784,structuring,0,0
AL004464,C56608,business,25,AU,SY,9963.82,ach,CP2384,structuring,0,0
AL004465,C11142,business,19,SG,GB,16982.34,ach,CP4478,sanctions_match,5,1
AL004466,C22246,private,3,SG,FR,7903.95,card,CP9170,structuring,1,0
AL004467,C14701,business,24,TR,CA,153331.81,wire,CP1787,sanctions_match,5,1
AL004468,C12735,business,22,US,JP,19475.81,ach,CP4280,pep_match,2,0
AL004469,C88698,retail,18,DE,GB,8806.03,cash,CP1133,structuring,0,0
AL004470,C72012,retail,13,GB,US,50000.0,ach,CP7535,round_amount,1,0
AL004471,C96007,retail,2,JP,TR,16336.37,wire,CP5840,high_risk_geo,0,0
AL004472,C99220,retail,25,SG,CA,101849.37,cash,CP2974,sanctions_match,0,0
AL004473,C97510,retail,14,DE,FR,13697.01,ach,CP5949,dormant_reactivation,0,0
AL004474,C70747,retail,3,AU,FR,4854.67,wire,CP3301,velocity,0,0
AL004475,C80133,retail,2,FR,US,5000.0,wire,CP3124,round_amount,2,0
AL004476,C93554,retail,23,AU,GB,9406.06,ach,CP3413,structuring,0,0
AL004477,C97452,business,14,CA,BR,9637.11,wire,CP4567,structuring,0,0
AL004478,C16667,retail,17,SG,DE,30654.47,cash,CP8845,pep_match,0,0
AL004479,C77763,retail,17,TR,CA,33033.2,ach,CP2373,pep_match,5,0
AL004480,C14824,retail,10,JP,DE,15007.25,ach,CP7409,high_risk_geo,3,1
AL004481,C19358,retail,20,CA,GB,100000.0,ach,CP8691,round_amount,2,0
AL004482,C49979,business,3,AU,NG,10000.0,ach,CP5409,round_amount,2,0
AL004483,C60453,business,2,JP,FR,17050.77,ach,CP4480,high_risk_geo,1,0
AL004484,C78319,retail,19,JP,US,31715.68,wire,CP9237,sanctions_match,0,0
AL004485,C40697,retail,16,CA,US,4386.18,wire,CP1389,velocity,1,0
AL004486,C63416,business,25,GB,US,9371.28,card,CP8187,structuring,3,0
AL004487,C17912,retail,13,AU,TR,27464.8,ach,CP1301,dormant_reactivation,0,0
AL004488,C88340,retail,11,SG,JP,42646.39,ach,CP6735,dormant_reactivation,0,0
AL004489,C36022,retail,7,GB,JP,4587.27,wire,CP8072,velocity,0,0
AL004490,C21312,private,0,DE,AU,25000.0,card,CP5388,round_amount,0,0
AL004491,C55482,retail,5,CA,FR,16658.02,card,CP7143,pep_match,1,1
AL004492,C58154,retail,19,CA,JP,17719.24,wire,CP1225,pep_match,0,0
AL004493,C85576,retail,9,DE,US,10000.0,wire,CP4265,round_amount,1,0
AL004494,C33596,business,21,AU,ZA,15568.43,wire,CP9687,high_risk_geo,0,0
AL004495,C22530,retail,8,NG,JP,9245.93,cash,CP8080,structuring,0,0
AL004496,C15908,business,4,TR,US,10000.0,ach,CP6726,round_amount,0,0
AL004497,C83524,retail,14,FR,AE,100000.0,ach,CP9398,round_amount,0,0
AL004498,C48785,business,8,FR,CA,3872.86,wire,CP8325,velocity,0,0
AL004499,C77920,retail,24,FR,FR,5000.0,wire,CP8584,round_amount,1,0
AL004500,C25025,retail,5,JP,AE,3505.74,ach,CP4269,velocity,1,0
AL004501,C40884,retail,15,US,AU,15469.97,ach,CP4764,high_risk_geo,0,0
AL004502,C75704,retail,18,FR,CA,557.25,ach,CP5947,velocity,8,0
AL004503,C59161,retail,8,BR,SG,557.2,ach,CP8221,velocity,2,0
AL004504,C63060,retail,22,TR,CA,25000.0,wire,CP9485,round_amount,0,0
AL004505,C93636,retail,5,TR,SG,107854.22,ach,CP5063,sanctions_match,0,0
AL004506,C78607,retail,25,GB,US,213084.1,wire,CP4327,sanctions_match,1,0
AL004507,C50043,retail,20,CA,US,22891.29,wire,CP8658,sanctions_match,2,0
AL004508,C75621,retail,4,JP,AU,248513.55,card,CP1925,sanctions_match,0,0
AL004509,C15662,retail,0,FR,GB,4286.41,ach,CP3956,velocity,0,0
AL004510,C70530,retail,21,JP,DE,25000.0,wire,CP1995,round_amount,0,0
AL004511,C32840,business,0,CA,FR,50000.0,ach,CP8522,round_amount,1,0
AL004512,C49658,retail,6,DE,SG,127438.95,ach,CP5532,sanctions_match,1,0
AL004513,C52228,retail,6,JP,AE,8447.79,card,CP7379,high_risk_geo,0,0
AL004514,C27285,private,16,AE,VE,1428.59,card,CP7201,velocity,0,0
AL004515,C44599,retail,14,MX,FR,171320.5,ach,CP5691,sanctions_match,0,0
AL004516,C80761,retail,24,DE,NG,8334.76,card,CP3116,high_risk_geo,0,0
AL004517,C73140,retail,0,US,AE,170642.39,wire,CP3276,sanctions_match,0,0
AL004518,C91714,retail,17,JP,GB,8196.35,wire,CP1342,structuring,0,1
AL004519,C28112,retail,7,ZA,TR,44832.05,wire,CP5389,dormant_reactivation,0,0
AL004520,C86560,retail,8,AU,ZA,9018.07,card,CP5440,structuring,1,0
AL004521,C61798,retail,24,GB,DE,8186.44,card,CP2957,structuring,0,0
AL004522,C39724,retail,3,CA,CA,25549.55,wire,CP8308,pep_match,3,0
AL004523,C13655,business,4,GB,FR,3326.95,card,CP1840,velocity,0,0
AL004524,C96196,business,5,VE,NG,24818.52,card,CP6623,high_risk_geo,2,0
AL004525,C67402,retail,16,TR,SG,2599.8,card,CP5404,velocity,1,0
AL004526,C69588,business,7,US,US,5000.0,card,CP8987,round_amount,2,1
AL004527,C51573,retail,2,AU,JP,12114.58,ach,CP8664,high_risk_geo,3,0
AL004528,C87610,business,5,JP,VE,8892.41,card,CP5768,structuring,5,1
AL004529,C78746,private,19,AU,MX,41611.56,ach,CP2962,dormant_reactivation,0,0
AL004530,C30957,retail,19,US,AU,8412.9,wire,CP5295,structuring,1,0
AL004531,C12981,retail,2,JP,SG,12423.32,card,CP2042,dormant_reactivation,0,0
AL004532,C64871,retail,11,JP,AU,50000.0,card,CP8426,round_amount,0,0
AL004533,C62240,private,15,SY,ZA,25502.98,card,CP8998,pep_match,2,0
AL004534,C10253,retail,21,US,GB,4921.54,ach,CP1159,velocity,0,0
AL004535,C35686,retail,25,CA,BR,48685.34,cash,CP4180,pep_match,1,0
AL004536,C38841,retail,7,ZA,AE,9445.79,wire,CP2791,structuring,0,0
AL004537,C90798,retail,23,JP,US,38791.01,ach,CP9865,pep_match,0,0
AL004538,C28776,retail,1,SG,GB,29248.67,card,CP9551,dormant_reactivation,0,0
AL004539,C66212,retail,5,NG,AU,9714.55,wire,CP8536,structuring,0,1
AL004540,C72872,retail,8,AE,CA,19497.82,wire,CP1640,pep_match,1,0
AL004541,C23866,retail,11,AU,MX,4135.57,ach,CP6620,velocity,0,0
AL004542,C27769,retail,1,GB,SG,7832.27,wire,CP6528,structuring,0,0
AL004543,C58802,retail,5,DE,GB,36640.15,card,CP3592,dormant_reactivation,3,0
AL004544,C60606,retail,9,GB,GB,7951.2,wire,CP7286,structuring,0,1
AL004545,C95654,business,14,GB,SG,18396.56,ach,CP9338,pep_match,0,0
AL004546,C90446,private,24,JP,FR,25000.0,ach,CP7242,round_amount,0,0
AL004547,C90510,private,12,AU,ZA,147948.56,ach,CP3061,high_risk_geo,0,0
AL004548,C81266,retail,0,SG,AU,1168.23,wire,CP2054,pep_match,2,0
AL004549,C30509,retail,16,US,SG,9729.11,card,CP7694,high_risk_geo,8,0
AL004550,C77529,retail,10,CA,SG,37306.43,wire,CP2449,dormant_reactivation,0,0
AL004551,C47171,retail,11,GB,FR,14696.71,ach,CP5639,dormant_reactivation,1,0
AL004552,C99920,business,14,BR,SG,30065.26,wire,CP8531,dormant_reactivation,0,0
AL004553,C10752,business,8,FR,AU,12749.71,ach,CP7159,high_risk_geo,1,0
AL004554,C36778,retail,19,GB,AU,205636.6,wire,CP1486,sanctions_match,5,0
AL004555,C38476,retail,5,SG,CA,8895.66,wire,CP6178,structuring,3,0
AL004556,C52550,private,12,VE,AU,5000.0,wire,CP2673,round_amount,5,0
AL004557,C75542,retail,5,AU,FR,1187.6,ach,CP5163,velocity,2,0
AL004558,C75579,retail,2,TR,GB,11260.76,wire,CP2928,sanctions_match,0,0
AL004559,C88215,retail,3,AU,AU,33116.91,ach,CP5366,pep_match,0,0
AL004560,C24723,retail,25,SG,DE,50000.0,card,CP5965,round_amount,1,0
AL004561,C45627,private,0,AU,CA,108113.85,ach,CP7988,high_risk_geo,1,0
AL004562,C86278,retail,21,JP,FR,93615.9,ach,CP4507,sanctions_match,0,0
AL004563,C31573,retail,19,CA,SG,4329.57,ach,CP3280,velocity,1,0
AL004564,C96781,business,22,BR,JP,32625.64,wire,CP3564,sanctions_match,1,0
AL004565,C42410,business,10,SG,FR,3403.37,ach,CP1218,velocity,0,0
AL004566,C78178,retail,14,GB,AU,50000.0,wire,CP4133,round_amount,1,0
AL004567,C49181,retail,24,MX,BR,8990.21,ach,CP1213,structuring,0,0
AL004568,C79836,retail,15,US,SG,6984.04,ach,CP1246,dormant_reactivation,1,0
AL004569,C53630,retail,19,JP,US,35948.05,ach,CP1316,dormant_reactivation,3,0
AL004570,C62631,retail,7,FR,CA,13710.16,wire,CP1556,dormant_reactivation,0,0
AL004571,C34822,private,16,DE,IR,165961.76,cash,CP7807,sanctions_match,3,0
AL004572,C39997,retail,25,NG,FR,5000.0,ach,CP6526,round_amount,1,0
AL004573,C44440,retail,1,JP,CA,10000.0,ach,CP6351,round_amount,2,0
AL004574,C16572,retail,5,AE,FR,100000.0,card,CP9643,round_amount,0,0
AL004575,C80631,retail,19,SG,JP,21286.75,wire,CP9380,high_risk_geo,0,0
AL004576,C82572,business,24,AU,US,13093.23,wire,CP8297,high_risk_geo,1,0
AL004577,C70473,retail,10,SG,GB,118941.41,ach,CP5672,sanctions_match,0,0
AL004578,C97797,business,17,BR,US,20397.94,cash,CP4126,high_risk_geo,1,0
AL004579,C52172,retail,2,AU,DE,9669.25,cash,CP7976,structuring,0,0
AL004580,C91785,retail,12,US,NG,4092.48,card,CP9810,velocity,0,0
AL004581,C46383,retail,3,JP,GB,11749.33,ach,CP7702,sanctions_match,0,0
AL004582,C78251,retail,17,RU,DE,8200.71,ach,CP4303,pep_match,0,0
AL004583,C75758,private,18,CA,DE,7902.43,card,CP3848,dormant_reactivation,0,0
AL004584,C84369,private,24,RU,JP,8366.53,ach,CP1348,structuring,3,1
AL004585,C11714,retail,2,AE,US,9761.98,cash,CP9325,structuring,0,0
AL004586,C10461,private,24,MX,CA,10000.0,card,CP3420,round_amount,1,0
AL004587,C36388,business,18,FR,TR,359.02,wire,CP7036,velocity,0,0
AL004588,C47831,retail,3,GB,IR,14279.94,ach,CP3233,high_risk_geo,0,0
AL004589,C67478,retail,21,DE,CA,33516.87,cash,CP8552,pep_match,0,1
AL004590,C52393,private,3,SY,DE,4953.48,card,CP1156,velocity,0,0
AL004591,C75360,retail,7,DE,GB,8287.56,card,CP7181,structuring,2,0
AL004592,C59777,retail,3,MX,US,37735.93,ach,CP5590,pep_match,0,0
AL004593,C27126,retail,6,AU,GB,9134.9,ach,CP8295,structuring,3,0
AL004594,C18916,retail,21,FR,AU,9742.77,ach,CP3312,structuring,0,0
AL004595,C10989,retail,11,CA,JP,8504.26,card,CP2375,structuring,0,0
AL004596,C96839,private,8,FR,BR,84515.72,card,CP2642,sanctions_match,2,0
AL004597,C19546,retail,0,CA,US,38107.58,ach,CP5045,dormant_reactivation,1,0
AL004598,C63378,business,0,US,TR,35727.02,card,CP9869,sanctions_match,2,1
AL004599,C53404,retail,11,GB,US,10688.28,ach,CP8101,high_risk_geo,0,0
AL004600,C12318,business,3,GB,US,32239.08,card,CP6688,dormant_reactivation,0,0
AL004601,C14319,business,24,DE,GB,9330.1,card,CP8628,high_risk_geo,1,0
AL004602,C34629,business,24,MX,SG,9365.7,ach,CP6468,structuring,0,0
AL004603,C68544,retail,6,NG,FR,50000.0,wire,CP7401,round_amount,0,0
AL004604,C61728,retail,17,TR,DE,8152.38,card,CP3642,high_risk_geo,0,0
AL004605,C40394,business,21,AU,TR,2670.99,ach,CP1046,velocity,3,0
AL004606,C52824,retail,1,BR,SG,4640.84,card,CP5835,velocity,0,0
AL004607,C12570,business,3,JP,US,9080.76,wire,CP5526,structuring,0,0
AL004608,C43314,private,25,US,US,157880.71,card,CP1672,high_risk_geo,1,0
AL004609,C97905,retail,11,NG,SG,100000.0,wire,CP5967,round_amount,0,0
AL004610,C50857,retail,24,SG,JP,25000.0,ach,CP3319,round_amount,0,0
AL004611,C46610,retail,14,JP,DE,9560.15,wire,CP3254,structuring,0,0
AL004612,C45993,business,16,GB,AU,153471.78,card,CP9970,sanctions_match,0,0
AL004613,C43220,retail,7,GB,DE,16042.28,card,CP1831,dormant_reactivation,0,0
AL004614,C56034,retail,15,AU,DE,10000.0,cash,CP4343,round_amount,8,0
AL004615,C80295,retail,13,FR,BR,21701.26,wire,CP6833,dormant_reactivation,2,0
AL004616,C18890,retail,19,AU,SY,31546.26,ach,CP6657,pep_match,5,0
AL004617,C23486,retail,10,ZA,US,12393.22,ach,CP5396,dormant_reactivation,0,0
AL004618,C91797,retail,14,FR,GB,15480.34,cash,CP1345,high_risk_geo,0,0
AL004619,C91997,retail,9,AU,JP,17782.08,card,CP9929,pep_match,0,0
AL004620,C67459,retail,2,AU,AE,2796.31,ach,CP3065,velocity,0,0
AL004621,C44185,retail,5,AE,AU,9276.06,wire,CP4049,high_risk_geo,2,0
AL004622,C53738,retail,10,CA,AU,20364.99,ach,CP3493,high_risk_geo,1,0
AL004623,C27169,business,18,TR,CA,21393.7,wire,CP5051,high_risk_geo,0,0
AL004624,C28361,retail,11,US,NG,10000.0,wire,CP2973,round_amount,5,0
AL004625,C63701,business,20,US,TR,15105.33,ach,CP5116,pep_match,2,1
AL004626,C18739,business,12,CA,CA,3059.34,ach,CP2165,dormant_reactivation,2,0
AL004627,C99467,retail,6,SG,NG,141805.61,ach,CP6234,sanctions_match,3,0
AL004628,C85676,retail,14,DE,CA,9929.66,wire,CP9185,structuring,0,1
AL004629,C73280,retail,13,TR,US,1427.58,wire,CP2795,velocity,3,0
AL004630,C40658,retail,9,BR,FR,8695.79,ach,CP5611,structuring,0,0
AL004631,C97351,retail,23,SG,AE,41392.86,cash,CP9487,pep_match,2,0
AL004632,C17127,retail,4,US,GB,50000.0,card,CP7939,round_amount,1,0
AL004633,C55990,private,8,KP,SG,88389.58,cash,CP3013,high_risk_geo,2,0
AL004634,C35200,private,24,BR,FR,7358.25,cash,CP1243,dormant_reactivation,0,0
AL004635,C55332,retail,10,FR,SG,5338.07,ach,CP5416,sanctions_match,0,0
AL004636,C91092,retail,16,DE,FR,22064.65,wire,CP9350,high_risk_geo,0,0
AL004637,C33848,business,5,DE,JP,42402.58,cash,CP8328,pep_match,0,0
AL004638,C11246,business,7,AU,US,8303.82,wire,CP6562,structuring,3,0
AL004639,C15916,retail,20,SG,GB,8199.51,wire,CP1549,structuring,1,0
AL004640,C72727,private,21,GB,FR,9914.6,card,CP4453,structuring,0,0
AL004641,C35987,retail,13,DE,US,2905.76,wire,CP7601,pep_match,1,0
AL004642,C72866,retail,2,DE,JP,12505.1,ach,CP9880,high_risk_geo,0,0
AL004643,C31182,retail,10,CA,NG,44829.05,wire,CP7387,dormant_reactivation,0,0
AL004644,C62109,retail,21,JP,GB,9179.81,ach,CP7861,high_risk_geo,0,0
AL004645,C48709,retail,12,FR,US,6634.28,ach,CP8608,high_risk_geo,1,0
AL004646,C66180,retail,1,FR,CA,231119.29,card,CP7082,sanctions_match,0,0
AL004647,C88270,retail,23,RU,GB,50000.0,ach,CP1287,round_amount,2,0
AL004648,C97387,retail,6,MX,DE,4683.34,ach,CP6328,velocity,2,0
AL004649,C49234,retail,19,JP,GB,9343.85,card,CP8978,structuring,2,0
AL004650,C40165,retail,17,AU,JP,38186.65,wire,CP5891,dormant_reactivation,0,0
AL004651,C31627,retail,4,SG,AU,19639.64,cash,CP2653,high_risk_geo,0,0
AL004652,C39450,business,1,DE,TR,17074.15,ach,CP2376,pep_match,0,0
AL004653,C68722,private,8,AU,ZA,50000.0,ach,CP9588,round_amount,3,0
AL004654,C42901,business,12,BR,US,5000.0,ach,CP2878,round_amount,5,0
AL004655,C54935,retail,1,RU,SG,4289.28,cash,CP4740,dormant_reactivation,0,0
AL004656,C86783,private,25,BR,US,3770.08,wire,CP5902,velocity,0,0
AL004657,C50829,private,5,ZA,NG,6244.91,wire,CP3146,pep_match,0,0
AL004658,C94348,retail,25,US,CA,9627.93,ach,CP4582,structuring,0,0
AL004659,C25280,retail,17,CA,DE,2291.8,wire,CP1606,velocity,3,0
AL004660,C44020,retail,17,GB,US,37939.62,card,CP8496,pep_match,5,0
AL004661,C45199,business,14,DE,JP,128240.97,wire,CP3118,sanctions_match,0,0
AL004662,C95606,private,8,SG,TR,1429.56,wire,CP9654,velocity,2,0
AL004663,C80480,retail,19,ZA,MX,26733.34,card,CP7859,pep_match,0,0
AL004664,C94302,retail,11,FR,GB,37579.52,wire,CP4346,sanctions_match,0,0
AL004665,C21686,private,25,AU,GB,8531.63,ach,CP2816,structuring,1,1
AL004666,C91342,retail,13,ZA,SG,177001.29,ach,CP9305,sanctions_match,3,1
AL004667,C85149,retail,3,FR,US,40095.58,ach,CP5580,dormant_reactivation,0,0
AL004668,C82600,retail,13,VE,NG,2054.39,wire,CP7777,velocity,0,0
AL004669,C39747,retail,19,JP,GB,3109.64,cash,CP7401,velocity,2,0
AL004670,C24632,business,22,ZA,GB,5000.0,wire,CP7080,round_amount,0,0
AL004671,C38651,private,16,SY,MM,9694.39,ach,CP8407,structuring,0,1
AL004672,C42943,retail,22,AU,US,25000.0,card,CP7779,round_amount,2,0
AL004673,C24857,retail,22,JP,DE,19396.65,cash,CP4421,dormant_reactivation,0,0
AL004674,C74498,business,3,GB,TR,3094.26,wire,CP9994,pep_match,2,1
AL004675,C22126,business,1,MX,SG,23762.87,cash,CP3857,high_risk_geo,0,0
AL004676,C55485,retail,15,SG,ZA,46597.76,wire,CP1112,pep_match,0,0
AL004677,C45012,retail,10,GB,US,58975.84,ach,CP1115,sanctions_match,1,0
AL004678,C89165,retail,2,AE,BR,14975.72,ach,CP3546,dormant_reactivation,3,0
AL004679,C41271,retail,17,AU,FR,9790.83,card,CP9991,high_risk_geo,2,0
AL004680,C36047,retail,23,DE,ZA,9619.01,card,CP7628,structuring,1,0
AL004681,C97768,retail,13,US,AU,151654.09,card,CP6235,sanctions_match,3,1
AL004682,C40927,retail,18,CA,FR,44926.13,cash,CP2040,dormant_reactivation,3,0
AL004683,C99114,private,25,JP,ZA,92069.85,ach,CP9484,high_risk_geo,0,1
AL004684,C75236,retail,21,BR,GB,39913.7,ach,CP5915,dormant_reactivation,3,0
AL004685,C36666,business,16,DE,AE,22804.31,ach,CP6030,high_risk_geo,0,0
AL004686,C53456,private,25,GB,SG,736.38,ach,CP9993,velocity,0,0
AL004687,C18980,retail,2,US,GB,18406.87,wire,CP2535,high_risk_geo,0,0
AL004688,C49428,retail,23,SG,GB,9922.94,card,CP3364,structuring,0,0
AL004689,C81849,retail,9,AU,US,10000.0,ach,CP8676,round_amount,1,0
AL004690,C34506,private,20,AU,ZA,133004.31,ach,CP7832,high_risk_geo,3,0
AL004691,C50448,retail,2,MX,SG,3975.81,ach,CP2038,velocity,0,0
AL004692,C52599,retail,13,GB,GB,7903.66,ach,CP2947,structuring,0,0
AL004693,C13153,retail,8,US,SY,23188.49,card,CP7117,high_risk_geo,2,0
AL004694,C72831,business,1,JP,CA,5000.0,card,CP4451,round_amount,0,0
AL004695,C43334,business,23,BR,SG,4646.81,ach,CP5842,velocity,0,0
AL004696,C11975,retail,15,DE,US,8915.41,card,CP1460,pep_match,0,0
AL004697,C20837,retail,14,MX,DE,4033.13,card,CP7062,velocity,0,0
AL004698,C46653,retail,7,DE,AU,1978.62,wire,CP4601,pep_match,0,0
AL004699,C65144,business,23,CA,GB,15508.26,ach,CP5834,pep_match,0,0
AL004700,C20660,private,22,DE,US,9771.91,wire,CP9206,structuring,1,0
AL004701,C88189,retail,17,JP,US,43678.24,wire,CP5521,pep_match,0,0
AL004702,C90597,retail,2,NG,MX,12162.18,card,CP4353,pep_match,0,0
AL004703,C12364,retail,0,JP,JP,32952.63,card,CP7131,pep_match,3,0
AL004704,C34138,retail,11,SG,NG,28912.33,ach,CP5587,dormant_reactivation,0,0
AL004705,C69431,retail,23,DE,CA,2202.1,ach,CP9297,velocity,0,0
AL004706,C14086,business,1,US,SG,3958.11,ach,CP4611,pep_match,0,0
AL004707,C39039,private,3,RU,MX,30422.25,ach,CP4949,pep_match,0,0
AL004708,C34239,business,12,JP,SG,699.8,card,CP3597,velocity,2,0
AL004709,C39880,retail,17,US,JP,8946.45,card,CP6630,high_risk_geo,0,1
AL004710,C77738,retail,20,GB,FR,244057.16,ach,CP5279,sanctions_match,0,0
AL004711,C86731,business,3,MX,US,41734.34,card,CP3285,dormant_reactivation,0,0
AL004712,C73559,business,18,FR,DE,14066.12,wire,CP7816,dormant_reactivation,0,0
AL004713,C58081,retail,2,NG,ZA,42954.46,wire,CP8623,dormant_reactivation,0,0
AL004714,C24630,retail,19,JP,TR,37039.54,wire,CP6925,dormant_reactivation,0,0
AL004715,C44492,business,6,GB,SG,1491.02,wire,CP1185,velocity,0,0
AL004716,C49277,retail,2,US,CA,34416.74,wire,CP1204,pep_match,1,0
AL004717,C47740,retail,16,SG,AU,7957.36,ach,CP4838,structuring,0,0
AL004718,C40041,business,16,FR,NG,25000.0,card,CP3383,round_amount,0,0
AL004719,C80173,retail,10,CA,AE,9875.11,ach,CP1472,structuring,1,0
AL004720,C78126,retail,17,GB,AE,1935.18,ach,CP7784,velocity,0,0
AL004721,C39218,retail,5,NG,ZA,10000.0,wire,CP3538,round_amount,5,0
AL004722,C82042,private,12,FR,TR,8844.44,ach,CP6303,structuring,0,0
AL004723,C13128,retail,8,US,DE,7768.11,wire,CP6337,sanctions_match,0,0
AL004724,C16046,private,8,MX,GB,10000.0,ach,CP5246,round_amount,2,0
AL004725,C19396,retail,1,CA,CA,10253.46,card,CP5669,dormant_reactivation,0,0
AL004726,C55498,business,24,DE,SG,9544.0,wire,CP7401,structuring,0,0
AL004727,C83176,retail,21,CA,AE,43950.51,ach,CP1925,pep_match,5,1
AL004728,C23773,private,20,VE,DE,218284.7,ach,CP5243,high_risk_geo,0,0
AL004729,C86219,retail,11,GB,SG,1619.67,ach,CP3460,velocity,0,0
AL004730,C40225,business,6,AU,TR,10000.0,ach,CP9117,round_amount,2,0
AL004731,C12717,retail,16,AU,SG,162391.28,wire,CP5215,sanctions_match,8,1
AL004732,C44629,retail,15,AU,DE,12899.35,ach,CP5771,sanctions_match,1,0
AL004733,C76528,retail,5,SG,GB,100312.15,ach,CP8472,sanctions_match,0,0
AL004734,C88568,business,12,DE,DE,4553.42,ach,CP4217,velocity,3,0
AL004735,C64221,retail,25,JP,TR,5438.74,ach,CP8447,pep_match,0,0
AL004736,C64051,business,2,ZA,GB,50000.0,wire,CP7347,round_amount,0,0
AL004737,C49121,retail,8,GB,SG,38523.97,ach,CP5347,dormant_reactivation,0,0
AL004738,C69817,retail,25,US,JP,9753.17,card,CP2658,structuring,0,0
AL004739,C15061,retail,12,AU,FR,9060.59,ach,CP8630,structuring,0,0
AL004740,C74309,retail,2,TR,DE,38614.06,cash,CP4351,dormant_reactivation,1,0
AL004741,C60336,retail,24,AU,GB,27556.99,card,CP3326,sanctions_match,1,1
AL004742,C93551,retail,11,ZA,SG,8519.1,ach,CP8573,structuring,3,0
AL004743,C87644,retail,14,AU,US,155244.12,ach,CP3681,sanctions_match,1,0
AL004744,C15318,retail,22,BR,CA,50000.0,card,CP9923,round_amount,3,0
AL004745,C66056,retail,15,TR,AU,9217.81,card,CP4779,structuring,1,0
AL004746,C43663,retail,11,JP,DE,5000.0,wire,CP1148,round_amount,2,0
AL004747,C81307,retail,10,DE,TR,25125.25,wire,CP3147,pep_match,0,0
AL004748,C80390,retail,21,MM,US,50000.0,card,CP7586,round_amount,3,0
AL004749,C27184,retail,17,JP,CA,50000.0,wire,CP1428,round_amount,3,0
AL004750,C57107,retail,10,TR,FR,19519.21,wire,CP8092,pep_match,1,1
AL004751,C84827,retail,16,RU,SG,2813.34,card,CP3876,pep_match,0,0
AL004752,C63113,retail,19,NG,US,16558.24,wire,CP5175,high_risk_geo,2,1
AL004753,C99009,retail,8,SG,SY,8772.88,card,CP8487,structuring,1,0
AL004754,C28569,retail,12,MX,GB,188302.86,wire,CP7764,sanctions_match,0,0
AL004755,C74240,retail,13,FR,AE,17083.84,card,CP4806,high_risk_geo,1,0
AL004756,C33450,business,21,US,CA,100000.0,ach,CP3623,round_amount,0,0
AL004757,C33681,retail,7,DE,AU,3876.21,wire,CP3310,velocity,0,0
AL004758,C13039,retail,4,GB,SY,35260.71,wire,CP3774,dormant_reactivation,1,0
AL004759,C55631,retail,12,MM,ZA,574.26,card,CP3609,velocity,1,0
AL004760,C13423,retail,19,SG,JP,100000.0,ach,CP3895,round_amount,0,0
AL004761,C47585,retail,22,SG,SG,7930.05,cash,CP4219,structuring,1,0
AL004762,C15123,business,19,FR,GB,15008.05,ach,CP1349,high_risk_geo,0,0
AL004763,C74873,retail,9,CA,GB,9526.08,ach,CP2575,structuring,0,0
AL004764,C13366,retail,10,AU,US,100000.0,card,CP4102,round_amount,0,0
AL004765,C53631,retail,17,SG,SG,20754.96,ach,CP2242,high_risk_geo,5,0
AL004766,C70626,private,1,JP,FR,9967.83,ach,CP9087,structuring,1,1
AL004767,C64767,retail,20,AE,MX,64419.37,card,CP6118,sanctions_match,0,0
AL004768,C82298,retail,22,US,TR,9582.79,card,CP7336,structuring,0,0
AL004769,C18336,retail,5,DE,MX,14716.87,wire,CP5664,high_risk_geo,0,0
AL004770,C65018,retail,8,SG,SG,8170.04,ach,CP2146,structuring,1,1
AL004771,C72089,retail,4,CA,DE,8053.61,ach,CP7529,structuring,1,0
AL004772,C26224,business,16,US,DE,2064.03,cash,CP8355,dormant_reactivation,3,0
AL004773,C10732,retail,5,US,SG,16619.84,wire,CP2684,pep_match,8,0
AL004774,C29878,business,6,AE,ZA,37733.08,wire,CP3368,dormant_reactivation,1,1
AL004775,C75042,retail,13,SG,JP,35066.19,wire,CP3692,pep_match,8,0
AL004776,C90581,retail,11,AU,SG,9489.68,ach,CP8235,structuring,0,0
AL004777,C15191,retail,12,VE,JP,12672.78,ach,CP3530,high_risk_geo,0,0
AL004778,C79454,retail,23,FR,SG,21076.36,card,CP1906,pep_match,1,0
AL004779,C88209,business,1,ZA,MX,3932.43,wire,CP6424,velocity,0,0
AL004780,C45150,retail,24,CA,AU,100000.0,ach,CP2190,round_amount,1,0
AL004781,C33713,retail,21,TR,CA,67871.73,card,CP5153,sanctions_match,1,0
AL004782,C88724,retail,16,JP,JP,201608.86,ach,CP9425,sanctions_match,0,0
AL004783,C77507,business,25,NG,US,100000.0,wire,CP9652,round_amount,0,0
AL004784,C14580,retail,25,FR,FR,14141.69,wire,CP6993,pep_match,0,0
AL004785,C79880,retail,15,GB,US,9803.33,cash,CP9240,structuring,0,1
AL004786,C28492,business,14,US,DE,8244.22,ach,CP9080,structuring,3,1
AL004787,C38882,retail,7,FR,GB,34868.83,ach,CP5072,pep_match,0,0
AL004788,C26867,retail,5,FR,US,3801.66,ach,CP2836,velocity,0,0
AL004789,C63429,retail,4,MX,FR,3252.66,ach,CP2199,velocity,0,0
AL004790,C74189,retail,21,AU,AE,123941.92,wire,CP4792,sanctions_match,0,0
AL004791,C32536,retail,6,JP,NG,3189.72,cash,CP1934,velocity,0,0
AL004792,C54883,retail,2,GB,MX,71303.64,card,CP7959,sanctions_match,0,0
AL004793,C88654,business,1,KP,MX,8675.85,wire,CP1259,structuring,0,1
AL004794,C89986,retail,12,GB,AU,22434.89,ach,CP9218,high_risk_geo,0,0
AL004795,C34981,private,16,DE,GB,142367.78,ach,CP2399,sanctions_match,0,0
AL004796,C17450,business,16,NG,SG,1854.86,cash,CP3680,pep_match,0,0
AL004797,C46724,retail,22,ZA,AU,100000.0,cash,CP3583,round_amount,0,0
AL004798,C98003,retail,20,GB,FR,10078.7,ach,CP8336,dormant_reactivation,1,0
AL004799,C21369,retail,19,GB,GB,4331.43,ach,CP5046,velocity,1,0
AL004800,C87134,retail,0,US,AE,13058.01,ach,CP3449,high_risk_geo,0,0
AL004801,C66293,business,5,JP,JP,35175.79,ach,CP2552,dormant_reactivation,1,0
AL004802,C32180,retail,10,NG,CA,9475.03,ach,CP2365,structuring,0,0
AL004803,C51300,retail,22,AU,FR,74681.19,wire,CP7147,sanctions_match,0,0
AL004804,C61563,retail,5,AU,AU,1269.07,card,CP7340,velocity,0,0
AL004805,C47211,business,16,JP,DE,210175.64,ach,CP8827,sanctions_match,0,0
AL004806,C76840,retail,8,DE,SG,9434.73,cash,CP6110,pep_match,0,0
AL004807,C86444,private,3,SG,AE,9451.41,ach,CP8562,structuring,0,1
AL004808,C70044,retail,17,FR,CA,11232.63,card,CP6685,high_risk_geo,0,0
AL004809,C61479,retail,10,US,US,13507.79,card,CP9246,high_risk_geo,0,0
AL004810,C92434,business,12,US,GB,2327.72,card,CP9773,velocity,0,0
AL004811,C75689,private,0,IR,IR,1351.04,ach,CP7899,velocity,0,0
AL004812,C41378,business,23,SG,AU,12506.55,wire,CP4163,high_risk_geo,0,0
AL004813,C60740,retail,18,US,DE,28078.35,wire,CP3254,dormant_reactivation,0,0
AL004814,C64472,business,25,DE,CA,9088.57,wire,CP4589,structuring,0,0
AL004815,C12873,private,25,JP,US,4256.22,wire,CP7539,velocity,2,0
AL004816,C95583,retail,18,US,US,11314.38,wire,CP9255,high_risk_geo,0,0
AL004817,C81158,retail,3,MM,GB,9873.71,card,CP7397,structuring,0,1
AL004818,C55857,retail,19,US,GB,22572.83,wire,CP8118,high_risk_geo,1,0
AL004819,C98571,business,11,CA,BR,7207.79,cash,CP4080,high_risk_geo,3,0
AL004820,C50056,business,24,NG,JP,9021.41,wire,CP5667,structuring,0,0
AL004821,C45159,retail,17,FR,DE,3232.69,ach,CP6589,velocity,3,0
AL004822,C60186,business,0,CA,JP,2024.8,ach,CP6035,velocity,3,0
AL004823,C91625,retail,17,SG,BR,190724.99,cash,CP7240,sanctions_match,0,1
AL004824,C88454,business,0,MX,SG,7837.34,wire,CP9159,structuring,0,1
AL004825,C58884,private,18,BR,CA,29453.25,ach,CP3498,pep_match,1,0
AL004826,C65537,retail,6,JP,JP,16640.56,ach,CP5847,high_risk_geo,0,0
AL004827,C55516,business,18,NG,AU,10472.57,card,CP8446,high_risk_geo,0,0
AL004828,C65625,retail,16,MX,SG,23785.87,card,CP2374,high_risk_geo,1,1
AL004829,C91197,retail,12,DE,BR,48208.22,wire,CP5654,pep_match,3,0
AL004830,C75472,private,9,SG,SG,34778.59,ach,CP2791,dormant_reactivation,3,0
AL004831,C93730,retail,20,NG,MX,8382.99,ach,CP8228,structuring,0,0
AL004832,C16535,private,8,AE,SG,2124.9,wire,CP3496,velocity,2,1
AL004833,C69629,retail,15,AU,TR,100000.0,ach,CP9262,round_amount,5,0
AL004834,C77712,retail,18,TR,GB,10000.0,card,CP3856,round_amount,0,0
AL004835,C25806,retail,5,CA,US,107917.26,ach,CP7069,sanctions_match,1,0
AL004836,C98541,business,17,FR,SG,48354.78,wire,CP5186,pep_match,1,0
AL004837,C61553,retail,20,AU,US,5000.0,ach,CP6689,round_amount,0,0
AL004838,C53985,business,12,DE,FR,1903.74,ach,CP3987,velocity,0,0
AL004839,C94765,retail,19,NG,IR,19366.35,cash,CP8401,pep_match,1,0
AL004840,C10167,retail,9,FR,US,127146.18,card,CP7202,sanctions_match,0,0
AL004841,C71945,business,13,BR,TR,231138.69,wire,CP1450,sanctions_match,2,0
AL004842,C40829,business,15,NG,SG,12755.84,wire,CP1667,high_risk_geo,5,1
AL004843,C22589,retail,23,DE,RU,18366.74,ach,CP7657,pep_match,0,0
AL004844,C15049,retail,4,CA,BR,20504.0,wire,CP9899,pep_match,2,0
AL004845,C40962,retail,18,US,DE,1241.57,ach,CP5263,pep_match,0,0
AL004846,C44087,retail,24,FR,CA,13451.81,wire,CP8273,dormant_reactivation,1,0
AL004847,C59364,retail,14,RU,FR,8480.55,wire,CP8032,structuring,0,0
AL004848,C25012,business,19,AU,DE,9963.41,wire,CP8918,structuring,3,0
AL004849,C70232,business,0,DE,CA,25000.0,card,CP3458,round_amount,0,0
AL004850,C99067,retail,16,US,MX,3969.59,wire,CP2012,dormant_reactivation,0,0
AL004851,C26920,retail,7,CA,SG,9493.88,card,CP1542,pep_match,1,1
AL004852,C56016,retail,14,US,GB,10000.0,wire,CP7735,round_amount,2,0
AL004853,C17157,retail,16,FR,AU,3651.45,ach,CP2571,velocity,5,0
AL004854,C62424,business,8,GB,FR,8563.2,card,CP8079,high_risk_geo,0,1
AL004855,C46365,business,12,MX,GB,6572.35,wire,CP9853,dormant_reactivation,1,0
AL004856,C73261,retail,2,GB,JP,29482.4,wire,CP3792,dormant_reactivation,0,0
AL004857,C69229,retail,13,US,CA,8497.61,ach,CP9410,high_risk_geo,0,0
AL004858,C17799,retail,8,CA,DE,19369.57,ach,CP6865,high_risk_geo,0,0
AL004859,C72846,retail,5,AU,JP,8735.97,ach,CP3574,high_risk_geo,0,0
AL004860,C72930,retail,20,AU,CA,3661.36,ach,CP1838,pep_match,3,0
AL004861,C48334,retail,4,CA,CA,50000.0,wire,CP2298,round_amount,0,0
AL004862,C85851,retail,25,GB,DE,137624.86,card,CP2419,sanctions_match,0,0
AL004863,C42494,retail,25,CA,TR,21153.18,card,CP2480,high_risk_geo,2,0
AL004864,C71849,retail,18,GB,SG,11714.52,wire,CP3942,pep_match,0,0
AL004865,C12949,retail,12,AE,US,746.49,wire,CP1112,velocity,0,0
AL004866,C70623,retail,1,NG,AU,828.53,ach,CP9681,velocity,0,0
AL004867,C39594,private,9,DE,ZA,247435.33,wire,CP3007,high_risk_geo,0,0
AL004868,C97962,business,8,FR,JP,34991.68,cash,CP4652,pep_match,0,0
AL004869,C23556,retail,19,GB,JP,16699.05,wire,CP8269,pep_match,0,0
AL004870,C88036,retail,25,SG,JP,7975.62,ach,CP8100,structuring,1,0
AL004871,C53331,retail,15,NG,SG,6909.57,card,CP4869,dormant_reactivation,0,0
AL004872,C24676,business,16,CA,AU,9494.11,wire,CP1189,high_risk_geo,0,1
AL004873,C47350,business,15,CA,GB,243638.11,ach,CP7904,sanctions_match,3,1
AL004874,C60898,retail,21,IR,CA,48444.41,card,CP5709,pep_match,1,0
AL004875,C41292,retail,18,US,FR,1738.9,ach,CP1409,velocity,0,0
AL004876,C51955,retail,9,AE,ZA,29092.27,ach,CP3644,sanctions_match,2,1
AL004877,C73911,retail,9,SG,DE,95989.64,card,CP4256,sanctions_match,1,0
AL004878,C53177,retail,8,SG,JP,18078.58,ach,CP6919,high_risk_geo,0,0
AL004879,C35739,business,11,IR,DE,225873.67,card,CP3185,sanctions_match,1,0
AL004880,C75114,retail,6,DE,CA,100000.0,ach,CP8758,round_amount,0,0
AL004881,C24567,retail,4,US,SG,6212.96,ach,CP7159,pep_match,1,0
AL004882,C12424,private,5,AU,JP,3682.3,cash,CP4328,velocity,2,0
AL004883,C87861,business,12,AU,JP,13465.36,card,CP5912,dormant_reactivation,0,0
AL004884,C80897,retail,3,DE,DE,217152.82,card,CP9017,sanctions_match,0,0
AL004885,C68645,retail,20,DE,GB,173842.81,card,CP3693,sanctions_match,5,0
AL004886,C66516,retail,7,CA,US,136495.74,ach,CP5435,sanctions_match,1,0
AL004887,C94420,business,9,JP,AE,48281.24,cash,CP9093,pep_match,0,1
AL004888,C39321,business,9,US,CA,20702.35,ach,CP3990,high_risk_geo,0,1
AL004889,C34086,retail,21,JP,DE,47833.37,ach,CP4654,pep_match,2,1
AL004890,C32848,retail,3,NG,SG,28771.81,wire,CP9758,dormant_reactivation,3,0
AL004891,C44766,retail,20,JP,GB,5000.0,ach,CP8532,round_amount,0,0
AL004892,C70122,business,1,AU,JP,10000.0,wire,CP8378,round_amount,3,0
AL004893,C30393,retail,8,JP,DE,3965.96,ach,CP6311,velocity,2,0
AL004894,C63087,retail,3,BR,DE,10937.8,cash,CP3483,sanctions_match,0,0
AL004895,C47765,retail,25,KP,US,227253.33,ach,CP1195,sanctions_match,2,1
AL004896,C48279,private,15,GB,TR,122281.49,cash,CP2601,sanctions_match,0,0
AL004897,C72237,retail,7,AU,SG,123651.17,ach,CP4197,sanctions_match,2,0
AL004898,C31673,private,8,JP,DE,4804.71,card,CP3064,velocity,0,0
AL004899,C85649,retail,25,FR,AU,5000.0,wire,CP1023,round_amount,0,0
AL004900,C81312,retail,3,AE,AU,151815.83,ach,CP7075,sanctions_match,0,0
AL004901,C45669,retail,11,AE,AU,2201.92,ach,CP6142,velocity,0,0
AL004902,C15950,business,7,SG,MX,2170.68,card,CP2341,velocity,0,0
AL004903,C45430,private,5,GB,MX,157413.29,ach,CP3796,sanctions_match,0,0
AL004904,C28013,retail,0,CA,GB,148228.67,wire,CP5867,sanctions_match,0,0
AL004905,C41385,business,9,MM,JP,50000.0,cash,CP8305,round_amount,0,0
AL004906,C85743,retail,14,SG,SG,159558.21,ach,CP9148,sanctions_match,0,0
AL004907,C91051,retail,10,MX,JP,8502.85,ach,CP6579,structuring,0,0
AL004908,C80853,retail,7,FR,US,1237.55,ach,CP9399,velocity,3,1
AL004909,C16528,retail,4,US,FR,6118.04,card,CP7253,dormant_reactivation,0,0
AL004910,C10130,retail,0,SG,SG,18658.08,wire,CP8012,high_risk_geo,5,0
AL004911,C89043,retail,5,FR,JP,157046.82,card,CP7372,sanctions_match,1,0
AL004912,C17104,retail,7,FR,US,16055.53,card,CP6823,high_risk_geo,0,0
AL004913,C46166,retail,21,FR,US,8802.54,ach,CP3906,structuring,1,1
AL004914,C23450,business,9,US,DE,100000.0,wire,CP3018,round_amount,0,0
AL004915,C37912,retail,9,US,FR,5000.0,ach,CP1337,round_amount,0,0
AL004916,C74615,retail,11,AU,TR,3036.96,ach,CP8366,velocity,2,0
AL004917,C20567,business,25,ZA,JP,3206.28,wire,CP4467,velocity,8,0
AL004918,C81843,retail,15,CA,CA,170647.97,card,CP1427,sanctions_match,0,0
AL004919,C64566,business,14,NG,CA,28654.03,ach,CP7317,pep_match,2,0
AL004920,C18654,business,7,FR,TR,108668.64,wire,CP3947,sanctions_match,0,0
AL004921,C91483,retail,8,US,FR,90303.57,wire,CP9465,sanctions_match,1,0
AL004922,C77796,retail,5,DE,FR,9097.67,card,CP1207,structuring,2,0
AL004923,C39443,retail,1,TR,JP,10626.41,ach,CP1578,high_risk_geo,2,0
AL004924,C57640,retail,10,GB,AU,211366.63,ach,CP6798,sanctions_match,0,0
AL004925,C64958,retail,9,CA,BR,33887.07,ach,CP3270,pep_match,3,0
AL004926,C16993,retail,0,SG,US,13007.73,cash,CP3927,pep_match,0,0
AL004927,C63029,retail,16,FR,DE,3299.07,ach,CP5356,velocity,2,0
AL004928,C40263,retail,0,JP,CA,50000.0,cash,CP8238,round_amount,3,0
AL004929,C89676,retail,9,JP,DE,10000.0,card,CP2215,round_amount,0,0
AL004930,C59217,retail,4,US,TR,926.0,card,CP1460,velocity,0,0
AL004931,C75921,retail,3,GB,JP,23648.73,ach,CP6089,pep_match,0,0
AL004932,C91524,retail,4,SG,KP,24418.01,cash,CP5197,pep_match,8,1
AL004933,C24511,retail,6,FR,RU,19472.91,card,CP8154,high_risk_geo,1,0
AL004934,C69168,retail,22,FR,CA,7806.96,card,CP6055,dormant_reactivation,1,0
AL004935,C72468,retail,19,JP,SG,9712.93,wire,CP1760,structuring,3,0
AL004936,C92180,retail,9,TR,GB,15932.67,cash,CP4790,high_risk_geo,0,0
AL004937,C42689,retail,10,BR,NG,1945.56,ach,CP2615,velocity,1,0
AL004938,C86662,retail,11,JP,GB,3886.13,card,CP6822,dormant_reactivation,0,0
AL004939,C41086,business,5,GB,AU,5000.0,ach,CP7085,round_amount,1,0
AL004940,C37398,retail,11,JP,GB,3614.43,ach,CP2310,velocity,2,0
AL004941,C34644,retail,1,CA,CA,32750.55,card,CP1928,pep_match,0,0
AL004942,C59033,retail,10,FR,DE,25000.0,ach,CP3006,round_amount,0,0
AL004943,C58348,business,16,DE,DE,17262.21,ach,CP8351,sanctions_match,8,0
AL004944,C93360,retail,25,MX,CA,50000.0,card,CP2523,round_amount,5,0
AL004945,C73400,private,2,AU,CA,10990.5,wire,CP3623,pep_match,0,0
AL004946,C60388,business,25,GB,FR,1042.17,wire,CP5621,velocity,0,0
AL004947,C77859,private,10,IR,US,16803.47,card,CP1222,pep_match,0,0
AL004948,C92502,retail,18,GB,SG,30870.05,ach,CP8586,pep_match,1,1
AL004949,C70196,retail,21,AU,CA,8020.54,ach,CP9508,structuring,0,0
AL004950,C16438,private,10,FR,NG,105856.74,ach,CP9617,sanctions_match,0,0
AL004951,C77617,business,11,JP,AU,8557.96,wire,CP6995,high_risk_geo,1,0
AL004952,C86697,retail,0,US,JP,4671.22,wire,CP6569,velocity,0,0
AL004953,C51993,retail,1,CA,SG,26847.4,wire,CP2912,pep_match,0,0
AL004954,C13183,retail,18,AU,BR,2317.22,wire,CP3303,velocity,5,0
AL004955,C87045,retail,24,KP,FR,9303.13,ach,CP6637,structuring,1,0
AL004956,C92004,retail,9,NG,JP,5000.0,wire,CP3389,round_amount,0,0
AL004957,C25111,retail,1,US,SG,46723.0,ach,CP5841,pep_match,5,0
AL004958,C31033,private,4,US,AU,35016.37,wire,CP3467,pep_match,3,0
AL004959,C57142,retail,18,NG,SG,10000.0,wire,CP4265,round_amount,0,0
AL004960,C57686,retail,18,SG,AE,50000.0,ach,CP9155,round_amount,5,0
AL004961,C76402,retail,22,SG,DE,25000.0,ach,CP9462,round_amount,2,0
AL004962,C73978,retail,18,GB,CA,22218.28,card,CP3440,pep_match,0,0
AL004963,C14681,retail,24,CA,AE,10000.0,ach,CP5413,round_amount,1,0
AL004964,C83598,private,15,US,GB,9066.47,ach,CP8214,structuring,2,1
AL004965,C26558,retail,1,MX,FR,8809.87,wire,CP4557,dormant_reactivation,0,0
AL004966,C54653,business,5,DE,RU,42699.07,card,CP5317,dormant_reactivation,0,0
AL004967,C80940,retail,14,DE,CA,6212.82,cash,CP4559,high_risk_geo,0,0
AL004968,C99856,business,15,NG,SY,197565.92,cash,CP9922,sanctions_match,0,0
AL004969,C64564,business,22,JP,IR,24198.91,wire,CP8198,high_risk_geo,1,0
AL004970,C22267,retail,8,TR,AU,867.16,ach,CP8952,velocity,0,0
AL004971,C66749,retail,0,FR,BR,5000.0,card,CP1619,round_amount,0,0
AL004972,C23267,business,14,FR,CA,27817.13,wire,CP1376,pep_match,0,0
AL004973,C12432,retail,15,ZA,GB,10000.0,wire,CP3563,round_amount,1,0
AL004974,C48941,retail,11,FR,US,7615.78,wire,CP1069,high_risk_geo,0,0
AL004975,C70023,retail,8,AU,AU,6345.62,card,CP3252,dormant_reactivation,0,0
AL004976,C68053,business,4,CA,SG,108811.1,wire,CP5614,sanctions_match,0,1
AL004977,C19703,business,4,SG,CA,21929.8,ach,CP5165,dormant_reactivation,0,0
AL004978,C87725,retail,9,FR,CA,11702.76,ach,CP1163,pep_match,0,0
AL004979,C74155,retail,8,DE,MX,8812.42,card,CP1929,structuring,0,1
AL004980,C48113,retail,24,NG,GB,9619.95,ach,CP1812,structuring,0,1
AL004981,C57676,private,22,JP,MX,66890.02,ach,CP8027,sanctions_match,2,0
AL004982,C41589,retail,1,TR,CA,25130.36,card,CP6797,pep_match,0,0
AL004983,C75016,business,12,SG,SG,4478.45,ach,CP7178,velocity,0,0
AL004984,C46481,retail,18,FR,NG,55325.31,cash,CP1198,sanctions_match,0,0
AL004985,C47604,retail,21,GB,AU,12941.45,ach,CP3182,dormant_reactivation,1,0
AL004986,C91022,retail,16,US,DE,4724.49,wire,CP4144,velocity,0,0
AL004987,C36804,retail,15,FR,US,2997.07,wire,CP8492,velocity,3,0
AL004988,C87382,retail,11,JP,DE,12925.7,wire,CP6437,pep_match,0,1
AL004989,C89641,retail,1,TR,SY,605.69,card,CP5887,velocity,5,0
AL004990,C22686,retail,3,US,JP,11426.32,card,CP6896,high_risk_geo,8,1
AL004991,C38405,retail,12,JP,GB,397.04,ach,CP7210,velocity,0,0
AL004992,C56548,business,7,CA,SG,214.35,wire,CP4294,pep_match,0,0
AL004993,C50835,retail,13,FR,CA,100000.0,wire,CP9936,round_amount,0,0
AL004994,C11898,retail,15,FR,BR,14972.97,wire,CP3834,high_risk_geo,0,0
AL004995,C36061,retail,14,FR,DE,1662.53,ach,CP2757,velocity,0,0
AL004996,C89252,retail,22,CA,KP,1029.47,cash,CP2822,velocity,0,0
AL004997,C10289,business,0,BR,IR,1173.61,wire,CP2259,velocity,2,0
AL004998,C69211,business,9,CA,US,3607.31,ach,CP7099,velocity,1,0
AL004999,C42055,retail,11,US,FR,7180.45,wire,CP8022,high_risk_geo,1,0
AL005000,C52980,business,17,SG,US,360.08,ach,CP5274,dormant_reactivation,0,0
AL005001,C89924,retail,24,AU,AU,35653.24,card,CP1034,sanctions_match,1,0
AL005002,C60641,business,21,DE,US,10000.0,ach,CP5068,round_amount,5,0
AL005003,C36772,retail,16,DE,DE,30172.13,ach,CP9926,pep_match,0,0
AL005004,C35009,retail,19,SG,CA,7982.88,wire,CP4724,structuring,1,0
AL005005,C56034,retail,16,SG,VE,37316.0,wire,CP7826,pep_match,2,0
AL005006,C60410,retail,14,AU,US,9016.03,ach,CP5597,structuring,0,0
AL005007,C27129,retail,23,JP,GB,21933.05,cash,CP4797,high_risk_geo,0,0
AL005008,C91480,business,21,AU,FR,9459.39,wire,CP7379,structuring,2,0
AL005009,C75836,retail,15,AU,GB,9158.21,ach,CP8712,structuring,1,0
AL005010,C60533,retail,17,JP,US,9766.79,wire,CP6907,pep_match,1,0
AL005011,C47305,retail,10,FR,AE,31635.11,ach,CP9514,pep_match,0,0
AL005012,C39793,business,18,BR,JP,6613.17,ach,CP7541,high_risk_geo,1,0
AL005013,C25237,retail,1,SG,CA,135823.96,card,CP5190,sanctions_match,2,0
AL005014,C81569,retail,4,GB,AE,29657.83,ach,CP3187,dormant_reactivation,0,0
AL005015,C52725,retail,0,FR,TR,5000.0,ach,CP2499,round_amount,0,0
AL005016,C93678,business,9,ZA,CA,8039.13,card,CP6051,structuring,8,0
AL005017,C13093,business,25,BR,DE,25000.0,wire,CP5965,round_amount,0,0
AL005018,C27996,retail,16,DE,AE,34464.38,ach,CP1121,dormant_reactivation,0,0
AL005019,C20874,business,19,JP,DE,46376.48,ach,CP8086,pep_match,0,0
AL005020,C18309,retail,24,JP,US,1842.78,ach,CP9402,velocity,0,0
AL005021,C86714,business,5,MX,GB,8117.2,ach,CP5644,high_risk_geo,2,0
AL005022,C69267,retail,16,MX,TR,9642.91,ach,CP3912,structuring,1,0
AL005023,C13748,business,21,ZA,AU,10000.0,wire,CP8019,round_amount,0,0
AL005024,C56669,private,11,US,CA,5000.0,ach,CP8815,round_amount,2,0
AL005025,C71964,private,22,JP,AE,50000.0,wire,CP5422,round_amount,3,0
AL005026,C77700,private,7,TR,SG,59573.11,wire,CP8003,sanctions_match,0,0
AL005027,C12603,retail,8,AU,SG,6004.9,ach,CP6466,pep_match,3,0
AL005028,C30563,retail,23,AU,JP,8208.19,ach,CP8571,structuring,0,1
AL005029,C79224,retail,25,US,FR,513.33,ach,CP8388,sanctions_match,1,0
AL005030,C12660,retail,0,CA,FR,37512.86,ach,CP8810,dormant_reactivation,0,0
AL005031,C64790,retail,7,FR,SG,49728.99,ach,CP2742,dormant_reactivation,1,0
AL005032,C99072,retail,14,MX,GB,44016.18,ach,CP4022,pep_match,2,0
AL005033,C66834,retail,6,CA,US,24487.3,card,CP6296,high_risk_geo,1,0
AL005034,C17179,retail,10,AE,GB,9738.04,card,CP7924,structuring,0,0
AL005035,C18065,retail,21,SG,DE,50000.0,ach,CP7292,round_amount,0,0
AL005036,C82308,private,17,JP,AE,21104.88,wire,CP5513,dormant_reactivation,0,0
AL005037,C35144,retail,16,CA,FR,113857.02,wire,CP6263,sanctions_match,0,0
AL005038,C20518,retail,9,GB,BR,88052.6,ach,CP2093,sanctions_match,0,0
AL005039,C38723,retail,12,FR,AE,8708.43,ach,CP6373,structuring,0,0
AL005040,C90057,business,13,DE,AU,25129.97,ach,CP5397,pep_match,0,0
AL005041,C23598,retail,13,FR,DE,155067.55,ach,CP3956,sanctions_match,1,0
AL005042,C82482,business,14,FR,NG,48824.52,wire,CP6061,pep_match,0,0
AL005043,C72166,retail,15,ZA,US,40321.54,card,CP2876,dormant_reactivation,0,0
AL005044,C19838,business,13,AU,NG,163573.23,ach,CP2249,sanctions_match,0,1
AL005045,C38709,retail,3,CA,CA,45023.43,ach,CP8745,pep_match,1,0
AL005046,C40186,retail,8,US,US,18092.81,wire,CP3197,high_risk_geo,1,0
AL005047,C45721,retail,2,CA,MM,140929.47,cash,CP6935,sanctions_match,0,1
AL005048,C11435,private,13,TR,GB,101946.52,ach,CP1002,sanctions_match,0,1
AL005049,C68366,retail,7,VE,SG,21183.44,cash,CP3712,dormant_reactivation,0,0
AL005050,C40362,retail,24,JP,BR,29056.99,cash,CP6816,pep_match,0,0
AL005051,C87445,retail,22,US,SG,8113.44,ach,CP1668,structuring,3,0
AL005052,C69584,retail,25,BR,CA,198362.48,card,CP6216,sanctions_match,0,1
AL005053,C15154,business,9,DE,JP,173809.35,ach,CP1327,sanctions_match,0,0
AL005054,C20677,retail,16,BR,BR,8297.82,ach,CP2705,structuring,1,0
AL005055,C85749,retail,1,CA,US,50000.0,card,CP6955,round_amount,2,0
AL005056,C63277,business,14,SG,IR,763.28,wire,CP8839,velocity,0,0
AL005057,C33070,private,15,JP,VE,50000.0,wire,CP9975,round_amount,2,0
AL005058,C67129,retail,3,SG,TR,5569.1,ach,CP3947,high_risk_geo,5,0
AL005059,C44805,retail,1,AU,GB,10000.0,wire,CP3787,round_amount,0,0
AL005060,C53491,retail,16,FR,US,32786.44,cash,CP9296,dormant_reactivation,1,0
AL005061,C46427,business,6,DE,IR,6542.56,card,CP5871,high_risk_geo,1,0
AL005062,C47121,retail,11,JP,SY,26693.19,ach,CP6114,dormant_reactivation,0,0
AL005063,C60670,retail,21,FR,FR,101478.92,wire,CP5715,sanctions_match,0,0
AL005064,C26386,business,14,US,DE,100000.0,wire,CP2913,round_amount,5,0
AL005065,C80170,retail,16,BR,NG,5000.0,ach,CP6340,round_amount,1,0
AL005066,C28445,retail,0,TR,CA,24995.27,ach,CP5513,dormant_reactivation,0,0
AL005067,C61318,retail,13,JP,SG,23204.26,wire,CP8290,pep_match,2,0
AL005068,C45524,retail,25,AU,IR,16372.2,wire,CP2104,dormant_reactivation,0,0
AL005069,C89013,private,14,MX,SG,42219.93,wire,CP6245,pep_match,0,1
AL005070,C72202,retail,22,CA,SG,166642.36,ach,CP3298,sanctions_match,0,0
AL005071,C86680,business,10,RU,JP,2339.89,wire,CP7685,velocity,0,0
AL005072,C94128,retail,4,CA,US,3417.26,card,CP7405,velocity,3,0
AL005073,C20522,retail,17,DE,NG,30200.31,ach,CP9831,dormant_reactivation,0,0
AL005074,C18530,retail,13,FR,AU,5000.0,wire,CP6694,round_amount,0,0
AL005075,C60450,private,6,RU,DE,7596.06,ach,CP2848,dormant_reactivation,0,0
AL005076,C36581,retail,14,CA,SG,12261.72,wire,CP7304,high_risk_geo,0,0
AL005077,C50834,retail,21,CA,AU,241053.88,card,CP2038,sanctions_match,5,1
AL005078,C15101,retail,1,CA,DE,40287.12,ach,CP4848,pep_match,0,0
AL005079,C92624,retail,11,ZA,JP,10000.0,ach,CP5862,round_amount,5,0
AL005080,C35301,retail,8,FR,US,10000.0,card,CP9114,round_amount,0,0
AL005081,C57319,retail,8,CA,DE,233684.44,ach,CP3552,sanctions_match,3,0
AL005082,C40808,private,2,JP,FR,6438.38,ach,CP7423,pep_match,8,0
AL005083,C55585,private,20,JP,AU,5605.57,wire,CP8005,pep_match,0,0
AL005084,C65106,retail,6,TR,CA,32880.31,wire,CP8690,dormant_reactivation,0,0
AL005085,C20014,private,23,ZA,CA,9423.39,ach,CP2920,structuring,1,0
AL005086,C38697,retail,18,US,ZA,9251.18,wire,CP4385,structuring,0,1
AL005087,C12753,retail,13,CA,CA,32312.75,ach,CP3649,dormant_reactivation,8,0
AL005088,C40961,retail,17,GB,AU,46010.54,cash,CP4341,dormant_reactivation,1,0
AL005089,C83538,private,11,MM,ZA,10000.0,card,CP1137,round_amount,0,0
AL005090,C47186,retail,1,SG,AU,5724.02,ach,CP7860,high_risk_geo,0,0
AL005091,C99966,retail,24,DE,AU,2595.66,wire,CP8729,velocity,1,0
AL005092,C86394,retail,20,US,MX,4919.3,cash,CP1605,velocity,3,0
AL005093,C76780,retail,19,DE,TR,33721.86,cash,CP7147,dormant_reactivation,0,0
AL005094,C65231,retail,8,CA,DE,13704.65,card,CP8449,pep_match,3,0
AL005095,C97758,retail,14,TR,GB,10000.0,wire,CP2152,round_amount,0,0
AL005096,C86717,retail,16,AU,CA,14710.76,ach,CP1960,dormant_reactivation,0,0
AL005097,C31856,retail,0,JP,US,5000.0,ach,CP4507,round_amount,0,0
AL005098,C57477,business,24,AU,JP,11694.79,ach,CP1375,high_risk_geo,0,0
AL005099,C61760,retail,22,DE,FR,15283.12,card,CP2086,high_risk_geo,0,0
AL005100,C66836,retail,20,JP,JP,50000.0,ach,CP1194,round_amount,0,0
AL005101,C14592,retail,19,ZA,DE,39360.34,wire,CP8621,dormant_reactivation,0,0
AL005102,C13895,retail,10,FR,FR,141873.87,ach,CP2805,sanctions_match,0,0
AL005103,C27574,retail,24,DE,FR,44418.45,wire,CP8976,pep_match,0,0
AL005104,C61278,retail,0,AU,CA,24589.74,ach,CP3035,high_risk_geo,1,0
AL005105,C78181,business,2,JP,JP,7778.09,wire,CP6512,pep_match,0,1
AL005106,C64986,retail,2,FR,US,4203.28,wire,CP7431,velocity,1,0
AL005107,C67648,business,18,GB,FR,20355.09,ach,CP5196,sanctions_match,0,0
AL005108,C23532,retail,25,ZA,GB,5000.0,ach,CP4171,round_amount,5,0
AL005109,C66644,private,25,ZA,GB,50000.0,ach,CP4817,round_amount,0,0
AL005110,C70404,retail,14,AU,DE,4954.44,ach,CP2819,velocity,0,0
AL005111,C88653,retail,22,SG,FR,37254.83,ach,CP9846,dormant_reactivation,0,0
AL005112,C30929,retail,11,DE,SG,7062.68,wire,CP4595,high_risk_geo,0,0
AL005113,C64220,retail,17,SG,US,3406.12,wire,CP2372,velocity,1,0
AL005114,C54471,retail,14,GB,US,10000.0,wire,CP5260,round_amount,0,0
AL005115,C73739,private,21,US,MX,7948.56,wire,CP9516,structuring,5,0
AL005116,C86212,retail,14,US,AU,21003.39,ach,CP4068,dormant_reactivation,0,0
AL005117,C84319,retail,16,DE,US,38949.12,card,CP8977,pep_match,0,0
AL005118,C19218,private,22,VE,AE,100000.0,ach,CP1215,round_amount,0,0
AL005119,C59609,retail,25,AU,MX,127021.51,wire,CP5272,sanctions_match,1,0
AL005120,C53114,private,4,FR,RU,44281.2,cash,CP1368,dormant_reactivation,2,0
AL005121,C59064,retail,24,SG,FR,22453.75,card,CP6426,high_risk_geo,2,0
AL005122,C33012,retail,3,US,GB,8465.28,card,CP5657,structuring,1,0
AL005123,C82373,retail,19,US,DE,23171.25,card,CP5854,dormant_reactivation,1,0
AL005124,C51266,business,7,AU,AU,2483.9,ach,CP2787,velocity,3,0
AL005125,C33241,retail,10,SG,JP,28602.47,ach,CP4012,pep_match,3,0
AL005126,C12209,retail,17,US,CA,9511.96,cash,CP1975,structuring,0,0
AL005127,C67516,retail,10,AU,GB,21419.32,ach,CP4094,high_risk_geo,2,0
AL005128,C25880,retail,25,IR,GB,6571.28,card,CP4603,dormant_reactivation,0,0
AL005129,C43376,retail,18,CA,JP,3299.51,ach,CP1029,velocity,0,0
AL005130,C24770,business,5,MX,SY,5632.84,card,CP4675,pep_match,0,0
AL005131,C25869,retail,23,NG,JP,19939.25,wire,CP4560,sanctions_match,0,1
AL005132,C74868,retail,9,GB,ZA,4635.97,card,CP4824,velocity,3,0
AL005133,C86117,retail,19,CA,CA,5000.0,wire,CP6561,round_amount,2,0
AL005134,C48443,retail,21,CA,SG,17830.56,card,CP5043,high_risk_geo,2,0
AL005135,C21362,retail,19,NG,FR,35376.89,ach,CP8954,dormant_reactivation,1,0
AL005136,C68441,retail,3,CA,CA,87274.39,card,CP1849,sanctions_match,0,0
AL005137,C97099,retail,0,US,MX,48908.26,card,CP6700,dormant_reactivation,0,0
AL005138,C97597,retail,11,US,DE,8986.4,ach,CP4351,dormant_reactivation,0,0
AL005139,C65789,retail,19,GB,JP,25000.0,ach,CP8285,round_amount,1,0
AL005140,C69053,business,11,GB,FR,13698.63,wire,CP3139,pep_match,0,0
AL005141,C81839,retail,17,GB,SG,2366.74,ach,CP9348,pep_match,0,0
AL005142,C28478,retail,4,AU,ZA,9862.82,card,CP9898,structuring,1,0
AL005143,C51902,private,16,FR,AU,4797.81,card,CP1995,pep_match,2,0
AL005144,C94526,retail,9,GB,FR,7300.5,cash,CP9903,high_risk_geo,0,0
AL005145,C22594,retail,24,CA,SG,85704.75,cash,CP8925,sanctions_match,0,0
AL005146,C81359,retail,11,AU,CA,4126.75,wire,CP5878,velocity,5,0
AL005147,C16547,business,22,GB,SG,15197.65,wire,CP9247,high_risk_geo,0,0
AL005148,C56944,retail,1,JP,JP,15471.9,card,CP8161,high_risk_geo,0,0
AL005149,C42911,retail,11,JP,SG,13001.77,wire,CP5860,dormant_reactivation,1,0
AL005150,C58762,private,21,MM,NG,28252.21,card,CP5587,dormant_reactivation,0,1
AL005151,C86502,retail,18,CA,DE,208760.68,card,CP5815,sanctions_match,3,0
AL005152,C48785,business,14,TR,TR,9166.65,ach,CP3544,structuring,1,0
AL005153,C54706,retail,10,ZA,BR,11133.64,card,CP1380,dormant_reactivation,1,0
AL005154,C82487,retail,13,FR,VE,33764.03,cash,CP3760,dormant_reactivation,0,0
AL005155,C76053,retail,5,AE,SY,41860.36,cash,CP5625,dormant_reactivation,0,0
AL005156,C92433,retail,12,CA,BR,25000.0,card,CP7979,round_amount,2,0
AL005157,C48708,business,11,FR,TR,8500.24,card,CP1208,structuring,0,0
AL005158,C68069,retail,12,MX,MX,20285.67,wire,CP4451,dormant_reactivation,0,0
AL005159,C69928,retail,11,TR,DE,34036.55,ach,CP5293,dormant_reactivation,2,0
AL005160,C11787,private,14,AE,BR,18324.88,ach,CP7511,pep_match,2,0
AL005161,C61136,retail,13,JP,CA,5000.0,wire,CP4694,round_amount,0,0
AL005162,C32563,retail,13,MX,NG,10000.0,wire,CP9245,round_amount,0,0
AL005163,C75502,business,20,AU,DE,100000.0,cash,CP4535,round_amount,0,0
AL005164,C47061,retail,1,US,SG,23862.11,ach,CP6485,high_risk_geo,2,0
AL005165,C98844,retail,20,CA,JP,3074.28,card,CP7435,velocity,1,0
AL005166,C61280,retail,11,BR,SG,5000.0,card,CP6011,round_amount,1,0
AL005167,C28827,retail,13,TR,TR,8613.49,wire,CP9180,dormant_reactivation,0,0
AL005168,C40364,retail,13,GB,DE,50000.0,cash,CP1915,round_amount,0,0
AL005169,C58950,retail,21,US,TR,50000.0,cash,CP8311,round_amount,3,0
AL005170,C43442,retail,20,BR,AU,3479.78,cash,CP1459,velocity,5,0
AL005171,C54479,business,18,CA,NG,48280.61,card,CP8349,dormant_reactivation,0,0
AL005172,C19580,retail,25,CA,FR,19355.85,wire,CP1422,high_risk_geo,0,0
AL005173,C12217,retail,16,MX,BR,21133.64,card,CP9046,high_risk_geo,0,0
AL005174,C94852,business,6,DE,JP,50000.0,card,CP1659,round_amount,0,0
AL005175,C89282,retail,19,DE,AU,99630.42,ach,CP6964,sanctions_match,0,0
AL005176,C37906,retail,11,CA,DE,235978.68,card,CP1463,sanctions_match,1,0
AL005177,C10468,business,21,FR,CA,5000.0,ach,CP7510,round_amount,1,0
AL005178,C77493,retail,0,JP,AU,157541.74,cash,CP1325,sanctions_match,2,0
AL005179,C79461,retail,22,MX,BR,4977.61,ach,CP5146,velocity,0,0
AL005180,C70090,private,19,TR,DE,141960.15,card,CP4767,high_risk_geo,0,0
AL005181,C67364,retail,19,FR,JP,45850.75,card,CP4313,pep_match,3,1
AL005182,C93896,retail,25,ZA,JP,8666.83,cash,CP9480,structuring,1,0
AL005183,C67391,retail,2,AU,AU,7902.93,wire,CP8134,structuring,0,0
AL005184,C93148,retail,7,SG,DE,28082.11,ach,CP6462,pep_match,1,0
AL005185,C66152,retail,3,US,JP,1887.36,cash,CP3515,dormant_reactivation,0,0
AL005186,C32678,retail,14,JP,CA,12083.15,card,CP1271,pep_match,0,0
AL005187,C69091,business,5,FR,CA,9201.45,ach,CP3180,structuring,0,0
AL005188,C25622,private,24,BR,FR,2036.83,cash,CP1820,velocity,0,0
AL005189,C50110,retail,18,US,US,48014.94,ach,CP5323,pep_match,0,0
AL005190,C24810,retail,13,ZA,FR,4767.72,card,CP6942,velocity,3,0
AL005191,C41795,business,22,AU,AU,102246.15,card,CP3680,sanctions_match,0,0
AL005192,C15147,retail,7,US,AU,10000.0,ach,CP9888,round_amount,0,0
AL005193,C89978,retail,12,US,US,9386.78,wire,CP6626,structuring,0,1
AL005194,C83177,private,13,MX,JP,48641.51,wire,CP4650,pep_match,0,0
AL005195,C99308,retail,7,CA,TR,18997.94,ach,CP5331,dormant_reactivation,0,0
AL005196,C71845,retail,23,BR,AU,7574.12,wire,CP1239,high_risk_geo,8,0
AL005197,C78788,retail,21,SG,FR,21739.7,card,CP9490,pep_match,0,0
AL005198,C93057,business,17,SG,FR,37874.98,cash,CP9386,dormant_reactivation,0,0
AL005199,C69669,retail,24,FR,US,10330.05,card,CP5325,high_risk_geo,0,0
AL005200,C71438,private,17,TR,CA,202141.17,ach,CP7022,high_risk_geo,0,1
AL005201,C13779,private,25,VE,JP,18915.81,cash,CP5130,pep_match,5,1
AL005202,C86648,retail,16,DE,AU,48811.01,wire,CP5912,pep_match,2,0
AL005203,C92640,retail,8,DE,US,18484.42,card,CP2303,dormant_reactivation,0,0
AL005204,C82626,business,21,SG,FR,40772.23,card,CP2012,pep_match,0,0
AL005205,C81614,retail,18,FR,GB,8430.42,ach,CP1109,high_risk_geo,3,1
AL005206,C78229,retail,15,GB,DE,193799.72,wire,CP7550,sanctions_match,0,0
AL005207,C75401,business,8,AU,FR,4321.74,ach,CP8414,pep_match,0,0
AL005208,C65425,private,5,MM,AE,2035.74,wire,CP4573,velocity,0,0
AL005209,C53937,business,10,JP,NG,31978.09,ach,CP8873,dormant_reactivation,1,0
AL005210,C98649,retail,3,SG,BR,38989.89,wire,CP3726,pep_match,0,0
AL005211,C23276,retail,9,CA,FR,100000.0,ach,CP9926,round_amount,0,0
AL005212,C17634,retail,17,AU,GB,50000.0,card,CP9372,round_amount,2,0
AL005213,C68419,retail,16,CA,AU,243652.63,wire,CP5022,sanctions_match,1,1
AL005214,C22828,retail,17,GB,DE,45508.42,ach,CP2681,dormant_reactivation,0,0
AL005215,C25599,retail,16,AU,ZA,37283.72,card,CP5397,pep_match,3,0
AL005216,C87846,retail,6,RU,CA,10000.0,wire,CP7579,round_amount,0,0
AL005217,C40213,retail,18,SG,AU,5742.28,ach,CP5595,pep_match,1,0
AL005218,C82775,private,7,MM,GB,5000.0,ach,CP9883,round_amount,3,0
AL005219,C81904,private,10,DE,FR,212888.95,card,CP5754,sanctions_match,0,0
AL005220,C39819,retail,13,JP,GB,14907.24,card,CP9531,high_risk_geo,1,0
AL005221,C36201,retail,9,CA,JP,10784.29,ach,CP4322,dormant_reactivation,0,0
AL005222,C83666,retail,9,GB,NG,4205.08,ach,CP1985,velocity,1,0
AL005223,C72457,private,4,FR,SG,8580.81,ach,CP9304,structuring,1,1
AL005224,C29424,retail,25,NG,GB,23902.6,wire,CP9364,high_risk_geo,0,0
AL005225,C26521,retail,20,US,FR,25000.0,wire,CP3480,round_amount,8,0
AL005226,C55918,retail,1,FR,AU,7834.33,ach,CP5266,pep_match,0,0
AL005227,C59114,retail,1,AU,US,8764.44,wire,CP6981,structuring,0,0
AL005228,C36983,retail,17,KP,ZA,6631.03,ach,CP8519,dormant_reactivation,1,0
AL005229,C18202,retail,19,CA,NG,12008.93,card,CP8740,high_risk_geo,1,0
AL005230,C66274,business,16,SG,ZA,4603.21,ach,CP3277,pep_match,2,0
AL005231,C33176,retail,12,FR,SG,143979.7,ach,CP2739,sanctions_match,0,0
AL005232,C53059,retail,1,US,SG,39269.97,cash,CP8099,dormant_reactivation,2,0
AL005233,C49660,retail,2,AE,TR,5000.0,card,CP7930,round_amount,3,0
AL005234,C95046,business,16,US,SG,14812.18,wire,CP7939,dormant_reactivation,2,0
AL005235,C30565,retail,13,FR,CA,8662.36,wire,CP3110,structuring,0,0
AL005236,C76773,retail,3,DE,US,247952.82,wire,CP9180,sanctions_match,0,0
AL005237,C81204,retail,12,AU,VE,20725.38,wire,CP6403,sanctions_match,0,0
AL005238,C78585,retail,9,DE,GB,21527.83,ach,CP9674,dormant_reactivation,3,0
AL005239,C35911,business,25,CA,SG,7256.17,wire,CP3131,high_risk_geo,1,0
AL005240,C51798,retail,15,DE,SG,1565.63,cash,CP5679,velocity,3,1
AL005241,C91209,business,6,JP,SG,1791.83,wire,CP1664,velocity,8,0
AL005242,C22851,business,0,GB,FR,17281.18,wire,CP8732,high_risk_geo,1,0
AL005243,C51077,business,8,AU,JP,10345.33,ach,CP5977,dormant_reactivation,0,0
AL005244,C85431,retail,12,GB,JP,8820.62,ach,CP6657,structuring,0,0
AL005245,C19583,retail,18,FR,SG,47534.87,wire,CP5753,dormant_reactivation,0,0
AL005246,C76970,retail,11,DE,GB,15502.68,wire,CP7123,sanctions_match,0,0
AL005247,C71887,retail,25,US,SG,127246.85,ach,CP1361,sanctions_match,0,0
AL005248,C39180,business,25,US,SG,2794.48,ach,CP9032,velocity,0,0
AL005249,C13015,retail,3,AU,JP,45829.88,ach,CP5825,dormant_reactivation,1,0
AL005250,C45809,retail,3,FR,SY,199431.29,card,CP1209,sanctions_match,0,0
AL005251,C17628,retail,21,JP,GB,5000.0,card,CP2622,round_amount,0,0
AL005252,C90635,retail,8,JP,GB,22727.75,ach,CP9592,high_risk_geo,8,1
AL005253,C18399,retail,9,JP,CA,34090.54,wire,CP7898,pep_match,1,0
AL005254,C23768,retail,14,GB,DE,50000.0,card,CP9981,round_amount,0,0
AL005255,C99871,retail,5,SG,SG,147105.29,card,CP4168,sanctions_match,0,0
AL005256,C35760,retail,8,JP,ZA,5000.0,ach,CP1107,round_amount,2,0
AL005257,C32542,retail,20,TR,TR,102245.7,ach,CP9212,sanctions_match,0,0
AL005258,C36377,retail,5,FR,US,9677.39,cash,CP9371,structuring,1,0
AL005259,C31126,retail,11,FR,GB,43928.88,ach,CP3781,pep_match,0,0
AL005260,C79631,private,5,CA,BR,10000.0,ach,CP4230,round_amount,1,0
AL005261,C15343,retail,4,VE,DE,81684.06,wire,CP2121,sanctions_match,2,0
AL005262,C20021,retail,17,CA,TR,120300.28,ach,CP3322,sanctions_match,3,0
AL005263,C93719,retail,2,DE,AU,4723.91,card,CP5468,velocity,0,1
AL005264,C25302,retail,20,AE,US,147476.53,ach,CP6268,sanctions_match,0,0
AL005265,C49686,retail,10,JP,CA,3348.07,card,CP2757,dormant_reactivation,3,1
AL005266,C17860,retail,24,JP,CA,244092.53,card,CP9540,sanctions_match,0,0
AL005267,C89318,retail,18,US,US,14700.37,ach,CP4942,high_risk_geo,0,1
AL005268,C25845,retail,22,AE,US,1880.88,ach,CP9107,velocity,0,0
AL005269,C30865,retail,19,US,DE,48471.86,ach,CP8660,pep_match,0,1
AL005270,C40088,retail,11,AU,FR,23755.72,card,CP4160,pep_match,1,0
AL005271,C56668,business,15,FR,US,38722.56,card,CP7909,pep_match,2,0
AL005272,C81478,retail,17,FR,NG,33539.57,ach,CP7080,dormant_reactivation,0,0
AL005273,C70540,retail,13,SG,RU,22675.28,ach,CP2168,pep_match,8,0
AL005274,C55732,retail,15,BR,US,904.1,cash,CP4834,velocity,0,0
AL005275,C60349,retail,20,CA,SG,5423.15,cash,CP2907,high_risk_geo,3,0
AL005276,C78798,business,23,US,JP,8370.75,ach,CP2629,structuring,0,0
AL005277,C38399,retail,5,TR,FR,2083.05,ach,CP6633,velocity,0,0
AL005278,C94521,retail,22,ZA,DE,22603.54,wire,CP5984,high_risk_geo,0,0
AL005279,C69488,business,15,JP,ZA,42245.38,ach,CP2458,dormant_reactivation,0,0
AL005280,C74561,retail,25,AU,AU,15081.74,wire,CP9217,sanctions_match,0,0
AL005281,C17658,retail,18,ZA,SG,35476.23,ach,CP1942,dormant_reactivation,1,0
AL005282,C64348,business,20,SG,JP,10975.98,card,CP4063,high_risk_geo,0,1
AL005283,C84324,retail,0,FR,AU,19862.51,ach,CP1430,dormant_reactivation,3,0
AL005284,C83229,business,6,MX,GB,25375.89,cash,CP5314,pep_match,1,0
AL005285,C23650,retail,21,FR,ZA,43752.75,wire,CP9123,sanctions_match,0,0
AL005286,C35518,retail,7,SG,SG,11608.41,ach,CP1918,pep_match,0,0
AL005287,C32357,retail,24,JP,AU,2268.11,wire,CP4344,velocity,0,0
AL005288,C22987,retail,6,FR,SG,213836.26,card,CP6299,sanctions_match,0,0
AL005289,C17238,business,17,US,FR,15298.4,card,CP2341,high_risk_geo,0,0
AL005290,C99817,retail,21,CA,TR,10000.0,wire,CP8730,round_amount,1,0
AL005291,C28440,retail,25,SG,SG,182638.26,ach,CP7019,sanctions_match,3,0
AL005292,C29399,retail,18,SG,JP,25832.19,card,CP4449,pep_match,1,0
AL005293,C19297,retail,10,CA,CA,24775.45,wire,CP1963,pep_match,8,0
AL005294,C76856,retail,2,AU,CA,50000.0,ach,CP4931,round_amount,5,0
AL005295,C44815,business,14,AE,SG,33497.49,ach,CP4206,sanctions_match,1,0
AL005296,C35850,retail,25,BR,TR,41877.3,ach,CP5419,pep_match,5,0
AL005297,C21128,business,18,DE,GB,15438.7,ach,CP1925,high_risk_geo,2,0
AL005298,C76525,retail,6,SG,AU,10000.0,ach,CP2122,round_amount,1,0
AL005299,C40583,retail,10,DE,US,10000.0,ach,CP8289,round_amount,1,0
AL005300,C68334,retail,8,AU,ZA,8949.83,ach,CP7676,structuring,0,0
AL005301,C79892,retail,0,DE,SG,50000.0,wire,CP8008,round_amount,0,0
AL005302,C33638,retail,12,CA,MX,24723.69,ach,CP8470,pep_match,0,0
AL005303,C85927,retail,9,FR,AU,4301.61,ach,CP2374,velocity,0,0
AL005304,C20315,retail,2,SG,SG,8729.23,ach,CP3650,structuring,0,1
AL005305,C27848,retail,23,SG,FR,80714.95,ach,CP2985,sanctions_match,2,0
AL005306,C16271,retail,25,AE,CA,9076.01,ach,CP3765,structuring,3,0
AL005307,C20060,private,24,SG,GB,9495.7,ach,CP4528,structuring,5,0
AL005308,C74825,business,9,DE,AU,20027.18,ach,CP4368,high_risk_geo,2,0
AL005309,C57918,retail,10,FR,GB,1692.16,wire,CP5444,velocity,3,0
AL005310,C81231,retail,23,ZA,GB,50000.0,wire,CP2519,round_amount,0,0
AL005311,C32753,retail,18,CA,FR,1584.37,ach,CP5457,velocity,1,0
AL005312,C31656,retail,15,MX,JP,4700.93,cash,CP1813,velocity,0,0
AL005313,C93158,retail,4,CA,US,5874.14,cash,CP8765,high_risk_geo,0,0
AL005314,C72969,retail,18,SG,TR,9859.13,ach,CP6579,structuring,0,1
AL005315,C48737,retail,8,FR,ZA,32458.11,cash,CP2888,pep_match,0,0
AL005316,C88899,retail,3,US,NG,2036.69,wire,CP4518,velocity,0,0
AL005317,C19239,retail,21,DE,US,34613.8,wire,CP7096,pep_match,2,0
AL005318,C90584,retail,16,AU,DE,277.79,wire,CP1332,velocity,0,0
AL005319,C97194,private,0,GB,AE,49181.44,wire,CP4901,dormant_reactivation,0,0
AL005320,C78270,retail,11,FR,SG,5000.0,wire,CP9108,round_amount,2,0
AL005321,C20529,retail,21,DE,TR,7486.65,wire,CP9033,high_risk_geo,0,0
AL005322,C37783,retail,23,US,SG,1156.1,wire,CP3739,velocity,0,0
AL005323,C47450,business,8,AU,DE,1916.23,card,CP8884,velocity,1,0
AL005324,C30787,retail,9,AU,SG,8898.35,wire,CP7205,structuring,0,0
AL005325,C56385,retail,15,NG,GB,8128.39,ach,CP9645,structuring,0,0
AL005326,C77573,retail,22,CA,TR,155978.92,card,CP2366,sanctions_match,2,1
AL005327,C88970,private,7,TR,GB,591.71,card,CP9065,velocity,1,0
AL005328,C89447,retail,0,DE,DE,14801.52,wire,CP3886,high_risk_geo,0,0
AL005329,C45830,retail,19,SG,CA,4700.16,ach,CP6012,velocity,2,0
AL005330,C43257,retail,25,MM,DE,10000.0,ach,CP9732,round_amount,0,0
AL005331,C40390,retail,17,JP,SG,31703.68,card,CP4209,dormant_reactivation,0,0
AL005332,C90659,business,12,AU,CA,9683.44,ach,CP7196,structuring,0,0
AL005333,C80766,retail,20,SG,SG,205361.67,ach,CP4655,sanctions_match,0,1
AL005334,C53939,business,0,DE,AU,9491.63,ach,CP5998,structuring,0,1
AL005335,C96750,retail,4,DE,CA,223891.41,ach,CP3098,sanctions_match,2,1
AL005336,C61624,retail,25,SG,GB,6479.35,ach,CP7780,pep_match,5,0
AL005337,C90029,retail,7,SG,AU,14334.25,card,CP9349,pep_match,0,0
AL005338,C21326,business,25,AU,CA,8381.09,ach,CP1294,high_risk_geo,0,0
AL005339,C68100,retail,7,MX,DE,22207.4,ach,CP7047,high_risk_geo,2,0
AL005340,C11713,retail,2,AU,AU,9710.95,ach,CP7493,structuring,0,0
AL005341,C50515,business,17,DE,AU,48318.54,wire,CP2816,pep_match,0,0
AL005342,C59133,business,19,AU,FR,25000.0,ach,CP8739,round_amount,0,0
AL005343,C11680,retail,13,US,US,70812.03,wire,CP9654,sanctions_match,0,1
AL005344,C42134,retail,8,MX,NG,9798.75,wire,CP2928,structuring,1,0
AL005345,C75913,business,23,MX,DE,190755.11,ach,CP3372,sanctions_match,0,0
AL005346,C83228,retail,23,AU,CA,166120.11,ach,CP4388,sanctions_match,0,0
AL005347,C16174,private,0,GB,NG,10284.24,card,CP9030,sanctions_match,2,0
AL005348,C70013,business,21,SG,FR,32075.76,ach,CP7641,dormant_reactivation,1,0
AL005349,C92865,business,19,DE,US,151056.9,ach,CP5562,sanctions_match,0,0
AL005350,C94368,retail,24,BR,DE,8835.53,wire,CP6670,structuring,2,0
AL005351,C50454,retail,21,TR,GB,23025.41,card,CP5251,pep_match,0,0
AL005352,C77168,retail,2,FR,DE,5000.0,cash,CP8772,round_amount,0,0
AL005353,C58782,business,21,AU,US,10000.0,ach,CP9933,round_amount,0,0
AL005354,C23352,retail,19,DE,SG,1826.02,card,CP1096,pep_match,2,0
AL005355,C54134,retail,21,SG,GB,9966.49,wire,CP9679,structuring,8,0
AL005356,C25939,retail,9,GB,DE,14727.42,cash,CP5235,pep_match,0,1
AL005357,C11646,retail,14,TR,US,1936.11,ach,CP7616,velocity,0,0
AL005358,C90895,retail,9,JP,RU,1228.59,wire,CP9790,velocity,0,0
AL005359,C77775,business,12,TR,US,9344.05,ach,CP1170,structuring,0,0
AL005360,C68380,private,20,AU,NG,145093.31,cash,CP7949,high_risk_geo,0,0
AL005361,C52728,retail,20,MM,GB,2483.54,card,CP8473,velocity,1,0
AL005362,C30978,retail,5,AU,AU,3010.25,card,CP8751,velocity,5,0
AL005363,C41879,business,10,FR,FR,27329.87,ach,CP5824,dormant_reactivation,0,0
AL005364,C98341,retail,5,GB,CA,8873.9,ach,CP9556,structuring,0,0
AL005365,C95902,retail,10,FR,US,2126.69,ach,CP9069,velocity,5,0
AL005366,C29008,retail,25,RU,SG,100000.0,ach,CP1802,round_amount,3,0
AL005367,C21659,retail,20,DE,SG,100000.0,card,CP6904,round_amount,1,0
AL005368,C83028,business,5,FR,JP,1725.7,card,CP3022,velocity,0,0
AL005369,C66743,retail,8,JP,US,50000.0,ach,CP3296,round_amount,1,0
AL005370,C42777,retail,12,US,AU,360.88,ach,CP8806,velocity,0,0
AL005371,C79284,business,14,FR,CA,15307.45,ach,CP9073,pep_match,0,0
AL005372,C91984,private,6,AE,MX,4565.76,wire,CP8779,velocity,1,0
AL005373,C16118,retail,20,CA,JP,14995.45,ach,CP7435,pep_match,0,0
AL005374,C80396,retail,12,AU,US,25005.31,ach,CP1710,dormant_reactivation,0,0
AL005375,C54124,retail,13,SG,SG,30390.91,wire,CP6492,dormant_reactivation,0,1
AL005376,C95589,retail,22,CA,FR,24608.39,card,CP7369,high_risk_geo,0,0
AL005377,C52522,retail,5,GB,SG,18975.2,card,CP6510,high_risk_geo,0,0
AL005378,C90271,business,1,FR,AE,23232.75,cash,CP1625,high_risk_geo,8,0
AL005379,C84153,retail,2,AU,US,17903.31,cash,CP4575,high_risk_geo,0,0
AL005380,C34754,retail,8,TR,DE,1648.16,cash,CP3914,velocity,0,0
AL005381,C22574,private,8,FR,JP,25632.7,ach,CP6378,pep_match,1,0
AL005382,C73795,business,24,AU,JP,7186.23,ach,CP5133,high_risk_geo,0,1
AL005383,C79596,retail,4,US,CA,8553.34,card,CP3714,structuring,0,0
AL005384,C12396,business,10,SG,SG,247844.08,ach,CP1309,sanctions_match,1,1
AL005385,C96871,retail,22,SG,AU,3991.71,ach,CP1470,velocity,1,0
AL005386,C58719,retail,11,CA,AU,10000.0,ach,CP2088,round_amount,8,0
AL005387,C29941,retail,8,TR,US,8636.57,wire,CP9615,structuring,2,1
AL005388,C45927,business,16,SG,SG,11876.38,wire,CP9841,high_risk_geo,0,1
AL005389,C69005,retail,20,AU,JP,27600.05,wire,CP3245,dormant_reactivation,0,0
AL005390,C75975,retail,11,FR,GB,242640.57,ach,CP5773,sanctions_match,5,0
AL005391,C43454,retail,22,RU,GB,10000.0,wire,CP7947,round_amount,0,0
AL005392,C31774,retail,10,GB,GB,239393.66,ach,CP4575,sanctions_match,0,1
AL005393,C92563,retail,18,GB,AE,90939.89,card,CP1139,sanctions_match,0,0
AL005394,C50626,retail,18,DE,GB,95000.96,wire,CP5005,sanctions_match,2,0
AL005395,C78400,private,17,FR,CA,9626.27,ach,CP9362,structuring,1,0
AL005396,C38429,retail,8,SG,CA,4816.5,ach,CP1074,velocity,0,0
AL005397,C88446,business,13,US,AE,16229.53,ach,CP9914,high_risk_geo,3,0
AL005398,C64456,retail,0,GB,AE,29212.73,wire,CP9858,sanctions_match,0,1
AL005399,C14194,private,20,RU,GB,70937.87,ach,CP8448,high_risk_geo,3,0
AL005400,C13013,retail,11,US,JP,2983.9,ach,CP1822,dormant_reactivation,0,0
AL005401,C84220,private,7,SG,CA,10000.0,card,CP6423,round_amount,0,0
AL005402,C32567,retail,3,CA,AU,209147.7,ach,CP2892,sanctions_match,1,0
AL005403,C82287,retail,18,DE,US,3396.37,wire,CP8670,velocity,0,0
AL005404,C30561,retail,0,AU,CA,12443.03,wire,CP1981,high_risk_geo,0,0
AL005405,C89747,business,15,DE,AU,25000.0,ach,CP6504,round_amount,3,0
AL005406,C60430,business,10,GB,DE,392.49,wire,CP9134,velocity,0,0
AL005407,C87251,business,15,NG,NG,32610.62,ach,CP1465,dormant_reactivation,0,0
AL005408,C89128,retail,19,DE,CA,18120.31,ach,CP2773,dormant_reactivation,0,0
AL005409,C34911,retail,2,ZA,FR,23533.63,ach,CP6346,high_risk_geo,0,1
AL005410,C54753,business,21,SG,AE,223480.46,wire,CP4761,sanctions_match,0,0
AL005411,C91248,retail,17,AU,FR,1286.84,cash,CP7837,velocity,2,0
AL005412,C55097,retail,24,NG,US,9699.45,wire,CP8838,structuring,0,0
AL005413,C74883,business,23,ZA,CA,26997.69,card,CP9861,dormant_reactivation,0,0
AL005414,C57761,retail,24,GB,FR,41923.29,ach,CP8343,dormant_reactivation,0,0
AL005415,C33942,retail,14,US,TR,50000.0,card,CP8772,round_amount,1,0
AL005416,C36573,retail,21,MX,CA,9988.41,ach,CP9119,structuring,1,0
AL005417,C32508,retail,9,FR,JP,17932.54,card,CP8284,high_risk_geo,0,0
AL005418,C28123,business,4,JP,TR,26581.27,card,CP4085,pep_match,1,0
AL005419,C24031,retail,10,CA,FR,9147.46,wire,CP1781,structuring,1,0
AL005420,C49668,retail,1,TR,CA,3331.42,ach,CP1663,velocity,1,0
AL005421,C22696,retail,18,NG,CA,8498.64,ach,CP2832,high_risk_geo,0,0
AL005422,C49128,retail,19,SG,GB,3133.4,wire,CP8491,velocity,0,0
AL005423,C70530,retail,0,SG,SG,3741.81,ach,CP3406,velocity,1,0
AL005424,C13661,retail,15,SG,TR,162161.22,cash,CP1910,sanctions_match,3,0
AL005425,C60729,retail,11,FR,BR,929.63,ach,CP4125,velocity,0,0
AL005426,C60151,retail,5,SG,CA,217716.78,ach,CP8696,sanctions_match,1,0
AL005427,C60620,retail,23,FR,DE,51773.99,card,CP2274,sanctions_match,0,0
AL005428,C77817,retail,13,DE,NG,7435.0,cash,CP5798,dormant_reactivation,1,1
AL005429,C24249,retail,1,BR,IR,10000.0,wire,CP9417,round_amount,2,0
AL005430,C30935,retail,2,SG,SG,23377.4,ach,CP9031,high_risk_geo,0,0
AL005431,C65791,retail,23,JP,GB,25000.0,cash,CP2356,round_amount,0,0
AL005432,C35423,business,5,TR,US,43551.89,ach,CP7345,pep_match,0,0
AL005433,C13452,retail,25,CA,SG,17459.98,card,CP8779,high_risk_geo,2,1
AL005434,C87854,retail,13,CA,AU,5000.0,ach,CP8181,round_amount,1,0
AL005435,C57655,retail,13,AU,CA,13687.87,ach,CP9077,pep_match,0,0
AL005436,C56441,retail,4,GB,IR,7074.73,wire,CP3020,pep_match,1,0
AL005437,C36653,private,25,NG,VE,20274.49,wire,CP5140,pep_match,0,0
AL005438,C49352,business,8,FR,SG,13283.0,wire,CP9878,high_risk_geo,0,1
AL005439,C23944,retail,7,IR,AU,32099.65,ach,CP5431,sanctions_match,2,0
AL005440,C74572,retail,4,SG,JP,17961.96,card,CP2607,high_risk_geo,1,0
AL005441,C97217,business,18,JP,DE,9372.6,ach,CP4504,structuring,1,0
AL005442,C10900,retail,12,FR,JP,20631.73,cash,CP2085,sanctions_match,1,1
AL005443,C74343,private,17,GB,JP,25000.0,wire,CP8010,round_amount,1,0
AL005444,C69005,private,21,TR,KP,25000.0,card,CP8251,round_amount,0,0
AL005445,C69993,retail,7,GB,MX,7012.15,ach,CP2186,dormant_reactivation,1,0
AL005446,C66918,private,22,RU,SG,50000.0,wire,CP1461,round_amount,0,0
AL005447,C75013,retail,23,CA,US,50000.0,ach,CP3351,round_amount,2,0
AL005448,C78200,retail,21,DE,SY,20650.56,ach,CP1232,pep_match,0,0
AL005449,C29287,retail,6,AU,JP,263.2,wire,CP8044,dormant_reactivation,0,0
AL005450,C45926,retail,5,JP,FR,8137.33,wire,CP7374,structuring,0,0
AL005451,C43930,business,19,MX,BR,25930.37,card,CP6841,dormant_reactivation,2,0
AL005452,C50075,retail,23,AE,DE,1106.31,ach,CP1679,pep_match,0,0
AL005453,C80366,private,23,FR,AU,100000.0,ach,CP9117,round_amount,0,1
AL005454,C64365,private,10,MX,NG,32215.41,card,CP5238,pep_match,0,0
AL005455,C46106,retail,12,DE,ZA,8009.92,ach,CP2011,structuring,0,0
AL005456,C93961,business,13,AU,JP,147907.48,wire,CP3901,sanctions_match,3,1
AL005457,C46441,private,4,JP,RU,100000.0,ach,CP2593,round_amount,0,0
AL005458,C95168,business,12,CA,ZA,36885.31,ach,CP7258,dormant_reactivation,1,0
AL005459,C57497,retail,12,GB,CA,4031.9,ach,CP8846,dormant_reactivation,2,0
AL005460,C19310,retail,9,GB,SG,50000.0,wire,CP9827,round_amount,0,0
AL005461,C78244,retail,4,CA,US,231.92,wire,CP4792,velocity,3,0
AL005462,C33949,retail,19,SG,GB,5000.0,ach,CP2046,round_amount,3,0
AL005463,C64328,retail,5,JP,JP,9177.15,cash,CP7605,structuring,0,0
AL005464,C90401,retail,1,AE,JP,50000.0,cash,CP1057,round_amount,3,0
AL005465,C14421,private,0,JP,AE,208563.67,cash,CP3534,sanctions_match,1,1
AL005466,C94622,private,21,SY,FR,7733.79,card,CP5472,dormant_reactivation,1,0
AL005467,C91040,retail,16,JP,SG,25000.0,cash,CP1414,round_amount,0,0
AL005468,C48435,private,16,JP,US,3532.73,wire,CP7299,velocity,1,0
AL005469,C40012,retail,17,DE,CA,32341.65,wire,CP7804,sanctions_match,0,0
AL005470,C88169,retail,24,JP,JP,49498.44,ach,CP8327,pep_match,3,0
AL005471,C78653,retail,11,TR,MX,40328.27,ach,CP5746,pep_match,2,0
AL005472,C88039,retail,13,TR,US,46594.85,ach,CP7733,dormant_reactivation,1,1
AL005473,C10945,retail,0,JP,AU,49091.67,wire,CP4335,sanctions_match,2,0
AL005474,C16444,retail,24,GB,GB,155077.86,card,CP9128,sanctions_match,3,0
AL005475,C99624,retail,22,SG,MX,3941.56,ach,CP5652,velocity,0,0
AL005476,C91184,retail,16,AU,NG,6259.02,wire,CP1112,high_risk_geo,0,0
AL005477,C63190,retail,12,US,US,1911.69,card,CP3195,velocity,2,0
AL005478,C10101,private,1,CA,CA,4271.1,wire,CP3657,velocity,0,0
AL005479,C48496,retail,0,SG,AU,18052.17,card,CP2470,high_risk_geo,0,0
AL005480,C79099,retail,9,CA,GB,17281.43,ach,CP6549,high_risk_geo,0,0
AL005481,C20054,retail,14,SG,DE,1054.91,wire,CP1819,velocity,1,0
AL005482,C87672,retail,20,JP,NG,83971.07,ach,CP5601,sanctions_match,1,0
AL005483,C34127,retail,18,SG,AU,8680.9,ach,CP9311,structuring,0,0
AL005484,C62336,retail,25,DE,CA,201951.27,wire,CP6795,sanctions_match,0,1
AL005485,C65801,business,23,FR,DE,48023.81,ach,CP7058,pep_match,0,0
AL005486,C42468,retail,7,AU,ZA,8798.84,ach,CP1604,structuring,2,0
AL005487,C35167,retail,3,TR,TR,4313.64,wire,CP8029,velocity,0,0
AL005488,C86056,business,22,SG,GB,3486.47,ach,CP3604,pep_match,0,0
AL005489,C22282,business,11,DE,SG,117781.42,card,CP1385,sanctions_match,1,1
AL005490,C71912,private,0,ZA,AU,8529.08,wire,CP6828,structuring,0,0
AL005491,C76619,retail,11,JP,SG,152059.53,wire,CP6961,sanctions_match,0,0
AL005492,C20332,retail,23,DE,CA,31033.07,wire,CP6106,pep_match,0,0
AL005493,C28255,retail,11,DE,FR,85981.77,ach,CP3235,sanctions_match,0,0
AL005494,C60447,retail,9,TR,IR,25000.0,wire,CP3680,round_amount,1,0
AL005495,C31694,retail,16,SG,DE,9196.3,card,CP3044,structuring,0,1
AL005496,C83047,business,0,US,NG,224373.84,card,CP4688,sanctions_match,2,0
AL005497,C71095,private,8,SG,SG,7966.79,ach,CP5637,structuring,0,0
AL005498,C64718,retail,5,US,DE,4688.69,card,CP5901,dormant_reactivation,0,0
AL005499,C39065,retail,1,GB,FR,15547.06,ach,CP9251,dormant_reactivation,1,0
AL005500,C36114,retail,4,SG,FR,16693.24,wire,CP8748,high_risk_geo,3,0
AL005501,C25968,retail,7,GB,AU,22216.5,ach,CP5696,pep_match,0,0
AL005502,C75558,retail,11,AU,US,1746.84,ach,CP6540,velocity,0,0
AL005503,C55799,business,23,US,FR,50000.0,ach,CP6478,round_amount,0,0
AL005504,C20745,retail,4,CA,CA,9719.69,card,CP4053,structuring,2,0
AL005505,C37120,retail,25,BR,SG,10000.0,ach,CP2636,round_amount,0,0
AL005506,C17240,retail,16,DE,CA,8757.18,card,CP8283,structuring,0,1
AL005507,C42236,retail,1,ZA,SG,224978.01,ach,CP1869,sanctions_match,0,0
AL005508,C41670,retail,12,BR,CA,4249.14,ach,CP4946,velocity,5,0
AL005509,C83805,business,11,RU,AU,11989.92,ach,CP3351,high_risk_geo,0,0
AL005510,C99383,retail,21,JP,DE,8606.39,ach,CP1932,structuring,0,0
AL005511,C64773,business,19,TR,GB,972.73,card,CP3397,velocity,0,0
AL005512,C47258,retail,0,TR,US,5000.0,wire,CP1749,round_amount,2,0
AL005513,C18298,retail,18,ZA,GB,8848.96,ach,CP9109,structuring,0,0
AL005514,C62987,retail,12,SG,SG,8398.11,card,CP8196,structuring,0,0
AL005515,C82804,retail,15,DE,NG,9652.63,ach,CP1641,pep_match,0,0
AL005516,C54110,retail,5,CA,FR,20326.48,ach,CP8915,dormant_reactivation,0,0
AL005517,C66979,retail,7,TR,FR,19791.15,card,CP3486,high_risk_geo,3,0
AL005518,C48442,retail,14,DE,FR,68159.8,card,CP6550,sanctions_match,2,0
AL005519,C78684,retail,18,CA,DE,100000.0,cash,CP2013,round_amount,0,0
AL005520,C56521,retail,15,US,AU,1497.27,ach,CP3123,velocity,2,0
AL005521,C13693,business,4,TR,CA,9287.49,card,CP1451,dormant_reactivation,0,0
AL005522,C36073,private,16,SG,MM,50000.0,wire,CP5094,round_amount,0,0
AL005523,C26461,retail,22,JP,ZA,10628.02,ach,CP9370,pep_match,0,0
AL005524,C78242,business,21,AU,FR,9901.79,ach,CP4845,structuring,0,0
AL005525,C48474,retail,1,CA,BR,45586.93,wire,CP8614,dormant_reactivation,3,0
AL005526,C25960,business,7,US,AU,31318.94,ach,CP5513,dormant_reactivation,0,0
AL005527,C59478,retail,23,DE,SG,1985.73,card,CP5857,velocity,1,0
AL005528,C52651,retail,3,SG,CA,8788.72,card,CP6241,structuring,0,0
AL005529,C47316,business,9,ZA,DE,6301.72,cash,CP2949,high_risk_geo,0,0
AL005530,C62609,retail,21,JP,GB,8318.78,wire,CP9171,structuring,2,0
AL005531,C90143,retail,21,DE,FR,24668.27,wire,CP6861,dormant_reactivation,1,0
AL005532,C32156,business,11,SG,JP,9854.49,wire,CP1330,structuring,0,0
AL005533,C41735,business,21,NG,AE,27765.48,ach,CP1035,pep_match,0,0
AL005534,C89493,business,8,SG,DE,24949.55,card,CP5512,dormant_reactivation,0,0
AL005535,C31747,private,21,GB,MX,40313.42,ach,CP4093,dormant_reactivation,0,0
AL005536,C98338,retail,5,NG,US,10118.93,ach,CP7091,pep_match,1,0
AL005537,C11932,retail,1,AE,SY,214780.15,cash,CP5633,sanctions_match,0,0
AL005538,C42163,retail,16,AU,SG,23855.24,wire,CP3163,high_risk_geo,1,0
AL005539,C77749,retail,15,MX,GB,36718.78,ach,CP2798,pep_match,0,0
AL005540,C72619,business,14,CA,GB,50000.0,ach,CP7948,round_amount,0,0
AL005541,C25764,retail,0,CA,JP,169752.5,wire,CP2999,sanctions_match,0,0
AL005542,C43386,business,0,AE,AU,1641.99,card,CP2053,velocity,0,0
AL005543,C10320,retail,7,FR,AU,246817.53,ach,CP3493,sanctions_match,0,0
AL005544,C59879,retail,23,SG,DE,47436.75,ach,CP8226,pep_match,0,0
AL005545,C51523,retail,3,JP,FR,8575.43,cash,CP9201,structuring,0,1
AL005546,C10190,retail,18,GB,JP,46289.35,card,CP9275,pep_match,0,0
AL005547,C18584,retail,22,CA,US,3862.06,cash,CP3138,velocity,0,0
AL005548,C64840,retail,12,US,CA,176966.22,wire,CP8694,sanctions_match,1,0
AL005549,C49836,retail,6,FR,DE,109222.54,wire,CP9909,sanctions_match,1,0
AL005550,C51912,retail,15,FR,JP,25000.0,card,CP6478,round_amount,0,0
AL005551,C80013,retail,7,AU,GB,9362.2,cash,CP2649,structuring,1,1
AL005552,C88524,retail,8,AU,DE,48697.93,ach,CP3452,dormant_reactivation,0,0
AL005553,C80736,retail,14,FR,FR,28301.06,card,CP2807,sanctions_match,0,0
AL005554,C54774,retail,10,SG,DE,31339.96,wire,CP7529,dormant_reactivation,0,0
AL005555,C80708,private,16,KP,TR,188913.69,ach,CP9356,sanctions_match,2,1
AL005556,C56481,retail,25,MX,DE,42929.25,wire,CP8339,pep_match,1,0
AL005557,C47592,private,10,AU,MX,27587.43,ach,CP3488,dormant_reactivation,0,0
AL005558,C16149,business,5,SG,JP,2404.32,card,CP6261,velocity,2,1
AL005559,C33099,retail,7,US,AU,1142.45,card,CP1521,velocity,2,0
AL005560,C19090,retail,8,AU,CA,9715.58,ach,CP7065,structuring,3,0
AL005561,C63664,retail,12,CA,SG,3007.94,ach,CP3479,dormant_reactivation,3,0
AL005562,C11771,retail,15,FR,US,28422.51,card,CP8430,pep_match,5,0
AL005563,C68210,retail,10,GB,MX,8752.65,ach,CP6551,structuring,2,0
AL005564,C41958,business,10,CA,US,217597.66,ach,CP1796,sanctions_match,0,0
AL005565,C68901,private,5,SG,MX,9173.46,ach,CP1158,structuring,0,0
AL005566,C42852,retail,6,ZA,DE,3115.11,card,CP3121,velocity,0,0
AL005567,C26015,retail,2,US,SG,9653.22,wire,CP9937,sanctions_match,0,0
AL005568,C20196,retail,24,TR,JP,13171.0,wire,CP3189,pep_match,0,0
AL005569,C42985,business,14,DE,FR,3292.59,ach,CP2517,pep_match,3,0
AL005570,C64303,retail,10,ZA,DE,8310.59,wire,CP3300,structuring,0,1
AL005571,C82477,retail,23,FR,JP,37460.7,ach,CP9913,pep_match,1,0
AL005572,C82018,retail,1,TR,SG,9264.14,wire,CP3647,structuring,1,0
AL005573,C52397,retail,16,ZA,ZA,17109.22,cash,CP6476,dormant_reactivation,0,0
AL005574,C41413,retail,1,SG,FR,9651.98,card,CP7413,structuring,0,1
AL005575,C89879,retail,21,SG,GB,23259.69,wire,CP2781,high_risk_geo,0,0
AL005576,C76887,retail,18,FR,DE,9191.88,ach,CP1310,structuring,2,0
AL005577,C86842,business,8,US,US,9968.38,ach,CP2607,structuring,0,0
AL005578,C76082,private,6,BR,JP,100000.0,card,CP1855,round_amount,1,0
AL005579,C19416,private,15,CA,RU,9596.87,wire,CP1151,structuring,0,0
AL005580,C71900,retail,13,CA,AU,17813.52,cash,CP1237,high_risk_geo,1,0
AL005581,C96641,retail,10,JP,RU,9482.79,wire,CP5192,structuring,0,0
AL005582,C39097,retail,9,AU,CA,2131.03,card,CP5815,dormant_reactivation,0,1
AL005583,C71750,retail,2,GB,NG,40421.92,wire,CP4806,pep_match,1,0
AL005584,C49384,retail,12,CA,ZA,1514.12,ach,CP6281,dormant_reactivation,1,0
AL005585,C51593,business,5,AU,CA,100000.0,card,CP4047,round_amount,1,0
AL005586,C65335,business,24,SG,NG,9399.78,card,CP2829,structuring,0,0
AL005587,C76440,business,3,AU,DE,49210.01,card,CP2552,pep_match,0,0
AL005588,C33323,retail,6,FR,JP,47403.04,ach,CP2171,sanctions_match,1,0
AL005589,C44319,private,2,KP,MM,31584.4,ach,CP5862,pep_match,2,0
AL005590,C21050,retail,22,SG,FR,7981.31,ach,CP2805,structuring,0,0
AL005591,C10887,retail,5,AU,US,25000.0,cash,CP1417,round_amount,0,0
AL005592,C46506,retail,9,JP,DE,7910.49,wire,CP8617,structuring,0,1
AL005593,C48758,business,12,GB,FR,24633.53,wire,CP6508,high_risk_geo,0,0
AL005594,C18506,retail,14,GB,US,11344.66,cash,CP4705,high_risk_geo,1,0
AL005595,C74143,retail,4,FR,FR,8016.85,wire,CP8138,structuring,0,1
AL005596,C27826,retail,16,TR,SG,161159.9,card,CP1210,sanctions_match,3,0
AL005597,C74537,retail,8,SG,SG,8838.7,ach,CP5344,high_risk_geo,0,0
AL005598,C94494,retail,11,US,JP,24281.42,ach,CP2247,sanctions_match,0,1
AL005599,C89828,business,23,NG,ZA,89741.64,wire,CP7837,sanctions_match,0,1
AL005600,C97949,retail,14,US,US,26598.55,card,CP6032,pep_match,1,0
AL005601,C74299,retail,0,JP,FR,139881.1,ach,CP3663,sanctions_match,0,0
AL005602,C63441,retail,4,DE,CA,20759.2,ach,CP1280,high_risk_geo,0,0
AL005603,C61280,private,3,GB,SG,9666.4,ach,CP4778,structuring,0,0
AL005604,C41977,private,11,DE,MM,50000.0,card,CP9306,round_amount,0,0
AL005605,C56375,retail,10,SG,DE,8715.43,ach,CP6126,dormant_reactivation,1,0
AL005606,C71793,retail,18,TR,AU,3488.83,wire,CP5491,velocity,0,0
AL005607,C40794,business,3,SG,US,9757.57,card,CP8419,structuring,3,0
AL005608,C33721,business,25,DE,GB,15030.53,ach,CP8107,high_risk_geo,1,1
AL005609,C60572,retail,0,GB,CA,188810.05,ach,CP9121,sanctions_match,0,0
AL005610,C62836,retail,15,JP,GB,9003.04,wire,CP5841,structuring,1,1
AL005611,C44984,retail,0,JP,SG,9679.9,ach,CP4661,structuring,1,0
AL005612,C88988,retail,20,FR,TR,10755.72,card,CP2455,dormant_reactivation,2,0
AL005613,C51949,retail,22,US,CA,25000.0,ach,CP4259,round_amount,1,0
AL005614,C59573,retail,24,US,CA,43734.55,wire,CP5692,sanctions_match,2,1
AL005615,C96543,business,2,GB,US,9871.76,ach,CP8002,structuring,1,0
AL005616,C95267,retail,15,DE,JP,5000.0,ach,CP4629,round_amount,0,0
AL005617,C47548,retail,15,US,ZA,4801.94,wire,CP9454,velocity,0,0
AL005618,C12920,retail,15,DE,AE,44865.53,wire,CP8769,dormant_reactivation,2,0
AL005619,C29783,retail,24,JP,SG,8668.54,wire,CP1821,structuring,1,0
AL005620,C32701,private,16,AU,VE,8067.55,ach,CP2659,structuring,0,0
AL005621,C34363,business,17,JP,JP,10000.0,ach,CP3191,round_amount,3,0
AL005622,C39050,retail,24,US,DE,12847.25,ach,CP6031,pep_match,2,0
AL005623,C11425,retail,16,US,US,18653.49,ach,CP2149,pep_match,1,0
AL005624,C80426,retail,13,SG,GB,12789.45,ach,CP1386,high_risk_geo,1,0
AL005625,C56088,private,16,JP,NG,5000.0,wire,CP6303,round_amount,0,1
AL005626,C29881,business,25,FR,GB,7968.16,card,CP1208,structuring,1,1
AL005627,C48833,business,9,SG,AU,22866.23,ach,CP5440,pep_match,1,0
AL005628,C82038,retail,21,NG,GB,8668.85,ach,CP8003,structuring,0,1
AL005629,C43106,retail,23,AE,MX,14872.2,cash,CP1934,high_risk_geo,0,0
AL005630,C21383,retail,21,US,GB,4157.82,cash,CP6684,velocity,1,0
AL005631,C81945,retail,4,GB,GB,100000.0,wire,CP1176,round_amount,0,0
AL005632,C70790,private,1,SG,DE,9017.97,ach,CP7330,structuring,2,1
AL005633,C14462,business,7,NG,TR,33867.91,wire,CP4161,pep_match,3,0
AL005634,C74708,retail,18,JP,CA,7834.61,card,CP8970,structuring,0,1
AL005635,C54861,retail,3,JP,DE,25000.0,card,CP9707,round_amount,0,0
AL005636,C56723,private,2,NG,TR,224784.05,wire,CP3313,high_risk_geo,0,0
AL005637,C59976,retail,19,SG,AU,100000.0,ach,CP5745,round_amount,2,0
AL005638,C13293,retail,9,DE,DE,11903.35,ach,CP4163,sanctions_match,1,0
AL005639,C73024,retail,9,SG,JP,8316.45,ach,CP7051,structuring,0,1
AL005640,C31488,retail,21,ZA,GB,10000.0,wire,CP6968,round_amount,1,0
AL005641,C47512,retail,22,SG,SY,1595.44,cash,CP8776,velocity,0,0
AL005642,C45949,retail,14,US,AE,9524.59,ach,CP2634,structuring,8,1
AL005643,C54974,business,3,BR,AU,9280.05,wire,CP3261,sanctions_match,0,0
AL005644,C96501,business,25,US,JP,5000.0,ach,CP5726,round_amount,0,0
AL005645,C13798,retail,9,TR,MX,5475.01,ach,CP6893,pep_match,0,0
AL005646,C55123,retail,22,GB,CA,27209.43,ach,CP4217,pep_match,0,0
AL005647,C22998,retail,17,JP,FR,152263.97,wire,CP9911,sanctions_match,3,0
AL005648,C69546,retail,12,BR,JP,100000.0,ach,CP4314,round_amount,2,0
AL005649,C67208,retail,21,JP,US,47153.82,ach,CP6715,dormant_reactivation,1,0
AL005650,C78334,retail,12,TR,MM,15344.89,ach,CP1390,dormant_reactivation,8,0
AL005651,C10629,retail,9,CA,FR,46298.41,ach,CP3571,pep_match,2,0
AL005652,C79848,retail,17,MX,JP,21772.65,ach,CP4659,high_risk_geo,0,0
AL005653,C12127,retail,14,GB,SG,9887.91,ach,CP8148,structuring,0,0
AL005654,C62872,private,19,AU,US,66103.18,ach,CP2612,high_risk_geo,1,0
AL005655,C85102,retail,25,ZA,US,20925.41,card,CP4891,high_risk_geo,1,0
AL005656,C83767,private,1,DE,DE,25000.0,ach,CP8808,round_amount,1,0
AL005657,C97676,retail,2,GB,GB,23316.35,wire,CP2565,pep_match,0,0
AL005658,C80653,retail,19,ZA,SG,8290.41,wire,CP7472,structuring,2,0
AL005659,C65663,retail,23,GB,GB,50000.0,wire,CP7167,round_amount,0,0
AL005660,C29414,business,19,SG,AU,10000.0,wire,CP9646,round_amount,3,0
AL005661,C63750,business,21,GB,NG,5000.0,ach,CP1349,round_amount,2,0
AL005662,C40700,retail,12,MM,FR,114836.36,wire,CP4564,sanctions_match,2,1
AL005663,C99339,retail,2,FR,FR,32755.85,ach,CP6514,dormant_reactivation,0,0
AL005664,C19931,retail,12,JP,SG,8562.25,card,CP4680,structuring,2,0
AL005665,C39810,retail,12,TR,US,5323.04,wire,CP1163,high_risk_geo,0,0
AL005666,C65521,private,4,DE,JP,94890.37,card,CP6911,high_risk_geo,0,0
AL005667,C53713,retail,20,CA,CA,11166.74,cash,CP2021,high_risk_geo,1,0
AL005668,C83261,retail,6,AE,AU,100000.0,ach,CP1646,round_amount,1,0
AL005669,C64080,retail,15,AU,CA,8045.75,card,CP8946,structuring,2,1
AL005670,C93944,retail,24,US,VE,23371.5,ach,CP4251,high_risk_geo,0,0
AL005671,C12126,retail,3,SG,SG,9607.12,wire,CP9362,structuring,8,0
AL005672,C58721,retail,24,AE,GB,39171.3,cash,CP5004,pep_match,1,0
AL005673,C61904,business,25,US,AU,5459.62,ach,CP8380,high_risk_geo,3,0
AL005674,C11179,retail,6,GB,US,1252.07,card,CP1270,velocity,0,0
AL005675,C10428,business,22,US,MX,1040.76,wire,CP1761,sanctions_match,3,0
AL005676,C27027,retail,14,SG,FR,21039.52,ach,CP1155,pep_match,0,0
AL005677,C43000,retail,15,JP,AE,4220.86,cash,CP8591,velocity,0,0
AL005678,C66175,business,15,JP,CA,22153.24,cash,CP6341,high_risk_geo,1,0
AL005679,C36700,retail,12,AU,JP,10000.0,card,CP4026,round_amount,0,0
AL005680,C39694,retail,15,FR,SG,21564.05,ach,CP6837,high_risk_geo,0,0
AL005681,C29934,retail,22,US,GB,10892.99,ach,CP6723,pep_match,8,1
AL005682,C81219,retail,1,GB,US,850.43,ach,CP3838,velocity,1,0
AL005683,C14846,business,23,AU,US,16713.74,ach,CP8134,high_risk_geo,1,0
AL005684,C98257,retail,17,CA,CA,100000.0,ach,CP2415,round_amount,1,0
AL005685,C39835,retail,7,AU,ZA,14528.92,cash,CP9685,high_risk_geo,0,0
AL005686,C58236,business,10,SY,RU,23246.06,ach,CP8509,sanctions_match,2,1
AL005687,C57632,business,20,CA,US,3099.89,wire,CP4152,velocity,1,0
AL005688,C40047,retail,24,JP,NG,32154.84,card,CP3476,dormant_reactivation,0,0
AL005689,C24212,retail,11,CA,SG,2178.53,card,CP1183,pep_match,0,0
AL005690,C48157,business,13,TR,SG,100000.0,ach,CP1928,round_amount,0,0
AL005691,C55489,retail,9,US,IR,2778.52,card,CP2688,velocity,5,0
AL005692,C65408,private,17,GB,KP,102314.06,wire,CP8086,high_risk_geo,0,1
AL005693,C49328,business,19,SG,FR,19941.33,cash,CP6992,high_risk_geo,0,0
AL005694,C34514,retail,11,DE,SG,2925.98,cash,CP4394,velocity,0,0
AL005695,C27823,retail,24,SG,FR,50000.0,cash,CP3976,round_amount,0,0
AL005696,C22186,retail,20,AU,SG,8522.22,ach,CP6304,structuring,0,1
AL005697,C47375,private,13,AU,AU,8027.61,ach,CP5515,structuring,2,1
AL005698,C75471,business,18,GB,GB,1805.06,ach,CP6120,velocity,0,0
AL005699,C18787,retail,13,DE,DE,10000.0,ach,CP6110,round_amount,2,0
AL005700,C92485,business,2,JP,NG,16470.56,ach,CP5476,high_risk_geo,1,0
AL005701,C46896,retail,2,AU,US,22861.08,ach,CP2689,high_risk_geo,2,0
AL005702,C32846,business,19,AU,US,4255.34,wire,CP3209,velocity,0,0
AL005703,C98967,business,8,SG,US,3938.26,wire,CP4624,velocity,0,0
AL005704,C94230,retail,19,AU,SG,13032.51,ach,CP3669,pep_match,1,0
AL005705,C64526,retail,1,CA,US,1604.65,wire,CP9670,velocity,0,0
AL005706,C61249,retail,20,US,AU,6635.39,card,CP5243,dormant_reactivation,1,0
AL005707,C33102,retail,25,AU,GB,5000.0,card,CP7720,round_amount,0,0
AL005708,C43077,retail,15,AU,SG,8618.73,card,CP9830,structuring,0,0
AL005709,C78010,business,6,MM,CA,100000.0,wire,CP2501,round_amount,0,0
AL005710,C80264,retail,5,DE,SG,23298.81,ach,CP5339,pep_match,2,0
AL005711,C52949,retail,0,SG,GB,25000.0,ach,CP1939,round_amount,0,0
AL005712,C82775,private,8,JP,AU,2233.92,ach,CP8638,velocity,3,0
AL005713,C85228,retail,17,US,DE,8977.3,wire,CP4853,structuring,0,0
AL005714,C81492,retail,4,ZA,SG,209358.17,card,CP2961,sanctions_match,0,0
AL005715,C37662,retail,25,DE,SG,25000.0,card,CP7291,round_amount,1,0
AL005716,C78805,retail,15,JP,FR,1405.83,wire,CP2545,velocity,0,0
AL005717,C62092,retail,22,GB,CA,35286.21,wire,CP5606,pep_match,0,0
AL005718,C76870,retail,24,DE,MX,50000.0,wire,CP3710,round_amount,0,0
AL005719,C50928,retail,1,AU,NG,23115.55,ach,CP3954,high_risk_geo,0,0
AL005720,C97050,retail,21,US,SG,159269.28,wire,CP5247,sanctions_match,0,1
AL005721,C27121,business,9,AU,GB,1149.96,card,CP2191,dormant_reactivation,0,0
AL005722,C87323,retail,6,CA,GB,24954.16,ach,CP5262,high_risk_geo,1,0
AL005723,C99029,private,23,NG,MX,28791.42,wire,CP2697,pep_match,0,0
AL005724,C97449,retail,20,US,AE,9222.2,wire,CP9944,structuring,1,1
AL005725,C52539,retail,9,AE,GB,238221.5,ach,CP8775,sanctions_match,2,0
AL005726,C82437,private,13,US,SG,8857.12,wire,CP6024,structuring,0,0
AL005727,C65319,business,0,GB,JP,3728.7,cash,CP9299,velocity,0,0
AL005728,C84198,retail,15,US,ZA,18354.39,wire,CP8154,pep_match,0,0
AL005729,C96202,retail,8,GB,FR,39462.71,ach,CP8210,dormant_reactivation,0,0
AL005730,C11688,retail,20,DE,SG,50000.0,ach,CP2630,round_amount,1,1
AL005731,C59251,retail,6,FR,AU,100000.0,ach,CP1384,round_amount,1,0
AL005732,C13794,retail,22,FR,AE,24833.75,ach,CP6686,high_risk_geo,0,0
AL005733,C19218,retail,16,FR,CA,6184.5,card,CP5766,high_risk_geo,8,0
AL005734,C14692,retail,1,CA,FR,44301.64,ach,CP1428,dormant_reactivation,0,0
AL005735,C69729,private,5,SG,ZA,25000.0,cash,CP9297,round_amount,5,0
AL005736,C36588,retail,20,SG,ZA,128133.94,card,CP8058,sanctions_match,0,1
AL005737,C41203,retail,18,TR,BR,9830.63,ach,CP6188,structuring,0,1
AL005738,C76083,retail,3,AU,GB,10000.0,ach,CP5188,round_amount,2,0
AL005739,C87889,retail,1,SG,DE,5736.9,ach,CP5741,high_risk_geo,2,0
AL005740,C65046,retail,3,SG,CA,20472.67,cash,CP1851,dormant_reactivation,0,0
AL005741,C96706,retail,0,CA,DE,10000.0,cash,CP3741,round_amount,0,0
AL005742,C66883,retail,1,US,CA,9469.67,ach,CP9028,structuring,1,0
AL005743,C13296,business,12,AU,JP,156112.26,ach,CP4970,sanctions_match,0,0
AL005744,C10112,business,14,TR,CA,1197.01,ach,CP6616,velocity,1,0
AL005745,C74199,business,9,DE,AU,49610.07,card,CP2832,pep_match,3,0
AL005746,C41020,retail,16,GB,AE,8148.63,card,CP7170,structuring,0,0
AL005747,C49755,retail,23,BR,JP,50000.0,ach,CP1291,round_amount,8,0
AL005748,C69212,retail,18,GB,FR,26145.36,wire,CP4047,dormant_reactivation,0,0
AL005749,C92676,business,15,US,GB,3282.76,ach,CP7273,velocity,1,0
AL005750,C16928,retail,3,CA,JP,216885.15,wire,CP9655,sanctions_match,1,0
AL005751,C23485,business,4,US,SG,5000.0,wire,CP8012,round_amount,0,0
AL005752,C70875,retail,20,DE,NG,10177.96,ach,CP3187,high_risk_geo,0,0
AL005753,C27423,retail,20,SG,DE,31068.76,ach,CP1552,pep_match,0,0
AL005754,C85064,retail,5,ZA,GB,9913.37,ach,CP7244,structuring,2,0
AL005755,C62269,retail,10,SY,AU,30609.65,card,CP6797,sanctions_match,0,0
AL005756,C99841,retail,1,US,JP,2784.86,card,CP1839,velocity,0,0
AL005757,C80458,retail,13,JP,SG,10000.0,ach,CP5479,round_amount,0,1
AL005758,C28080,private,7,VE,US,21367.78,wire,CP4994,dormant_reactivation,1,0
AL005759,C60253,retail,18,CA,SG,26460.38,wire,CP4242,dormant_reactivation,3,0
AL005760,C52812,retail,15,CA,CA,100000.0,wire,CP4261,round_amount,0,0
AL005761,C11296,retail,1,AE,DE,2567.56,card,CP1861,velocity,0,0
AL005762,C17466,retail,16,JP,MX,163334.79,wire,CP6322,sanctions_match,0,0
AL005763,C89843,business,20,FR,GB,1763.54,wire,CP3803,velocity,2,0
AL005764,C36584,retail,21,CA,NG,1035.55,wire,CP5032,velocity,0,0
AL005765,C98307,retail,8,CA,GB,50000.0,cash,CP8922,round_amount,0,0
AL005766,C68312,business,0,SG,TR,151467.89,cash,CP1218,sanctions_match,0,0
AL005767,C95280,business,6,BR,AU,100000.0,ach,CP4132,round_amount,0,0
AL005768,C99573,private,16,SG,DE,5000.0,cash,CP1751,round_amount,1,0
AL005769,C51007,retail,0,AU,TR,10000.0,ach,CP1985,round_amount,8,0
AL005770,C47701,retail,24,MX,CA,10000.0,cash,CP6797,round_amount,1,0
AL005771,C66751,retail,21,DE,GB,4444.3,wire,CP1061,velocity,0,0
AL005772,C13414,retail,20,TR,BR,17177.29,card,CP3130,high_risk_geo,0,0
AL005773,C89348,retail,5,US,SG,452.43,card,CP5333,velocity,0,0
AL005774,C56523,business,12,AU,SG,41995.98,ach,CP9584,pep_match,0,0
AL005775,C31846,retail,9,SG,US,8152.46,ach,CP2758,structuring,2,0
AL005776,C47921,retail,1,DE,CA,12294.98,card,CP3713,pep_match,2,0
AL005777,C33936,retail,16,DE,GB,8975.16,wire,CP1432,high_risk_geo,0,0
AL005778,C66661,retail,6,JP,US,34807.11,ach,CP1115,pep_match,0,0
AL005779,C56157,retail,11,CA,SG,1543.28,ach,CP7877,velocity,0,0
AL005780,C96097,retail,10,DE,SG,10000.0,card,CP5000,round_amount,1,0
AL005781,C11029,retail,8,BR,SY,15966.5,wire,CP4784,high_risk_geo,1,0
AL005782,C87241,business,0,AU,FR,198907.77,wire,CP9652,sanctions_match,2,1
AL005783,C86831,retail,3,FR,JP,9355.6,wire,CP5187,structuring,3,0
AL005784,C29473,business,17,FR,JP,10000.0,ach,CP2130,round_amount,0,0
AL005785,C58220,retail,22,FR,AU,4669.94,card,CP6766,velocity,1,0
AL005786,C58117,retail,0,SG,TR,41816.89,card,CP1669,pep_match,0,0
AL005787,C63978,private,23,FR,DE,42613.43,ach,CP9858,dormant_reactivation,0,0
AL005788,C99788,retail,4,ZA,JP,19600.04,ach,CP5704,dormant_reactivation,5,0
AL005789,C54303,retail,25,AU,AU,91550.18,ach,CP6641,sanctions_match,0,0
AL005790,C44788,business,11,KP,FR,100000.0,ach,CP5558,round_amount,0,0
AL005791,C65343,retail,23,JP,US,100000.0,wire,CP9016,round_amount,0,0
AL005792,C68653,retail,1,CA,AU,38795.19,ach,CP2064,sanctions_match,3,1
AL005793,C91440,retail,16,FR,GB,9878.52,card,CP9354,pep_match,1,0
AL005794,C18926,business,10,CA,FR,17714.06,ach,CP3953,high_risk_geo,1,0
AL005795,C25706,retail,5,GB,US,100000.0,wire,CP8766,round_amount,2,0
AL005796,C96461,private,4,ZA,GB,4057.03,ach,CP7661,dormant_reactivation,0,0
AL005797,C94090,retail,14,SG,JP,10814.46,card,CP9673,high_risk_geo,0,0
AL005798,C24910,retail,9,SG,AE,26180.9,card,CP9686,pep_match,1,0
AL005799,C68043,private,4,AU,SG,26955.74,ach,CP4468,dormant_reactivation,5,0
AL005800,C61354,retail,9,CA,CA,4781.63,cash,CP3185,velocity,0,0
AL005801,C52193,retail,20,KP,ZA,9879.25,cash,CP7695,structuring,0,0
AL005802,C19555,retail,4,AE,GB,1750.6,card,CP5678,velocity,0,0
AL005803,C99805,retail,24,GB,JP,7963.8,card,CP2920,high_risk_geo,0,0
AL005804,C14673,retail,24,GB,US,23511.89,ach,CP6712,high_risk_geo,1,0
AL005805,C81224,retail,4,CA,FR,49989.59,cash,CP4075,pep_match,1,0
AL005806,C19740,retail,20,DE,GB,5000.0,ach,CP5506,round_amount,0,0
AL005807,C27260,retail,7,FR,AU,7136.47,card,CP6119,high_risk_geo,1,0
AL005808,C20456,retail,4,CA,MM,100000.0,card,CP2724,round_amount,8,0
AL005809,C14982,retail,3,GB,AU,155499.48,wire,CP9815,sanctions_match,2,0
AL005810,C91016,retail,24,SG,FR,9973.21,ach,CP9025,structuring,0,0
AL005811,C82794,retail,13,RU,JP,48608.36,ach,CP9894,dormant_reactivation,0,0
AL005812,C64351,business,12,AU,JP,1087.17,cash,CP3621,dormant_reactivation,0,1
AL005813,C19659,retail,15,SG,ZA,9023.54,card,CP4304,structuring,0,0
AL005814,C74101,business,4,JP,DE,58492.93,card,CP1852,sanctions_match,0,0
AL005815,C72114,retail,8,JP,DE,28644.28,ach,CP2465,pep_match,2,0
AL005816,C31079,retail,10,DE,SG,17186.08,ach,CP8582,high_risk_geo,5,0
AL005817,C95013,retail,15,AU,US,9195.49,wire,CP2422,high_risk_geo,2,0
AL005818,C83071,retail,15,GB,US,1456.84,ach,CP9250,velocity,0,0
AL005819,C51417,business,17,SG,FR,4808.41,wire,CP9863,velocity,2,0
AL005820,C74920,retail,12,JP,AU,8807.01,wire,CP8844,structuring,2,0
AL005821,C51300,retail,6,US,DE,18871.9,card,CP6765,high_risk_geo,0,0
AL005822,C73073,retail,13,CA,FR,13579.87,ach,CP4955,high_risk_geo,2,0
AL005823,C78895,business,8,GB,US,8634.67,wire,CP3259,high_risk_geo,0,0
AL005824,C94032,retail,19,JP,ZA,21800.52,wire,CP4600,high_risk_geo,1,0
AL005825,C38956,retail,19,MX,ZA,157387.5,ach,CP4833,sanctions_match,0,0
AL005826,C52711,retail,6,GB,DE,17618.45,wire,CP9139,high_risk_geo,0,0
AL005827,C92553,business,17,US,GB,31962.89,wire,CP9769,pep_match,0,0
AL005828,C76113,retail,14,AU,SG,50000.0,ach,CP8725,round_amount,1,0
AL005829,C27047,retail,22,ZA,DE,14928.77,wire,CP6482,high_risk_geo,0,0
AL005830,C93751,retail,7,AU,FR,23839.44,ach,CP1299,high_risk_geo,2,0
AL005831,C43735,retail,9,SG,AE,54811.12,wire,CP4358,sanctions_match,1,0
AL005832,C37524,business,11,CA,DE,88615.11,card,CP7076,sanctions_match,0,0
AL005833,C67866,retail,2,JP,FR,9360.65,ach,CP9530,pep_match,0,0
AL005834,C84805,retail,11,BR,CA,26181.2,card,CP9380,pep_match,0,0
AL005835,C87754,business,13,BR,DE,40843.34,wire,CP4115,dormant_reactivation,1,0
AL005836,C10945,private,25,FR,TR,2885.02,ach,CP2129,velocity,0,0
AL005837,C50306,retail,5,JP,CA,37348.59,cash,CP6931,dormant_reactivation,0,0
AL005838,C86377,retail,4,DE,GB,2974.89,ach,CP6469,velocity,0,0
AL005839,C60046,retail,13,DE,NG,31573.46,wire,CP6673,pep_match,5,0
AL005840,C70494,retail,20,US,DE,3002.94,wire,CP1373,velocity,0,0
AL005841,C90539,retail,5,CA,GB,8411.51,wire,CP6312,structuring,8,0
AL005842,C10981,retail,20,JP,TR,21926.81,ach,CP9905,high_risk_geo,0,0
AL005843,C41143,retail,21,AU,JP,42465.33,ach,CP6191,pep_match,0,0
AL005844,C71766,retail,5,JP,MX,100000.0,card,CP2008,round_amount,0,0
AL005845,C73351,retail,20,DE,AU,9767.81,wire,CP4291,structuring,0,1
AL005846,C23211,retail,11,CA,FR,2754.01,ach,CP9891,velocity,2,0
AL005847,C70753,business,4,US,GB,4033.46,card,CP4261,velocity,0,0
AL005848,C57901,business,11,IR,US,8791.48,card,CP4813,structuring,3,1
AL005849,C57335,retail,21,US,AE,25000.0,card,CP1996,round_amount,2,0
AL005850,C19299,business,16,US,DE,8893.88,ach,CP1346,structuring,0,0
AL005851,C97483,retail,18,NG,FR,25000.0,wire,CP4368,round_amount,3,0
AL005852,C20358,retail,2,AE,AU,88565.43,ach,CP8170,sanctions_match,2,0
AL005853,C62479,retail,1,NG,JP,211790.71,wire,CP4005,sanctions_match,1,1
AL005854,C94538,retail,9,AE,SG,24774.37,ach,CP1610,pep_match,0,0
AL005855,C92571,business,15,TR,TR,5000.0,cash,CP1311,round_amount,1,1
AL005856,C83064,retail,25,JP,AU,683.57,wire,CP5035,velocity,2,0
AL005857,C88352,business,2,GB,JP,15070.59,wire,CP9780,high_risk_geo,3,0
AL005858,C20796,retail,19,AU,NG,3438.18,wire,CP4525,velocity,0,0
AL005859,C28203,retail,10,US,NG,3048.06,ach,CP8461,velocity,0,0
AL005860,C87550,retail,11,DE,NG,214332.59,wire,CP5604,sanctions_match,1,0
AL005861,C61766,business,16,GB,JP,6730.0,cash,CP1974,pep_match,1,0
AL005862,C28676,retail,24,DE,DE,47502.37,wire,CP1218,pep_match,2,0
AL005863,C68582,retail,10,FR,GB,7229.03,wire,CP6222,high_risk_geo,0,0
AL005864,C32691,business,3,TR,AU,244116.81,wire,CP1122,sanctions_match,0,0
AL005865,C86906,private,18,AE,MX,42835.56,wire,CP7425,pep_match,0,0
AL005866,C48222,business,15,GB,AU,3232.34,ach,CP6534,velocity,0,1
AL005867,C56758,retail,3,JP,SG,808.41,card,CP8946,velocity,0,0
AL005868,C75123,retail,10,FR,US,1647.62,card,CP9619,velocity,0,0
AL005869,C68203,private,3,GB,AU,21491.73,wire,CP1941,pep_match,3,0
AL005870,C66616,business,3,US,CA,5788.85,card,CP8612,high_risk_geo,3,0
AL005871,C49479,retail,8,GB,AU,8604.71,card,CP6822,structuring,0,0
AL005872,C58682,business,3,AU,SY,100000.0,card,CP4950,round_amount,0,0
AL005873,C75170,retail,22,SG,NG,6053.25,ach,CP5845,dormant_reactivation,0,0
AL005874,C41715,retail,9,US,SG,10832.34,ach,CP3897,dormant_reactivation,0,0
AL005875,C85061,retail,18,CA,GB,45281.87,wire,CP6374,dormant_reactivation,0,0
AL005876,C53302,retail,0,US,AE,25628.4,ach,CP2803,dormant_reactivation,0,0
AL005877,C56626,retail,1,DE,DE,62156.8,wire,CP8753,sanctions_match,0,0
AL005878,C41194,retail,13,SG,CA,4195.67,cash,CP9238,velocity,0,0
AL005879,C98005,business,1,GB,US,5008.49,ach,CP4525,pep_match,0,0
AL005880,C58822,retail,24,MX,DE,46281.6,wire,CP2191,dormant_reactivation,0,0
AL005881,C18776,retail,25,AU,DE,8210.39,card,CP3669,structuring,0,0
AL005882,C73894,retail,22,CA,ZA,117355.18,ach,CP8586,sanctions_match,0,0
AL005883,C67258,retail,14,SG,AU,100000.0,ach,CP3013,round_amount,1,0
AL005884,C38093,retail,11,SG,FR,13059.02,wire,CP8885,dormant_reactivation,2,0
AL005885,C22428,business,16,GB,CA,8118.55,ach,CP3964,structuring,3,0
AL005886,C24168,retail,1,FR,JP,10000.0,ach,CP5990,round_amount,0,0
AL005887,C44379,business,9,AE,US,2185.32,cash,CP6829,velocity,0,0
AL005888,C86914,retail,10,DE,GB,6123.05,ach,CP5182,high_risk_geo,0,1
AL005889,C25890,retail,1,GB,DE,8784.39,card,CP2137,structuring,5,0
AL005890,C82483,retail,13,CA,GB,7447.94,ach,CP5169,pep_match,5,1
AL005891,C38291,private,17,CA,SG,14939.74,wire,CP2434,dormant_reactivation,0,0
AL005892,C25371,business,0,GB,JP,5000.0,wire,CP9772,round_amount,3,0
AL005893,C23907,retail,16,MX,AU,9198.27,ach,CP8611,structuring,1,0
AL005894,C61148,retail,8,JP,SG,25000.0,wire,CP6196,round_amount,3,0
AL005895,C47136,retail,4,CA,JP,27085.72,card,CP3633,dormant_reactivation,2,0
AL005896,C23298,retail,3,US,CA,5000.0,wire,CP9026,round_amount,0,0
AL005897,C70678,retail,3,SG,SG,8842.57,ach,CP1061,structuring,0,0
AL005898,C65435,retail,7,DE,SG,47467.28,ach,CP3124,pep_match,0,0
AL005899,C43579,retail,15,CA,BR,5000.0,ach,CP2086,round_amount,1,0
AL005900,C47613,retail,16,US,JP,27561.48,ach,CP6112,pep_match,1,0
AL005901,C65426,retail,11,JP,FR,30907.43,ach,CP5799,dormant_reactivation,0,0
AL005902,C54966,retail,7,JP,BR,50000.0,card,CP7043,round_amount,0,0
AL005903,C77818,retail,3,AE,DE,7994.08,wire,CP7065,structuring,5,0
AL005904,C95558,retail,0,KP,JP,100000.0,ach,CP7169,round_amount,0,0
AL005905,C78148,retail,19,ZA,DE,924.06,ach,CP8774,velocity,0,0
AL005906,C62820,retail,5,GB,DE,10000.0,ach,CP2923,round_amount,5,0
AL005907,C50841,retail,11,FR,FR,25173.41,wire,CP8662,dormant_reactivation,0,0
AL005908,C13215,retail,5,AU,BR,2301.08,wire,CP7881,velocity,3,0
AL005909,C71550,retail,19,NG,DE,100000.0,ach,CP5647,round_amount,3,0
AL005910,C99339,business,16,US,DE,9190.64,ach,CP7122,structuring,0,0
AL005911,C90060,retail,2,DE,MM,11160.34,wire,CP9556,high_risk_geo,0,0
AL005912,C94679,business,21,JP,DE,30499.76,cash,CP6297,pep_match,0,0
AL005913,C87639,business,11,US,FR,7028.08,card,CP4427,pep_match,0,0
AL005914,C45535,retail,16,JP,SG,100000.0,cash,CP5428,round_amount,0,0
AL005915,C28200,retail,0,FR,SG,8826.81,card,CP9151,structuring,0,0
AL005916,C88842,business,1,CA,US,34245.16,cash,CP9877,pep_match,3,0
AL005917,C61188,retail,5,AU,JP,25000.0,wire,CP5791,round_amount,3,0
AL005918,C83658,business,10,CA,US,8377.13,ach,CP6220,high_risk_geo,1,0
AL005919,C42410,retail,13,CA,CA,34749.89,ach,CP2757,pep_match,0,0
AL005920,C71234,private,1,ZA,MX,8758.8,ach,CP1425,structuring,1,1
AL005921,C59697,business,19,US,JP,9788.26,ach,CP4724,structuring,1,0
AL005922,C84503,retail,8,AU,CA,3220.24,card,CP7242,velocity,0,0
AL005923,C34473,private,12,MX,JP,7963.45,wire,CP6227,structuring,1,0
AL005924,C67380,retail,25,MX,SG,5000.0,ach,CP5045,round_amount,1,0
AL005925,C67285,retail,15,US,SG,14203.38,wire,CP9455,high_risk_geo,1,0
AL005926,C79784,retail,7,FR,ZA,7768.57,cash,CP9255,dormant_reactivation,5,0
AL005927,C57590,retail,13,AU,US,8187.87,wire,CP4299,structuring,1,0
AL005928,C38328,retail,8,JP,JP,13378.39,ach,CP4796,high_risk_geo,1,0
AL005929,C54647,retail,0,GB,DE,4116.33,wire,CP4062,velocity,2,0
AL005930,C91473,retail,19,AU,SG,1179.12,ach,CP5307,velocity,0,0
AL005931,C46839,retail,6,DE,SG,50000.0,card,CP9576,round_amount,0,0
AL005932,C55785,retail,16,GB,GB,631.32,card,CP4421,velocity,0,0
AL005933,C32534,retail,10,US,DE,15273.85,ach,CP1575,high_risk_geo,0,0
AL005934,C85586,private,18,DE,NG,19862.12,wire,CP4515,pep_match,0,0
AL005935,C56063,retail,4,BR,SG,10000.0,card,CP2185,round_amount,3,1
AL005936,C28005,retail,7,AU,SG,13376.16,card,CP3674,high_risk_geo,0,0
AL005937,C37398,retail,24,DE,CA,3083.24,card,CP2056,velocity,3,0
AL005938,C47314,retail,14,SG,US,30973.1,wire,CP2147,pep_match,0,0
AL005939,C58643,retail,7,SG,DE,5000.0,card,CP2303,round_amount,0,0
AL005940,C39722,business,3,JP,DE,12472.84,wire,CP4612,high_risk_geo,5,0
AL005941,C96395,business,22,CA,GB,22577.58,ach,CP8664,high_risk_geo,3,0
AL005942,C51308,private,4,CA,GB,35846.86,wire,CP7643,dormant_reactivation,2,0
AL005943,C27380,retail,15,GB,SG,4602.61,card,CP9090,velocity,0,0
AL005944,C88571,retail,14,CA,US,9339.01,cash,CP8489,structuring,1,0
AL005945,C39340,business,15,US,FR,114758.52,card,CP4532,sanctions_match,8,0
AL005946,C18100,retail,10,FR,JP,24688.28,wire,CP5953,pep_match,0,0
AL005947,C86998,retail,17,AE,MX,100000.0,ach,CP4721,round_amount,0,0
AL005948,C46540,retail,22,AU,FR,7713.23,cash,CP4224,high_risk_geo,1,0
AL005949,C23788,retail,10,AE,AE,50000.0,wire,CP1105,round_amount,3,0
AL005950,C96173,retail,14,CA,US,13512.18,wire,CP7557,dormant_reactivation,1,0
AL005951,C77183,retail,3,US,US,1260.88,card,CP3409,velocity,1,0
AL005952,C12736,retail,16,AE,AU,9579.57,wire,CP2133,structuring,0,0
AL005953,C53269,retail,15,AU,CA,4117.94,wire,CP7321,velocity,1,0
AL005954,C40452,retail,3,DE,CA,1153.43,wire,CP3198,velocity,0,0
AL005955,C31912,business,22,GB,DE,3535.33,card,CP8031,velocity,0,0
AL005956,C67956,retail,14,SG,DE,6890.81,ach,CP4263,high_risk_geo,5,0
AL005957,C31646,retail,0,GB,US,8667.24,ach,CP6817,structuring,3,0
AL005958,C65374,business,21,US,FR,37202.06,ach,CP6993,pep_match,1,0
AL005959,C52530,business,6,SG,JP,11136.22,ach,CP6440,pep_match,8,0
AL005960,C33908,retail,6,FR,US,18552.35,card,CP5161,sanctions_match,1,0
AL005961,C36264,business,11,GB,DE,15605.74,ach,CP1382,pep_match,5,0
AL005962,C12477,retail,24,NG,AU,11256.88,wire,CP7411,high_risk_geo,1,0
AL005963,C16594,business,4,MX,JP,83190.75,wire,CP1207,sanctions_match,1,0
AL005964,C52985,business,25,DE,MX,24723.46,wire,CP1676,high_risk_geo,0,0
AL005965,C99692,retail,15,TR,NG,7832.1,ach,CP5486,high_risk_geo,0,0
AL005966,C16605,retail,15,IR,JP,100000.0,card,CP4673,round_amount,1,0
AL005967,C25073,business,4,FR,ZA,25000.0,ach,CP7599,round_amount,5,0
AL005968,C86118,retail,14,ZA,GB,25101.92,ach,CP4833,dormant_reactivation,1,0
AL005969,C21133,business,21,JP,DE,18170.33,wire,CP6175,pep_match,2,0
AL005970,C13104,retail,16,BR,SG,10714.65,wire,CP1584,high_risk_geo,0,1
AL005971,C80909,retail,21,FR,CA,8371.85,ach,CP5394,structuring,0,0
AL005972,C16753,retail,15,US,US,34232.04,wire,CP8238,pep_match,5,0
AL005973,C27445,business,21,AU,SG,19481.95,cash,CP7112,high_risk_geo,2,0
AL005974,C27684,retail,5,CA,JP,10000.0,wire,CP7583,round_amount,3,0
AL005975,C90478,business,6,JP,AU,24179.18,cash,CP2310,high_risk_geo,0,0
AL005976,C73412,retail,10,FR,US,21025.35,cash,CP3353,dormant_reactivation,0,0
AL005977,C20420,retail,15,DE,DE,37285.97,card,CP5401,dormant_reactivation,1,0
AL005978,C11459,retail,5,US,CA,9437.38,wire,CP4172,structuring,0,0
AL005979,C57241,business,3,FR,SG,13551.97,wire,CP8319,pep_match,0,0
AL005980,C28197,retail,10,MX,SY,35990.54,ach,CP2408,sanctions_match,3,0
AL005981,C11024,retail,17,CA,DE,13170.2,ach,CP4653,high_risk_geo,1,0
AL005982,C52535,business,14,JP,JP,2970.33,cash,CP7781,velocity,0,0
AL005983,C91020,retail,15,FR,AE,8469.36,wire,CP7792,high_risk_geo,0,0
AL005984,C27794,retail,25,CA,US,185924.66,wire,CP3657,sanctions_match,0,1
AL005985,C66322,retail,10,DE,FR,8235.41,ach,CP6488,structuring,3,1
AL005986,C51190,retail,16,AU,FR,213567.23,wire,CP7270,sanctions_match,0,1
AL005987,C66052,business,8,DE,NG,10000.0,wire,CP1809,round_amount,3,0
AL005988,C70257,retail,11,US,DE,22324.27,wire,CP2142,high_risk_geo,5,0
AL005989,C96581,retail,17,CA,JP,9313.98,ach,CP2032,structuring,1,0
AL005990,C29767,private,11,TR,TR,178796.62,wire,CP5507,sanctions_match,0,1
AL005991,C44475,retail,23,CA,GB,36477.4,ach,CP9637,dormant_reactivation,0,0
AL005992,C91504,business,5,JP,SG,29537.16,wire,CP7557,pep_match,2,0
AL005993,C76708,retail,18,GB,ZA,10000.0,cash,CP1177,round_amount,1,0
AL005994,C32121,retail,8,AU,DE,2897.5,ach,CP5716,pep_match,0,0
AL005995,C87862,retail,5,GB,AE,22823.74,wire,CP2074,high_risk_geo,0,0
AL005996,C66106,retail,0,SG,SG,9424.72,wire,CP1316,pep_match,1,0
AL005997,C97122,retail,1,AU,AU,4232.94,wire,CP1162,velocity,0,0
AL005998,C91714,private,15,CA,RU,166377.5,ach,CP4548,sanctions_match,0,0
AL005999,C48943,retail,13,FR,US,4129.51,wire,CP9087,velocity,1,0
AL006000,C89220,private,4,JP,NG,1283.86,cash,CP5930,velocity,0,0
AL006001,C15275,retail,20,JP,DE,126354.0,card,CP3656,sanctions_match,0,0
AL006002,C78228,business,5,AU,NG,4549.88,card,CP5828,velocity,0,0
AL006003,C29072,retail,7,BR,DE,9859.49,card,CP6248,high_risk_geo,0,0
AL006004,C12682,retail,4,SG,US,9047.03,card,CP4391,structuring,0,0
AL006005,C77101,retail,6,CA,AU,16477.0,cash,CP7083,pep_match,0,0
AL006006,C52330,private,16,TR,ZA,50000.0,cash,CP9331,round_amount,2,0
AL006007,C13024,business,6,AE,AU,5578.87,ach,CP9158,high_risk_geo,3,0
AL006008,C97699,retail,6,AE,JP,9718.5,ach,CP5223,high_risk_geo,0,0
AL006009,C99046,retail,5,JP,MM,12351.97,card,CP5059,dormant_reactivation,0,0
AL006010,C77834,business,7,JP,BR,20016.57,cash,CP1328,high_risk_geo,2,0
AL006011,C50534,retail,12,BR,GB,100000.0,wire,CP6979,round_amount,2,0
AL006012,C24437,business,11,BR,AU,16951.06,ach,CP3415,high_risk_geo,3,0
AL006013,C75116,retail,7,NG,DE,5000.0,ach,CP1196,round_amount,5,0
AL006014,C46476,private,20,NG,FR,2077.22,ach,CP3882,velocity,0,0
AL006015,C30371,business,20,AU,FR,156.2,ach,CP6815,velocity,0,0
AL006016,C50367,private,21,US,US,167989.18,ach,CP3796,sanctions_match,0,0
AL006017,C62026,retail,3,FR,ZA,36013.9,wire,CP4710,dormant_reactivation,1,1
AL006018,C30790,business,11,SG,AU,8438.81,wire,CP5757,structuring,0,0
AL006019,C21248,retail,1,JP,MX,2966.57,wire,CP7282,velocity,0,0
AL006020,C16244,retail,3,RU,AU,50000.0,card,CP3173,round_amount,0,0
AL006021,C23591,retail,9,DE,JP,4173.0,ach,CP4103,velocity,0,0
AL006022,C89522,business,5,RU,AE,10000.0,card,CP4720,round_amount,0,0
AL006023,C99734,business,21,GB,ZA,4254.6,ach,CP8650,dormant_reactivation,1,0
AL006024,C59716,retail,24,SG,SG,4826.44,wire,CP3337,velocity,2,0
AL006025,C93178,business,10,DE,ZA,2406.1,ach,CP1848,velocity,1,0
AL006026,C63285,retail,13,JP,DE,469.51,wire,CP3966,velocity,0,0
AL006027,C70369,retail,24,US,AU,10000.0,cash,CP6039,round_amount,0,0
AL006028,C15686,retail,10,US,JP,31452.37,card,CP5548,sanctions_match,0,0
AL006029,C74092,business,22,SG,GB,8850.36,cash,CP7560,structuring,1,0
AL006030,C91249,business,20,AU,AU,1099.5,cash,CP6123,velocity,2,0
AL006031,C91200,retail,8,SG,NG,105967.04,ach,CP7462,sanctions_match,0,0
AL006032,C57673,retail,9,MX,NG,21726.52,wire,CP9776,dormant_reactivation,0,0
AL006033,C13209,retail,14,CA,AU,42008.23,wire,CP5036,dormant_reactivation,3,0
AL006034,C72898,business,2,JP,US,40487.99,ach,CP5526,dormant_reactivation,0,0
AL006035,C78899,private,9,CA,VE,61814.76,card,CP1897,sanctions_match,1,0
AL006036,C32809,retail,9,US,SG,35390.78,cash,CP7844,pep_match,0,0
AL006037,C96495,retail,16,BR,SG,1745.41,cash,CP5220,velocity,0,0
AL006038,C83559,retail,0,GB,MX,15694.59,ach,CP3346,high_risk_geo,3,0
AL006039,C18146,retail,9,AU,JP,8139.54,ach,CP4827,structuring,2,0
AL006040,C34853,retail,13,AE,CA,5000.0,ach,CP1246,round_amount,1,0
AL006041,C36182,private,6,SY,JP,2055.01,wire,CP6649,dormant_reactivation,2,0
AL006042,C52308,retail,23,JP,SG,25000.0,ach,CP5896,round_amount,0,0
AL006043,C61136,private,24,BR,AU,215167.48,cash,CP8936,high_risk_geo,3,0
AL006044,C49764,retail,4,GB,SG,5000.0,ach,CP2371,round_amount,0,0
AL006045,C33785,retail,0,TR,CA,1780.54,card,CP1252,velocity,0,0
AL006046,C23389,retail,21,CA,AU,9703.89,ach,CP1493,structuring,0,0
AL006047,C96038,retail,21,FR,DE,51.88,wire,CP8781,velocity,0,1
AL006048,C98625,business,8,ZA,BR,9576.51,ach,CP7102,structuring,0,0
AL006049,C47259,retail,21,NG,GB,2358.36,wire,CP4399,dormant_reactivation,3,0
AL006050,C94373,retail,7,SG,GB,2477.34,ach,CP3147,velocity,1,1
AL006051,C38626,retail,2,GB,TR,8169.1,wire,CP9996,structuring,3,0
AL006052,C88281,private,13,MM,GB,8670.02,card,CP5714,structuring,0,1
AL006053,C37441,retail,11,SG,BR,9084.4,ach,CP2159,structuring,0,0
AL006054,C78881,business,1,NG,FR,4375.14,cash,CP4290,velocity,0,0
AL006055,C17595,retail,15,FR,AU,17879.96,wire,CP9930,high_risk_geo,2,0
AL006056,C49707,private,6,RU,US,25000.0,card,CP2365,round_amount,0,0
AL006057,C21251,retail,9,SG,FR,7335.87,cash,CP4133,pep_match,0,0
AL006058,C17682,retail,4,FR,ZA,24651.24,ach,CP9958,dormant_reactivation,0,0
AL006059,C90842,business,19,JP,ZA,49959.13,ach,CP3855,pep_match,5,1
AL006060,C40911,retail,7,GB,SG,100000.0,card,CP5286,round_amount,2,0
AL006061,C18742,retail,20,BR,FR,5000.0,cash,CP9719,round_amount,0,0
AL006062,C63216,retail,20,DE,US,43819.88,cash,CP2121,pep_match,0,0
AL006063,C14470,business,21,FR,SG,50000.0,wire,CP9289,round_amount,0,0
AL006064,C68681,retail,11,RU,NG,25000.0,ach,CP5266,round_amount,0,0
AL006065,C76457,retail,0,DE,ZA,10987.99,ach,CP5173,dormant_reactivation,1,0
AL006066,C13282,retail,8,CA,GB,2442.69,wire,CP4151,velocity,0,0
AL006067,C26372,retail,3,SG,AU,10000.0,card,CP8620,round_amount,0,0
AL006068,C77271,retail,1,GB,CA,6813.28,ach,CP7002,dormant_reactivation,0,0
AL006069,C37538,retail,9,AE,DE,2819.42,wire,CP4095,velocity,0,0
AL006070,C72510,retail,23,GB,AU,4868.01,ach,CP2472,velocity,0,0
AL006071,C41504,business,17,SG,JP,9612.11,card,CP7261,structuring,1,1
AL006072,C32089,retail,10,CA,GB,14854.87,wire,CP6369,high_risk_geo,0,0
AL006073,C33983,retail,22,DE,GB,215495.76,wire,CP9811,sanctions_match,0,0
AL006074,C37432,retail,9,CA,FR,23515.31,ach,CP3910,pep_match,0,0
AL006075,C34051,retail,6,JP,FR,8108.02,ach,CP3848,structuring,0,0
AL006076,C45381,retail,22,CA,MX,44617.71,card,CP1862,dormant_reactivation,1,0
AL006077,C23088,private,18,AE,SG,8334.51,cash,CP1716,structuring,0,1
AL006078,C19358,retail,25,CA,DE,3160.95,ach,CP6650,velocity,0,0
AL006079,C25785,retail,17,FR,SG,1868.01,ach,CP9524,velocity,2,0
AL006080,C32912,retail,25,JP,US,99311.52,wire,CP3693,sanctions_match,1,0
AL006081,C47649,retail,14,DE,AU,136039.03,wire,CP3158,sanctions_match,0,0
AL006082,C11246,retail,5,JP,US,31760.95,ach,CP4986,dormant_reactivation,0,0
AL006083,C25249,business,1,JP,US,44968.99,wire,CP3661,sanctions_match,0,0
AL006084,C20989,business,2,FR,JP,25428.37,card,CP7074,dormant_reactivation,0,0
AL006085,C54820,retail,22,US,JP,97279.35,card,CP7483,sanctions_match,1,0
AL006086,C11472,business,25,US,CA,3393.14,wire,CP7593,velocity,1,0
AL006087,C53529,retail,19,CA,FR,2486.13,wire,CP3834,velocity,0,0
AL006088,C84559,retail,1,FR,SG,10000.0,ach,CP5734,round_amount,0,0
AL006089,C54051,retail,25,SG,CA,673.81,ach,CP5864,velocity,0,0
AL006090,C70991,retail,9,MM,RU,24712.44,ach,CP6649,high_risk_geo,0,0
AL006091,C51767,retail,6,CA,AU,9641.94,ach,CP1143,structuring,2,0
AL006092,C60264,business,20,MX,CA,9777.14,wire,CP3336,structuring,0,0
AL006093,C35375,retail,18,JP,US,2166.7,ach,CP3396,velocity,0,0
AL006094,C88522,business,4,SG,AU,4886.23,wire,CP1754,velocity,1,0
AL006095,C25268,retail,18,AU,SG,20772.81,ach,CP1352,dormant_reactivation,0,0
AL006096,C12344,retail,13,SG,US,9883.95,ach,CP1692,structuring,0,0
AL006097,C45530,private,5,KP,US,113214.98,ach,CP3306,high_risk_geo,2,0
AL006098,C56336,retail,12,AU,US,50000.0,wire,CP7664,round_amount,0,0
AL006099,C95991,business,14,CA,AU,6062.12,ach,CP9199,high_risk_geo,0,0
AL006100,C33623,retail,16,BR,SG,2801.9,wire,CP9585,velocity,2,0
AL006101,C91124,retail,16,VE,GB,5000.0,ach,CP8148,round_amount,0,0
AL006102,C80647,retail,8,FR,SG,19576.43,ach,CP9027,high_risk_geo,3,0
AL006103,C56863,retail,3,JP,ZA,50000.0,ach,CP5729,round_amount,1,0
AL006104,C84213,business,25,SG,AU,8685.41,ach,CP3245,structuring,2,0
AL006105,C45206,retail,16,JP,JP,66194.44,card,CP4276,sanctions_match,1,0
AL006106,C99981,business,20,JP,CA,16529.42,card,CP5073,high_risk_geo,0,0
AL006107,C75462,retail,17,AU,JP,2742.23,card,CP2783,velocity,1,0
AL006108,C59554,retail,10,GB,CA,22165.56,ach,CP8770,high_risk_geo,0,0
AL006109,C59330,retail,22,BR,GB,4285.09,ach,CP2770,velocity,1,0
AL006110,C48939,business,1,DE,SG,3344.33,ach,CP6010,velocity,2,0
AL006111,C95997,business,15,JP,US,37873.48,wire,CP9508,dormant_reactivation,0,0
AL006112,C72077,retail,17,DE,ZA,5000.0,ach,CP4162,round_amount,0,0
AL006113,C78377,retail,15,FR,DE,19207.38,wire,CP8710,high_risk_geo,5,1
AL006114,C15675,retail,20,TR,AE,377.81,ach,CP7364,velocity,3,1
AL006115,C54950,retail,15,NG,SG,25000.0,card,CP9149,round_amount,1,1
AL006116,C64834,private,16,IR,US,57518.92,wire,CP1064,high_risk_geo,0,0
AL006117,C89507,retail,0,CA,US,19289.4,ach,CP1657,pep_match,0,0
AL006118,C54412,retail,11,GB,AU,31967.95,ach,CP1585,dormant_reactivation,1,0
AL006119,C18204,retail,4,US,FR,7536.37,ach,CP4730,pep_match,1,1
AL006120,C65066,retail,6,TR,AU,4761.31,card,CP3003,velocity,0,0
AL006121,C21174,business,15,DE,SG,31515.25,ach,CP7911,sanctions_match,2,0
AL006122,C45285,business,22,CA,JP,28274.07,ach,CP8861,dormant_reactivation,1,0
AL006123,C62363,retail,21,DE,CA,25000.0,ach,CP9762,round_amount,8,0
AL006124,C11818,business,10,FR,JP,3310.33,card,CP1197,velocity,1,0
AL006125,C79102,retail,3,CA,DE,11517.97,ach,CP7894,dormant_reactivation,3,0
AL006126,C89913,retail,13,DE,JP,5000.0,wire,CP7063,round_amount,0,0
AL006127,C30358,business,0,GB,DE,3771.87,card,CP1471,velocity,0,0
AL006128,C89481,business,18,JP,FR,68.04,card,CP3550,velocity,1,0
AL006129,C11518,retail,23,CA,FR,40565.45,cash,CP9268,pep_match,1,0
AL006130,C83488,retail,16,SG,KP,41142.71,wire,CP6497,dormant_reactivation,0,0
AL006131,C58254,retail,9,AE,KP,19552.53,ach,CP5826,pep_match,1,0
AL006132,C94856,retail,5,SG,JP,16088.08,ach,CP5448,pep_match,0,0
AL006133,C79312,retail,4,US,JP,25000.0,card,CP3455,round_amount,8,0
AL006134,C40282,retail,11,SG,US,100000.0,ach,CP2785,round_amount,0,0
AL006135,C76102,retail,6,GB,DE,9941.18,ach,CP8953,structuring,1,0
AL006136,C81411,retail,20,DE,GB,11622.07,cash,CP2211,high_risk_geo,0,0
AL006137,C16346,retail,16,JP,SG,9760.69,card,CP8511,structuring,3,1
AL006138,C12436,retail,2,JP,SG,3902.35,ach,CP1632,pep_match,0,0
AL006139,C61467,retail,20,US,GB,33019.21,ach,CP4634,pep_match,0,0
AL006140,C98224,retail,24,SG,NG,24797.96,card,CP1683,high_risk_geo,0,0
AL006141,C62920,business,2,FR,JP,18068.15,ach,CP2648,dormant_reactivation,2,0
AL006142,C26405,retail,17,TR,BR,21328.95,ach,CP2856,sanctions_match,0,0
AL006143,C42928,retail,24,DE,AU,12598.84,card,CP9937,high_risk_geo,8,0
AL006144,C82567,retail,5,DE,DE,9834.87,wire,CP1504,structuring,0,0
AL006145,C75887,retail,25,SG,JP,25597.02,ach,CP9015,pep_match,1,0
AL006146,C17256,private,0,MM,FR,9706.33,wire,CP1084,structuring,2,1
AL006147,C89704,retail,7,DE,FR,331.39,card,CP3943,velocity,0,0
AL006148,C81314,business,8,GB,GB,5000.0,ach,CP3227,round_amount,0,0
AL006149,C84456,business,6,SG,GB,215822.33,ach,CP3788,sanctions_match,1,0
AL006150,C31041,retail,9,ZA,SG,35857.13,card,CP3399,pep_match,1,0
AL006151,C47830,retail,22,US,BR,26804.97,ach,CP3080,pep_match,3,0
AL006152,C42344,private,4,IR,CA,9854.8,ach,CP2442,structuring,1,0
AL006153,C19858,retail,4,JP,AU,33944.08,card,CP2656,dormant_reactivation,0,0
AL006154,C74778,retail,8,GB,SG,4832.52,card,CP6004,velocity,3,0
AL006155,C28456,retail,10,US,JP,3337.3,wire,CP6224,dormant_reactivation,0,0
AL006156,C58988,retail,14,MX,CA,90409.97,cash,CP1138,sanctions_match,3,0
AL006157,C95750,retail,16,JP,GB,1536.47,wire,CP4738,velocity,0,0
AL006158,C52294,private,17,GB,NG,35135.16,card,CP8472,dormant_reactivation,0,1
AL006159,C61721,retail,17,SG,DE,9461.35,wire,CP2472,structuring,0,0
AL006160,C94469,retail,13,SG,TR,41301.03,ach,CP6632,sanctions_match,3,0
AL006161,C20549,retail,21,MM,JP,42375.48,ach,CP5351,pep_match,3,0
AL006162,C42122,retail,21,GB,JP,647.54,ach,CP5134,velocity,0,0
AL006163,C26820,retail,23,US,US,2737.66,wire,CP9072,velocity,0,0
AL006164,C25790,retail,7,US,CA,91727.81,card,CP2067,sanctions_match,2,0
AL006165,C39395,retail,19,ZA,JP,2308.83,ach,CP9482,velocity,3,0
AL006166,C66522,retail,8,US,FR,50000.0,ach,CP2426,round_amount,8,0
AL006167,C36590,business,3,US,JP,9813.36,card,CP1131,structuring,1,0
AL006168,C93447,retail,18,CA,AE,8904.42,ach,CP1045,structuring,0,1
AL006169,C72703,private,15,AE,KP,3526.63,ach,CP8819,velocity,1,0
AL006170,C54849,retail,5,BR,FR,223245.3,wire,CP4209,sanctions_match,0,0
AL006171,C35500,business,19,SG,SG,8969.68,cash,CP9109,structuring,0,0
AL006172,C98284,retail,17,AU,DE,24910.7,ach,CP1753,pep_match,0,0
AL006173,C18862,business,22,US,DE,25000.0,cash,CP1707,round_amount,0,0
AL006174,C82810,retail,9,SG,SG,17374.13,card,CP1917,pep_match,3,0
AL006175,C73546,retail,16,US,AU,19290.12,wire,CP5353,high_risk_geo,0,0
AL006176,C39678,retail,0,AU,MX,17844.94,wire,CP3929,high_risk_geo,0,0
AL006177,C26808,private,5,FR,NG,28402.7,wire,CP6378,dormant_reactivation,0,0
AL006178,C13071,retail,14,AU,JP,27194.57,card,CP5229,dormant_reactivation,3,0
AL006179,C86928,retail,0,DE,FR,8382.81,ach,CP1965,structuring,0,0
AL006180,C38257,retail,4,SG,SG,10000.0,wire,CP1858,round_amount,0,0
AL006181,C28642,retail,10,SG,JP,9022.45,ach,CP7557,structuring,0,0
AL006182,C63214,retail,15,GB,CA,18124.95,ach,CP4716,pep_match,1,0
AL006183,C63596,retail,8,AU,US,8659.87,card,CP9777,structuring,0,0
AL006184,C37215,retail,3,ZA,DE,100000.0,wire,CP1168,round_amount,0,0
AL006185,C50140,retail,21,JP,FR,80742.47,ach,CP9537,sanctions_match,0,0
AL006186,C95861,retail,17,BR,DE,34226.86,card,CP4997,dormant_reactivation,0,0
AL006187,C10834,retail,4,GB,AE,3546.42,wire,CP9755,velocity,1,0
AL006188,C21398,business,15,CA,BR,9403.65,ach,CP2051,dormant_reactivation,1,0
AL006189,C32619,business,7,GB,FR,21601.97,ach,CP9999,high_risk_geo,0,0
AL006190,C24161,retail,24,JP,US,93458.8,cash,CP7810,sanctions_match,1,0
AL006191,C36752,retail,19,DE,AE,9268.92,ach,CP3271,structuring,8,0
AL006192,C46933,retail,2,DE,AU,50000.0,wire,CP2101,round_amount,0,0
AL006193,C54419,business,6,DE,CA,22209.3,ach,CP1757,dormant_reactivation,0,0
AL006194,C13627,retail,8,US,MX,10000.0,wire,CP8314,round_amount,1,0
AL006195,C99454,retail,0,GB,DE,41203.24,ach,CP2033,dormant_reactivation,0,0
AL006196,C32694,business,5,CA,SG,9404.98,cash,CP1813,structuring,0,0
AL006197,C87753,retail,9,ZA,US,5444.7,cash,CP9267,dormant_reactivation,0,0
AL006198,C44840,retail,20,AU,AU,10000.0,ach,CP2045,round_amount,0,0
AL006199,C19187,private,18,JP,TR,48509.05,wire,CP7457,dormant_reactivation,0,0
AL006200,C46892,private,5,CA,SG,2485.48,card,CP4426,velocity,2,0
AL006201,C12506,business,6,AU,FR,21674.57,ach,CP5362,dormant_reactivation,1,0
AL006202,C61507,retail,11,US,CA,3472.47,ach,CP1550,velocity,5,1
AL006203,C94016,retail,24,JP,ZA,2072.03,ach,CP7789,velocity,8,0
AL006204,C73571,business,23,TR,TR,17496.73,wire,CP7170,high_risk_geo,0,0
AL006205,C67181,retail,7,TR,ZA,20467.73,wire,CP2927,high_risk_geo,0,0
AL006206,C16235,retail,15,BR,SG,49728.35,ach,CP2318,dormant_reactivation,1,0
AL006207,C53229,retail,20,AE,AU,29354.96,ach,CP6581,dormant_reactivation,0,0
AL006208,C77199,retail,14,GB,SG,13834.15,wire,CP5843,pep_match,1,0
AL006209,C64862,retail,25,SG,AE,8761.72,ach,CP8230,structuring,8,1
AL006210,C75606,private,19,DE,DE,18884.74,card,CP9404,pep_match,0,0
AL006211,C61710,retail,17,US,GB,583.29,ach,CP1741,velocity,3,0
AL006212,C14370,retail,0,DE,FR,212748.34,card,CP2204,sanctions_match,0,1
AL006213,C88244,retail,6,AU,GB,9812.79,card,CP8978,structuring,1,0
AL006214,C32310,business,4,TR,DE,9256.33,wire,CP9893,structuring,2,0
AL006215,C63099,retail,9,GB,US,10000.0,wire,CP1716,round_amount,0,0
AL006216,C32923,retail,0,GB,AU,5503.93,card,CP8595,high_risk_geo,0,0
AL006217,C66705,retail,20,US,MX,281.95,card,CP3169,velocity,0,0
AL006218,C68176,retail,9,SG,JP,9062.96,wire,CP5367,structuring,3,1
AL006219,C63916,retail,4,AU,US,45494.79,ach,CP6435,pep_match,0,0
AL006220,C89783,business,5,TR,FR,9776.69,cash,CP1810,high_risk_geo,3,0
AL006221,C27783,retail,6,MX,DE,3373.68,cash,CP4822,velocity,0,0
AL006222,C88291,retail,21,AE,JP,8289.11,card,CP8555,structuring,2,0
AL006223,C17779,retail,8,FR,JP,9491.52,wire,CP6802,structuring,2,1
AL006224,C81863,retail,3,DE,US,22687.15,ach,CP8787,dormant_reactivation,0,0
AL006225,C66921,private,0,JP,US,202996.72,card,CP8468,sanctions_match,2,0
AL006226,C30945,retail,10,AU,CA,8845.24,card,CP8912,structuring,0,0
AL006227,C24336,retail,0,DE,GB,14050.63,ach,CP2000,sanctions_match,0,0
AL006228,C79446,retail,17,GB,TR,193338.25,card,CP8881,sanctions_match,0,0
AL006229,C61635,retail,2,FR,GB,25000.0,wire,CP3886,round_amount,0,0
AL006230,C21699,private,15,VE,JP,4585.63,ach,CP6199,velocity,0,0
AL006231,C39725,retail,4,GB,NG,2753.28,ach,CP8692,pep_match,0,0
AL006232,C61362,retail,4,SG,FR,30579.8,wire,CP7635,pep_match,0,0
AL006233,C39335,retail,3,FR,GB,9763.45,card,CP2604,structuring,0,0
AL006234,C11443,business,8,BR,SG,1488.43,ach,CP3630,dormant_reactivation,1,0
AL006235,C55866,retail,5,ZA,JP,126126.76,card,CP9189,sanctions_match,0,1
AL006236,C67881,retail,2,CA,FR,9300.41,ach,CP4948,structuring,0,0
AL006237,C96322,retail,3,AE,SG,23198.11,cash,CP6485,high_risk_geo,1,0
AL006238,C34535,business,4,SG,FR,41786.77,ach,CP7355,dormant_reactivation,0,0
AL006239,C85228,retail,21,AU,DE,14739.9,wire,CP6236,dormant_reactivation,0,0
AL006240,C60575,retail,8,JP,MX,46211.28,wire,CP4872,dormant_reactivation,1,0
AL006241,C28220,retail,23,GB,US,38199.36,cash,CP8033,pep_match,2,0
AL006242,C88808,retail,15,US,FR,4333.51,ach,CP9334,velocity,0,0
AL006243,C91102,business,6,VE,GB,13271.58,card,CP9530,high_risk_geo,0,0
AL006244,C52175,business,5,TR,US,2874.07,ach,CP1480,velocity,0,0
AL006245,C27006,business,6,JP,JP,10921.64,card,CP2092,pep_match,0,0
AL006246,C34302,retail,2,SG,IR,25000.0,wire,CP7727,round_amount,2,0
AL006247,C52414,retail,11,BR,DE,74985.92,ach,CP9424,sanctions_match,0,0
AL006248,C23477,retail,12,US,ZA,46151.88,card,CP2978,dormant_reactivation,0,0
AL006249,C53242,retail,12,US,JP,8576.43,ach,CP1680,structuring,0,1
AL006250,C22259,business,11,CA,US,42004.48,wire,CP1993,pep_match,1,0
AL006251,C86789,business,2,SG,AE,9172.59,wire,CP6061,structuring,2,0
AL006252,C29914,retail,0,NG,US,49850.09,card,CP8737,sanctions_match,8,0
AL006253,C95150,retail,10,JP,JP,5000.0,ach,CP2762,round_amount,1,0
AL006254,C35843,retail,20,FR,JP,3130.99,wire,CP7410,dormant_reactivation,0,0
AL006255,C95088,retail,9,CA,DE,246438.94,card,CP3793,sanctions_match,0,0
AL006256,C81816,business,23,GB,US,41565.64,ach,CP4772,pep_match,0,0
AL006257,C96243,retail,8,AU,AU,50000.0,ach,CP3463,round_amount,3,0
AL006258,C86564,retail,15,CA,US,10000.0,card,CP6045,round_amount,1,0
AL006259,C24858,retail,0,US,US,188831.09,card,CP6479,sanctions_match,1,1
AL006260,C87383,retail,3,FR,DE,29337.07,ach,CP9074,pep_match,0,1
AL006261,C28628,business,12,AE,FR,14176.67,wire,CP6227,dormant_reactivation,3,1
AL006262,C88386,retail,1,GB,CA,5000.0,wire,CP6296,round_amount,1,0
AL006263,C85085,business,17,AE,FR,9770.98,cash,CP2729,structuring,1,0
AL006264,C93081,retail,0,US,AU,4305.32,ach,CP1632,velocity,1,0
AL006265,C82932,retail,7,JP,AU,44092.9,ach,CP3139,pep_match,3,0
AL006266,C11503,retail,4,MX,US,12706.08,wire,CP6682,dormant_reactivation,0,0
AL006267,C94392,retail,13,ZA,SY,5074.36,ach,CP2457,pep_match,0,0
AL006268,C93272,retail,7,GB,AU,4679.2,ach,CP7597,dormant_reactivation,2,0
AL006269,C56561,private,21,JP,DE,50000.0,wire,CP6922,round_amount,0,0
AL006270,C17528,retail,19,FR,DE,4237.54,card,CP8383,sanctions_match,0,0
AL006271,C75686,retail,4,GB,SG,47663.32,ach,CP9459,pep_match,0,0
AL006272,C89680,private,11,AE,IR,9138.63,ach,CP1834,dormant_reactivation,1,0
AL006273,C73744,business,13,FR,US,908.24,wire,CP2673,velocity,0,0
AL006274,C12521,private,24,MX,TR,43872.45,ach,CP2214,dormant_reactivation,1,0
AL006275,C25740,retail,25,US,MX,28252.84,ach,CP5529,pep_match,1,0
AL006276,C30492,retail,5,GB,US,1631.45,cash,CP6837,velocity,1,0
AL006277,C98516,business,19,FR,US,10000.0,wire,CP6957,round_amount,2,0
AL006278,C61527,retail,9,US,DE,41906.06,ach,CP5048,pep_match,1,0
AL006279,C42040,business,9,JP,US,5000.0,card,CP4924,round_amount,1,0
AL006280,C21732,retail,21,JP,IR,29067.6,card,CP9532,pep_match,1,0
AL006281,C59329,retail,7,DE,JP,6318.29,wire,CP7375,high_risk_geo,0,0
AL006282,C78036,retail,5,US,CA,18992.87,card,CP6818,high_risk_geo,0,0
AL006283,C69599,retail,21,CA,DE,4498.15,ach,CP8975,velocity,0,0
AL006284,C75048,retail,9,US,JP,19897.01,ach,CP1873,dormant_reactivation,0,0
AL006285,C21851,private,2,DE,NG,122577.0,ach,CP5095,high_risk_geo,0,0
AL006286,C43885,retail,3,SG,JP,21870.67,ach,CP8768,high_risk_geo,1,0
AL006287,C59007,retail,21,DE,ZA,8657.08,wire,CP3109,structuring,0,0
AL006288,C47379,retail,4,FR,US,3743.66,ach,CP4946,velocity,0,0
AL006289,C35980,business,19,AU,JP,139805.33,ach,CP7514,sanctions_match,1,0
AL006290,C37815,retail,17,NG,GB,15819.94,wire,CP4057,high_risk_geo,0,0
AL006291,C52089,retail,10,US,JP,17286.79,ach,CP3838,high_risk_geo,1,0
AL006292,C62183,retail,20,DE,GB,9800.04,wire,CP1286,structuring,0,0
AL006293,C95011,business,21,CA,GB,77529.3,wire,CP1981,sanctions_match,0,1
AL006294,C77641,private,24,FR,ZA,4300.3,ach,CP9542,velocity,2,0
AL006295,C95800,retail,8,AU,DE,37835.08,card,CP7804,pep_match,0,1
AL006296,C49127,retail,15,IR,GB,37111.11,ach,CP4142,pep_match,2,1
AL006297,C89834,retail,12,FR,AU,120357.54,card,CP4980,sanctions_match,0,0
AL006298,C47287,business,22,CA,MX,7896.94,card,CP9060,structuring,0,0
AL006299,C26118,retail,9,JP,BR,9963.18,card,CP1592,pep_match,0,0
AL006300,C68163,retail,24,GB,FR,9614.45,wire,CP5237,structuring,8,1
AL006301,C64974,retail,2,JP,GB,87107.16,ach,CP9992,sanctions_match,0,0
AL006302,C79118,retail,16,US,AU,5000.0,ach,CP1151,round_amount,3,0
AL006303,C91392,retail,19,DE,DE,7572.49,ach,CP2308,high_risk_geo,0,0
AL006304,C88121,retail,3,KP,JP,9023.2,ach,CP3777,structuring,0,1
AL006305,C18769,retail,0,US,DE,39412.68,cash,CP4402,pep_match,2,0
AL006306,C89891,retail,5,JP,DE,15257.43,card,CP8245,high_risk_geo,2,0
AL006307,C11816,retail,2,US,JP,3467.99,ach,CP2478,velocity,0,0
AL006308,C41148,retail,15,AE,CA,6058.2,ach,CP5855,dormant_reactivation,0,0
AL006309,C54588,business,6,CA,FR,226981.53,card,CP7959,sanctions_match,2,0
AL006310,C20848,business,15,SG,JP,7836.73,ach,CP7871,structuring,0,0
AL006311,C91632,retail,21,DE,SG,50000.0,wire,CP3387,round_amount,0,0
AL006312,C82086,business,19,NG,DE,100000.0,ach,CP3709,round_amount,1,0
AL006313,C82861,retail,19,AE,GB,21431.53,wire,CP9787,high_risk_geo,0,0
AL006314,C78091,retail,1,AE,JP,7302.08,wire,CP6135,sanctions_match,0,1
AL006315,C35354,retail,19,FR,CA,244045.37,ach,CP2218,sanctions_match,2,0
AL006316,C47926,business,22,SG,TR,9323.72,wire,CP6789,structuring,1,1
AL006317,C20194,business,0,JP,DE,27708.05,wire,CP7155,sanctions_match,0,0
AL006318,C94811,retail,25,CA,JP,34062.63,ach,CP8182,sanctions_match,0,0
AL006319,C75044,private,3,GB,JP,192267.87,cash,CP4115,high_risk_geo,3,0
AL006320,C76785,business,0,GB,FR,22406.75,wire,CP6437,high_risk_geo,3,0
AL006321,C42767,retail,22,TR,DE,10000.0,wire,CP6553,round_amount,0,0
AL006322,C92242,private,14,JP,SY,37842.73,ach,CP1845,pep_match,0,0
AL006323,C15677,retail,19,DE,SG,7280.2,ach,CP6659,pep_match,2,0
AL006324,C92301,retail,9,GB,KP,6930.12,ach,CP7591,high_risk_geo,0,0
AL006325,C66010,retail,21,NG,US,196013.57,ach,CP1559,sanctions_match,0,1
AL006326,C74370,business,9,CA,CA,7008.77,ach,CP3503,pep_match,3,0
AL006327,C76319,retail,20,FR,FR,16418.72,ach,CP1254,high_risk_geo,0,0
AL006328,C38215,private,17,US,TR,3321.03,cash,CP8699,velocity,1,0
AL006329,C17982,retail,4,CA,CA,3763.76,wire,CP5355,velocity,1,0
AL006330,C64069,retail,15,GB,CA,168439.8,card,CP2787,sanctions_match,1,0
AL006331,C23229,private,13,FR,US,358.43,wire,CP6011,velocity,2,0
AL006332,C77190,business,10,JP,JP,13015.84,ach,CP8651,pep_match,0,0
AL006333,C52518,retail,20,MX,JP,8413.93,wire,CP6004,structuring,0,0
AL006334,C48610,retail,11,ZA,DE,2075.73,wire,CP4666,velocity,0,0
AL006335,C16289,retail,10,JP,AU,8458.61,cash,CP3532,structuring,2,0
AL006336,C20396,retail,17,SG,ZA,50000.0,cash,CP9308,round_amount,3,0
AL006337,C25091,retail,7,US,AU,7916.55,ach,CP1172,structuring,8,0
AL006338,C28178,business,25,NG,AE,195933.59,wire,CP7372,sanctions_match,1,1
AL006339,C26375,business,8,AU,AU,50000.0,ach,CP6824,round_amount,0,0
AL006340,C14251,retail,21,AE,CA,5287.39,wire,CP6188,high_risk_geo,3,0
AL006341,C90804,retail,21,DE,FR,36711.71,wire,CP5265,dormant_reactivation,2,0
AL006342,C14921,retail,6,CA,SG,154041.62,ach,CP4757,sanctions_match,5,0
AL006343,C50049,retail,0,CA,AE,47873.22,ach,CP5538,dormant_reactivation,0,0
AL006344,C92533,business,9,AU,GB,8933.0,wire,CP8950,structuring,0,0
AL006345,C41876,retail,8,JP,DE,2557.03,ach,CP2713,velocity,5,0
AL006346,C34850,retail,5,SG,AE,282.77,ach,CP1406,pep_match,1,0
AL006347,C92239,retail,24,JP,NG,50000.0,cash,CP3026,round_amount,8,0
AL006348,C87641,private,1,ZA,ZA,28480.38,wire,CP4850,dormant_reactivation,1,0
AL006349,C47293,retail,19,CA,US,5175.05,wire,CP5642,dormant_reactivation,0,0
AL006350,C60899,retail,13,AE,DE,614.62,wire,CP2613,velocity,1,0
AL006351,C10833,business,18,JP,CA,103872.71,wire,CP4033,sanctions_match,5,0
AL006352,C95758,retail,5,CA,BR,5428.13,ach,CP6359,pep_match,5,0
AL006353,C96699,private,9,RU,CA,196565.96,cash,CP7946,sanctions_match,0,1
AL006354,C10353,private,14,JP,JP,50000.0,ach,CP6264,round_amount,0,0
AL006355,C37181,business,2,CA,BR,37498.86,ach,CP5727,dormant_reactivation,3,0
AL006356,C86791,retail,19,JP,FR,8729.59,card,CP8062,structuring,1,0
AL006357,C11546,retail,3,BR,US,246603.89,ach,CP5284,sanctions_match,0,0
AL006358,C40792,retail,1,AU,US,4572.82,card,CP5996,velocity,2,0
AL006359,C96290,retail,0,CA,JP,50000.0,wire,CP8737,round_amount,0,0
AL006360,C29936,retail,9,US,FR,1916.24,ach,CP1402,velocity,1,0
AL006361,C58965,retail,8,US,GB,9048.46,ach,CP8388,structuring,1,1
AL006362,C88093,retail,4,ZA,FR,10000.0,ach,CP7389,round_amount,1,0
AL006363,C47700,business,10,JP,MM,10000.0,card,CP7226,round_amount,3,0
AL006364,C63070,retail,6,US,AU,25000.0,ach,CP4614,round_amount,0,0
AL006365,C40409,retail,10,SG,JP,24567.06,ach,CP3424,pep_match,0,0
AL006366,C30303,retail,19,DE,AU,9925.14,card,CP2482,structuring,0,0
AL006367,C59196,private,19,ZA,DE,36849.66,wire,CP4763,dormant_reactivation,0,0
AL006368,C38405,business,10,CA,CA,2969.94,card,CP9440,dormant_reactivation,0,0
AL006369,C90650,retail,8,GB,DE,25000.0,ach,CP7333,round_amount,0,0
AL006370,C88823,business,21,US,FR,15898.32,card,CP2250,high_risk_geo,0,0
AL006371,C71024,private,9,ZA,JP,130238.49,wire,CP2266,high_risk_geo,0,0
AL006372,C78013,retail,11,CA,US,24943.36,ach,CP1132,pep_match,0,0
AL006373,C34205,business,10,BR,SG,7299.16,wire,CP1137,sanctions_match,0,1
AL006374,C87733,retail,21,SG,CA,8686.68,ach,CP9975,structuring,0,0
AL006375,C52112,business,16,FR,CA,8753.12,ach,CP5118,dormant_reactivation,5,0
AL006376,C29516,business,12,US,FR,8667.01,card,CP6341,structuring,3,1
AL006377,C21721,business,9,MX,US,13293.59,wire,CP1548,dormant_reactivation,0,0
AL006378,C38821,private,14,US,JP,3516.61,ach,CP6650,velocity,1,0
AL006379,C24628,retail,2,FR,VE,5338.0,wire,CP3487,dormant_reactivation,0,0
AL006380,C55289,retail,1,CA,SG,21862.97,card,CP8379,high_risk_geo,0,0
AL006381,C23015,private,14,JP,GB,174629.46,wire,CP9026,sanctions_match,0,0
AL006382,C69352,retail,10,US,GB,5917.48,ach,CP3978,high_risk_geo,1,0
AL006383,C58279,retail,11,DE,CA,141070.45,ach,CP3266,sanctions_match,1,0
AL006384,C11415,retail,4,FR,AU,158264.44,ach,CP1808,sanctions_match,3,0
AL006385,C66457,retail,0,US,AE,2522.54,wire,CP5054,velocity,3,0
AL006386,C34977,business,16,GB,GB,38444.27,ach,CP2530,pep_match,0,0
AL006387,C66534,retail,8,FR,FR,9970.22,ach,CP3564,structuring,0,0
AL006388,C41749,business,24,GB,SG,43803.79,ach,CP3662,dormant_reactivation,0,0
AL006389,C79311,business,14,US,GB,29639.2,card,CP6625,dormant_reactivation,0,0
AL006390,C51598,private,3,TR,TR,9977.28,ach,CP6998,structuring,0,0
AL006391,C71318,retail,4,BR,DE,50000.0,wire,CP8941,round_amount,0,0
AL006392,C14663,private,15,NG,BR,8132.3,ach,CP6726,structuring,0,0
AL006393,C38664,retail,21,CA,GB,101.99,cash,CP7494,velocity,0,0
AL006394,C58522,private,11,SY,BR,2600.13,wire,CP3416,pep_match,3,0
AL006395,C68379,retail,5,FR,DE,4960.37,wire,CP3795,velocity,2,0
AL006396,C94209,business,17,AE,SG,8208.46,cash,CP1406,structuring,0,0
AL006397,C89219,retail,23,FR,AU,46517.0,card,CP3184,pep_match,0,0
AL006398,C79778,retail,8,SG,DE,8374.62,ach,CP5315,structuring,1,0
AL006399,C83061,retail,18,BR,KP,27719.39,wire,CP5722,dormant_reactivation,1,0
AL006400,C98957,retail,20,SG,AU,1873.58,ach,CP5100,velocity,0,0
AL006401,C61677,business,19,AE,SG,13745.79,wire,CP4489,sanctions_match,0,0
AL006402,C62334,private,10,FR,MX,38176.22,ach,CP7281,pep_match,0,0
AL006403,C50975,retail,8,BR,US,9254.73,ach,CP2302,structuring,1,0
AL006404,C53690,business,22,US,CA,37716.88,ach,CP8876,pep_match,0,0
AL006405,C46344,business,13,FR,SY,192188.77,wire,CP6237,sanctions_match,0,0
AL006406,C26017,retail,9,MX,JP,3112.64,wire,CP6587,velocity,0,0
AL006407,C59280,retail,17,GB,JP,185200.3,cash,CP9436,sanctions_match,1,0
AL006408,C58650,retail,19,JP,CA,2997.85,card,CP8621,velocity,0,0
AL006409,C75252,retail,22,US,AU,48213.36,wire,CP9425,pep_match,1,0
AL006410,C76061,retail,19,US,DE,700.11,card,CP5843,velocity,0,0
AL006411,C74153,retail,19,CA,CA,2060.28,card,CP3288,velocity,0,0
AL006412,C74793,retail,13,GB,DE,24208.99,wire,CP7065,sanctions_match,0,0
AL006413,C54789,retail,11,SG,GB,23798.37,ach,CP8494,high_risk_geo,1,0
AL006414,C35794,retail,15,US,JP,25000.0,ach,CP3672,round_amount,3,0
AL006415,C56916,business,8,CA,CA,10080.31,ach,CP3826,high_risk_geo,0,0
AL006416,C10193,retail,17,DE,US,2753.62,wire,CP6214,velocity,0,0
AL006417,C75951,retail,7,US,FR,673.47,wire,CP5613,velocity,0,0
AL006418,C18732,retail,1,SG,AU,23901.94,cash,CP4925,high_risk_geo,0,0
AL006419,C24524,business,0,GB,JP,1369.39,ach,CP1860,dormant_reactivation,1,0
AL006420,C57417,business,8,AU,US,7806.49,ach,CP9354,structuring,3,1
AL006421,C31904,business,10,AU,FR,18103.16,wire,CP1511,high_risk_geo,1,1
AL006422,C59382,retail,15,JP,AU,122714.83,ach,CP2954,sanctions_match,1,1
AL006423,C11823,retail,22,SG,AU,63196.54,wire,CP2911,sanctions_match,0,0
AL006424,C57768,retail,23,FR,SY,8549.4,wire,CP2837,structuring,2,0
AL006425,C68013,private,9,ZA,ZA,8407.23,ach,CP9284,structuring,0,0
AL006426,C43836,retail,13,ZA,CA,101611.24,cash,CP7377,sanctions_match,1,0
AL006427,C67686,retail,4,DE,AU,9260.06,cash,CP9248,structuring,0,0
AL006428,C66393,business,10,BR,GB,1883.84,ach,CP3985,velocity,0,0
AL006429,C55362,business,9,JP,JP,3476.77,cash,CP5352,velocity,0,1
AL006430,C41113,private,14,DE,AE,929.96,ach,CP9480,velocity,2,0
AL006431,C22243,retail,9,SG,JP,1529.23,wire,CP3839,velocity,0,0
AL006432,C12006,retail,23,US,NG,2666.72,ach,CP5273,velocity,0,0
AL006433,C57455,retail,20,AU,DE,50000.0,ach,CP3168,round_amount,0,0
AL006434,C39759,business,4,GB,JP,25773.84,wire,CP3758,pep_match,1,1
AL006435,C72423,private,2,BR,JP,28571.13,ach,CP9031,pep_match,1,0
AL006436,C42239,business,6,US,CA,2924.56,card,CP1893,pep_match,5,0
AL006437,C17177,retail,20,AE,US,9436.78,ach,CP8657,structuring,0,0
AL006438,C86679,retail,3,US,SG,10000.0,ach,CP9954,round_amount,0,0
AL006439,C59020,business,19,US,US,25657.62,wire,CP4132,pep_match,1,0
AL006440,C71308,private,24,MX,IR,32520.29,wire,CP5449,dormant_reactivation,2,0
AL006441,C25157,retail,13,TR,CA,25000.0,ach,CP2867,round_amount,0,0
AL006442,C70090,retail,2,NG,JP,18162.49,ach,CP1987,dormant_reactivation,1,0
AL006443,C65982,business,7,JP,DE,663.2,cash,CP5356,velocity,0,0
AL006444,C46588,retail,14,DE,DE,180096.9,ach,CP2589,sanctions_match,3,0
AL006445,C51807,retail,10,AU,DE,50000.0,card,CP4589,round_amount,2,0
AL006446,C99375,business,20,US,BR,50000.0,card,CP8500,round_amount,0,0
AL006447,C36809,retail,1,SG,SG,24039.17,cash,CP2290,high_risk_geo,0,0
AL006448,C74274,private,7,SY,VE,47819.0,ach,CP2847,dormant_reactivation,0,0
AL006449,C37965,retail,11,GB,JP,7811.78,wire,CP4834,structuring,0,1
AL006450,C84313,business,20,CA,MX,4846.62,cash,CP8903,dormant_reactivation,0,0
AL006451,C16366,private,19,CA,CA,188850.74,ach,CP1682,high_risk_geo,3,0
AL006452,C39717,business,12,CA,DE,9755.39,wire,CP9080,structuring,0,1
AL006453,C71633,retail,16,AE,RU,21467.36,ach,CP5081,high_risk_geo,2,1
AL006454,C68020,retail,18,BR,US,29028.39,wire,CP9268,dormant_reactivation,0,0
AL006455,C86844,business,19,FR,AE,123721.21,ach,CP3795,sanctions_match,0,0
AL006456,C85698,retail,25,GB,SG,10679.42,ach,CP9028,pep_match,8,0
AL006457,C92089,retail,3,JP,CA,4622.14,wire,CP8035,velocity,0,0
AL006458,C48470,retail,11,CA,CA,118800.31,wire,CP3747,sanctions_match,0,0
AL006459,C60317,private,20,DE,RU,1894.02,wire,CP6080,velocity,0,0
AL006460,C79858,retail,12,FR,JP,31088.13,wire,CP6542,pep_match,1,0
AL006461,C71555,retail,3,DE,ZA,9841.55,wire,CP3328,high_risk_geo,5,0
AL006462,C37089,retail,18,CA,JP,42285.77,ach,CP3374,pep_match,0,0
AL006463,C51234,private,1,SG,FR,50000.0,card,CP8975,round_amount,0,0
AL006464,C61289,retail,14,US,MX,9603.35,card,CP8412,structuring,0,0
AL006465,C39504,retail,4,CA,GB,3851.81,wire,CP3105,velocity,0,0
AL006466,C88463,retail,4,IR,FR,10197.68,ach,CP8669,sanctions_match,3,0
AL006467,C64466,retail,6,AU,AU,9381.92,cash,CP3971,structuring,5,1
AL006468,C89296,retail,21,SG,FR,177560.36,ach,CP8673,sanctions_match,0,0
AL006469,C50449,retail,13,CA,AU,9406.89,card,CP7487,high_risk_geo,1,1
AL006470,C44844,retail,10,GB,JP,35452.82,wire,CP7296,dormant_reactivation,0,0
AL006471,C46417,retail,21,SG,JP,9459.67,wire,CP9283,structuring,0,1
AL006472,C29926,retail,17,AU,DE,198263.37,card,CP6721,sanctions_match,0,0
AL006473,C48528,retail,15,DE,MM,25000.0,card,CP2337,round_amount,1,0
AL006474,C58178,business,3,FR,JP,18937.25,card,CP5530,dormant_reactivation,1,0
AL006475,C32173,business,4,AU,FR,7761.64,card,CP1979,pep_match,0,0
AL006476,C25635,retail,23,AU,KP,9275.74,card,CP4650,structuring,2,1
AL006477,C83554,business,10,AU,BR,29373.71,card,CP7357,dormant_reactivation,0,0
AL006478,C44110,retail,19,DE,ZA,2496.54,ach,CP4910,velocity,1,0
AL006479,C74133,retail,0,CA,US,10647.67,wire,CP2218,high_risk_geo,0,0
AL006480,C66516,retail,4,FR,JP,93565.64,ach,CP1226,sanctions_match,2,0
AL006481,C52630,retail,16,GB,TR,25000.0,card,CP8159,round_amount,0,0
AL006482,C61560,retail,19,GB,AE,4337.25,card,CP6329,velocity,0,0
AL006483,C46857,business,0,DE,SG,30036.23,wire,CP7508,dormant_reactivation,0,0
AL006484,C49346,retail,25,JP,GB,46181.33,cash,CP8948,dormant_reactivation,2,0
AL006485,C91235,retail,18,AE,US,25000.0,cash,CP2299,round_amount,5,0
AL006486,C95836,private,16,NG,IR,50000.0,ach,CP1379,round_amount,0,0
AL006487,C62561,business,25,CA,MX,1618.02,ach,CP9020,dormant_reactivation,0,0
AL006488,C41089,business,6,DE,SG,209889.9,wire,CP4020,sanctions_match,2,0
AL006489,C27957,retail,15,AU,DE,8904.54,card,CP6193,structuring,1,0
AL006490,C87614,retail,19,ZA,MX,9205.62,wire,CP9056,dormant_reactivation,0,0
AL006491,C44962,private,3,FR,SG,191241.51,ach,CP6454,sanctions_match,5,0
AL006492,C15555,retail,19,NG,FR,29325.21,ach,CP6337,dormant_reactivation,0,0
AL006493,C18660,retail,22,MX,FR,17159.2,wire,CP5181,high_risk_geo,1,1
AL006494,C50296,retail,11,US,SG,32289.63,ach,CP8366,pep_match,1,0
AL006495,C90078,retail,21,GB,NG,50000.0,card,CP9340,round_amount,0,0
AL006496,C92033,retail,24,SG,DE,10356.46,cash,CP6394,high_risk_geo,1,0
AL006497,C17517,business,15,SG,JP,74004.14,ach,CP3511,sanctions_match,0,0
AL006498,C45330,retail,16,CA,US,10000.0,cash,CP8801,round_amount,1,0
AL006499,C16443,retail,24,JP,AU,46672.72,ach,CP9526,sanctions_match,3,0
AL006500,C16069,retail,9,SG,GB,25000.0,card,CP9726,round_amount,0,0
AL006501,C57547,retail,25,FR,AU,1364.37,cash,CP9730,dormant_reactivation,5,0
AL006502,C97223,retail,24,DE,TR,724.53,wire,CP5371,dormant_reactivation,5,0
AL006503,C32770,retail,22,AU,SG,1430.56,card,CP4464,velocity,0,0
AL006504,C85942,retail,18,AU,MM,10008.69,cash,CP4584,high_risk_geo,0,0
AL006505,C76651,retail,20,JP,JP,22391.04,wire,CP9580,high_risk_geo,2,1
AL006506,C98950,retail,20,CA,GB,25000.0,ach,CP5106,round_amount,1,0
AL006507,C47399,retail,9,FR,FR,10000.0,wire,CP1069,round_amount,2,0
AL006508,C98134,retail,22,FR,FR,9201.17,ach,CP1638,structuring,0,0
AL006509,C57267,retail,1,CA,AU,56610.78,ach,CP8877,sanctions_match,1,0
AL006510,C27484,retail,5,DE,US,9243.11,ach,CP5372,structuring,0,0
AL006511,C82619,retail,3,AU,DE,4520.7,wire,CP9345,velocity,0,0
AL006512,C94875,retail,6,DE,AE,10000.0,wire,CP9920,round_amount,1,0
AL006513,C72096,business,20,US,JP,22584.73,wire,CP5140,high_risk_geo,0,0
AL006514,C47090,retail,21,DE,SG,92251.43,card,CP1985,sanctions_match,0,0
AL006515,C61427,business,9,JP,GB,438.64,wire,CP2310,dormant_reactivation,0,0
AL006516,C26441,private,6,TR,GB,11030.66,ach,CP2701,pep_match,2,0
AL006517,C31699,retail,19,CA,JP,175885.82,ach,CP1294,sanctions_match,0,0
AL006518,C88117,retail,4,AU,CA,7969.02,cash,CP3272,high_risk_geo,3,0
AL006519,C57883,retail,20,ZA,DE,7940.04,card,CP7875,structuring,0,0
AL006520,C10802,business,15,ZA,AU,7980.65,ach,CP5522,structuring,1,0
AL006521,C80163,private,4,IR,AU,21060.16,ach,CP2616,dormant_reactivation,0,0
AL006522,C80434,business,14,GB,BR,3302.11,card,CP1818,velocity,1,0
AL006523,C10833,retail,4,SG,DE,8329.88,card,CP3262,high_risk_geo,0,0
AL006524,C31354,retail,7,KP,FR,114704.48,cash,CP6425,sanctions_match,0,1
AL006525,C27099,retail,22,SG,JP,100249.02,wire,CP1395,sanctions_match,8,0
AL006526,C69300,retail,1,SG,AE,14680.34,cash,CP9673,pep_match,0,0
AL006527,C25772,private,3,MX,AU,23414.75,card,CP4417,dormant_reactivation,1,0
AL006528,C79958,retail,15,GB,DE,8188.75,wire,CP1589,structuring,0,0
AL006529,C79805,business,12,JP,AU,5000.0,ach,CP6349,round_amount,0,0
AL006530,C36897,retail,19,US,US,17618.03,card,CP5312,high_risk_geo,2,0
AL006531,C36017,retail,13,US,SY,221465.39,ach,CP1960,sanctions_match,0,0
AL006532,C45315,retail,18,JP,SG,8084.07,card,CP6092,structuring,0,0
AL006533,C96571,retail,9,FR,VE,8004.5,ach,CP1652,structuring,0,0
AL006534,C69871,retail,19,US,BR,10000.0,card,CP6705,round_amount,1,0
AL006535,C98623,retail,17,DE,GB,26568.63,card,CP9385,dormant_reactivation,0,0
AL006536,C13815,business,11,JP,JP,16703.05,ach,CP9779,high_risk_geo,0,0
AL006537,C52892,retail,18,CA,JP,18594.39,wire,CP4773,dormant_reactivation,0,0
AL006538,C63829,retail,5,MX,JP,8254.11,card,CP3037,structuring,1,1
AL006539,C32413,retail,22,US,SY,2993.98,ach,CP5036,velocity,1,0
AL006540,C59264,private,19,GB,AU,45525.37,ach,CP6202,dormant_reactivation,1,0
AL006541,C91436,retail,12,JP,JP,37807.0,card,CP9075,dormant_reactivation,0,0
AL006542,C54415,retail,20,AU,MX,119901.63,card,CP8658,sanctions_match,0,0
AL006543,C35485,business,20,FR,GB,12935.15,wire,CP8926,sanctions_match,3,0
AL006544,C72126,retail,14,SG,CA,9965.16,cash,CP4559,structuring,0,1
AL006545,C73228,retail,5,SG,CA,9710.37,wire,CP2160,structuring,3,0
AL006546,C59156,retail,13,DE,US,136023.17,card,CP3928,sanctions_match,0,0
AL006547,C20155,retail,4,US,AU,9869.13,wire,CP7622,sanctions_match,0,0
AL006548,C92960,retail,7,MM,AU,26127.52,wire,CP2336,pep_match,0,1
AL006549,C49197,retail,24,FR,SG,13312.97,ach,CP8612,dormant_reactivation,2,0
AL006550,C65640,retail,23,US,CA,25000.0,ach,CP5663,round_amount,0,0
AL006551,C58115,retail,14,DE,MX,17238.32,ach,CP5035,high_risk_geo,3,0
AL006552,C36420,business,24,JP,JP,1984.74,card,CP9482,velocity,8,0
AL006553,C39581,business,13,JP,CA,11531.7,ach,CP2684,pep_match,3,0
AL006554,C75500,private,10,ZA,JP,60060.73,card,CP1740,sanctions_match,0,0
AL006555,C33833,business,17,JP,GB,18387.18,card,CP2854,pep_match,1,0
AL006556,C22313,business,18,AE,SG,25450.53,wire,CP2797,pep_match,0,0
AL006557,C40696,business,16,GB,BR,15887.46,ach,CP5582,high_risk_geo,0,0
AL006558,C51622,private,8,ZA,GB,3084.77,ach,CP6445,dormant_reactivation,2,0
AL006559,C87854,business,7,DE,AU,11990.77,wire,CP9841,pep_match,3,0
AL006560,C77619,retail,20,MX,GB,48594.59,card,CP6078,dormant_reactivation,0,0
AL006561,C68588,retail,4,ZA,FR,4714.62,wire,CP2505,pep_match,0,1
AL006562,C92064,business,15,JP,DE,6972.82,cash,CP9152,high_risk_geo,1,0
AL006563,C50526,business,21,FR,GB,9681.37,card,CP3661,structuring,0,0
AL006564,C45458,business,13,DE,US,2891.58,card,CP1607,velocity,0,0
AL006565,C58715,retail,22,SG,DE,50000.0,cash,CP3841,round_amount,8,0
AL006566,C89370,private,3,FR,TR,82379.63,card,CP2287,high_risk_geo,1,0
AL006567,C14046,retail,2,FR,TR,7869.93,wire,CP1627,structuring,1,0
AL006568,C93930,retail,7,MX,CA,213977.09,wire,CP3249,sanctions_match,0,0
AL006569,C59386,retail,9,CA,NG,5000.0,wire,CP4227,round_amount,0,0
AL006570,C32583,retail,2,SG,JP,21060.61,card,CP5826,dormant_reactivation,2,0
AL006571,C74741,retail,21,US,US,36417.56,wire,CP6786,sanctions_match,2,1
AL006572,C33668,retail,22,SG,CA,25000.0,ach,CP8673,round_amount,1,0
AL006573,C36704,retail,12,SG,DE,7958.22,cash,CP4359,structuring,0,0
AL006574,C61605,private,9,JP,MM,90041.97,wire,CP7048,high_risk_geo,0,0
AL006575,C54447,retail,7,AE,SG,27173.6,cash,CP1874,dormant_reactivation,0,0
AL006576,C68011,retail,4,CA,CA,16887.35,card,CP3242,high_risk_geo,2,0
AL006577,C29014,retail,14,GB,FR,3705.2,wire,CP4907,velocity,1,0
AL006578,C81656,retail,4,DE,US,49321.39,card,CP5484,pep_match,0,0
AL006579,C17324,retail,17,US,AE,9250.23,ach,CP6860,structuring,0,0
AL006580,C43261,retail,18,US,SG,9152.94,ach,CP6019,dormant_reactivation,0,0
AL006581,C97270,retail,11,GB,DE,48597.33,cash,CP3744,pep_match,3,0
AL006582,C32523,retail,24,TR,US,126584.51,cash,CP7483,sanctions_match,8,0
AL006583,C82636,retail,2,AU,US,100000.0,ach,CP5958,round_amount,1,0
AL006584,C16942,retail,21,MX,GB,25000.0,card,CP4752,round_amount,0,0
AL006585,C94146,retail,25,JP,TR,10000.0,wire,CP4861,round_amount,5,0
AL006586,C38155,retail,0,DE,JP,50000.0,wire,CP4091,round_amount,5,0
AL006587,C11876,business,12,AE,JP,16286.93,ach,CP3238,high_risk_geo,0,0
AL006588,C33270,retail,3,SG,US,6979.61,ach,CP3099,high_risk_geo,0,0
AL006589,C72236,business,9,GB,IR,5665.78,ach,CP2369,pep_match,1,0
AL006590,C16660,retail,17,CA,GB,6980.02,cash,CP7199,high_risk_geo,0,0
AL006591,C69340,retail,16,BR,CA,10472.26,ach,CP9612,pep_match,3,0
AL006592,C95577,private,7,SG,CA,217812.93,card,CP3649,sanctions_match,1,0
AL006593,C29737,retail,11,NG,GB,4257.32,wire,CP6269,velocity,0,0
AL006594,C11467,retail,2,AU,IR,2741.21,wire,CP4857,velocity,0,1
AL006595,C90028,business,15,SG,US,27206.29,card,CP8378,dormant_reactivation,0,0
AL006596,C52519,private,23,VE,TR,176028.68,card,CP8741,sanctions_match,3,1
AL006597,C80446,retail,9,AU,SG,11560.62,wire,CP8665,dormant_reactivation,0,0
AL006598,C24281,retail,18,DE,CA,12816.27,ach,CP2310,pep_match,8,0
AL006599,C80737,retail,13,AU,CA,215442.93,wire,CP8407,sanctions_match,0,0
AL006600,C32699,private,24,SG,BR,8551.89,ach,CP7506,dormant_reactivation,0,0
AL006601,C11821,business,7,JP,US,19075.14,cash,CP2639,sanctions_match,3,0
AL006602,C68439,retail,1,ZA,FR,46539.1,ach,CP4732,dormant_reactivation,0,0
AL006603,C30848,business,7,JP,GB,24599.28,ach,CP2184,pep_match,3,0
AL006604,C84856,retail,10,US,FR,2157.69,wire,CP4594,pep_match,0,0
AL006605,C34671,retail,2,AE,FR,28572.95,cash,CP1820,pep_match,1,0
AL006606,C58468,retail,9,TR,JP,47485.93,ach,CP7295,dormant_reactivation,1,0
AL006607,C65226,retail,24,FR,FR,25000.0,cash,CP1113,round_amount,2,0
AL006608,C58567,retail,14,JP,DE,159495.95,ach,CP7864,sanctions_match,0,0
AL006609,C32629,retail,8,SG,GB,29279.32,ach,CP1988,pep_match,0,0
AL006610,C13370,retail,13,CA,SG,651.08,cash,CP5619,dormant_reactivation,0,0
AL006611,C73477,retail,14,GB,CA,40349.49,ach,CP7747,dormant_reactivation,0,0
AL006612,C43119,retail,23,SG,CA,21032.05,wire,CP4701,dormant_reactivation,1,0
AL006613,C15792,business,4,CA,SG,100000.0,card,CP2453,round_amount,3,0
AL006614,C69514,retail,8,SG,CA,143024.88,card,CP6587,sanctions_match,2,0
AL006615,C58450,business,18,BR,SG,14608.32,ach,CP6751,high_risk_geo,0,0
AL006616,C63261,retail,14,US,GB,17394.59,card,CP7727,high_risk_geo,0,0
AL006617,C19650,business,10,US,FR,5000.0,ach,CP2839,round_amount,2,0
AL006618,C55724,business,4,JP,JP,9332.65,ach,CP8212,high_risk_geo,3,1
AL006619,C10445,retail,5,NG,AU,9344.72,ach,CP9300,structuring,0,1
AL006620,C73477,retail,15,FR,AU,37834.83,card,CP1201,pep_match,1,0
AL006621,C45453,retail,21,SG,AU,15959.54,wire,CP2609,high_risk_geo,2,0
AL006622,C13860,retail,18,JP,AU,35093.14,wire,CP7521,dormant_reactivation,1,0
AL006623,C43910,private,22,MX,NG,200889.2,cash,CP8672,sanctions_match,0,0
AL006624,C69878,business,13,ZA,DE,41617.99,ach,CP3850,dormant_reactivation,0,0
AL006625,C46484,retail,2,GB,CA,9718.42,wire,CP6182,high_risk_geo,0,0
AL006626,C71326,retail,19,BR,FR,47084.21,wire,CP3095,pep_match,2,1
AL006627,C12584,business,21,GB,FR,7916.81,ach,CP6222,structuring,1,0
AL006628,C36284,retail,16,GB,AE,99916.98,ach,CP6414,sanctions_match,0,0
AL006629,C68639,business,3,FR,TR,5000.0,card,CP7078,round_amount,1,0
AL006630,C88627,business,8,US,NG,4784.88,ach,CP5899,pep_match,0,0
AL006631,C19030,retail,11,JP,JP,10644.95,card,CP4030,high_risk_geo,0,0
AL006632,C66334,private,2,GB,KP,4043.18,ach,CP9427,velocity,0,0
AL006633,C28137,retail,2,AU,SG,9706.46,wire,CP8625,structuring,0,0
AL006634,C59643,retail,6,AU,SG,161268.46,card,CP3440,sanctions_match,0,0
AL006635,C27409,retail,1,US,SG,124701.93,ach,CP2463,sanctions_match,0,0
AL006636,C93669,private,18,US,DE,31061.27,ach,CP5127,pep_match,1,0
AL006637,C97970,private,23,CA,US,181365.26,card,CP1095,high_risk_geo,3,0
AL006638,C65547,retail,11,AU,JP,5000.0,wire,CP5101,round_amount,0,0
AL006639,C62168,retail,7,AU,MX,9305.72,wire,CP2293,structuring,2,0
AL006640,C41037,private,25,ZA,MX,28404.36,ach,CP9891,dormant_reactivation,0,0
AL006641,C45281,business,21,US,GB,19403.27,wire,CP9335,pep_match,3,0
AL006642,C52955,retail,21,CA,AU,3476.2,ach,CP2341,dormant_reactivation,0,0
AL006643,C80933,retail,16,DE,SG,2088.59,card,CP4147,velocity,0,0
AL006644,C52961,business,19,FR,AU,1610.19,wire,CP7678,velocity,1,0
AL006645,C44435,retail,17,FR,DE,24236.75,card,CP7885,high_risk_geo,0,0
AL006646,C30208,retail,4,ZA,AE,25479.91,cash,CP9911,dormant_reactivation,3,0
AL006647,C31662,business,19,SG,DE,8290.82,card,CP6133,structuring,3,0
AL006648,C16885,retail,8,JP,FR,44692.83,wire,CP1226,dormant_reactivation,0,0
AL006649,C97007,private,4,SG,BR,46760.17,wire,CP2768,dormant_reactivation,1,1
AL006650,C61279,retail,11,AU,GB,26203.66,card,CP5600,pep_match,0,0
AL006651,C90493,retail,14,US,DE,24982.95,card,CP8840,high_risk_geo,1,1
AL006652,C18714,private,25,AE,VE,8180.2,wire,CP3639,structuring,3,1
AL006653,C57728,retail,17,SG,GB,4344.6,ach,CP5745,velocity,0,0
AL006654,C57412,retail,13,JP,GB,47820.77,card,CP6250,dormant_reactivation,0,0
AL006655,C37987,retail,14,SG,FR,7808.31,ach,CP5545,structuring,0,1
AL006656,C13418,retail,1,DE,AE,34761.63,cash,CP3022,pep_match,0,0
AL006657,C11214,business,21,GB,CA,50000.0,wire,CP3148,round_amount,3,0
AL006658,C17454,retail,18,JP,SG,23548.16,ach,CP7576,high_risk_geo,0,1
AL006659,C82562,retail,7,CA,AU,5000.0,ach,CP3175,round_amount,0,0
AL006660,C47611,business,9,DE,US,39982.88,wire,CP1688,pep_match,0,0
AL006661,C35508,retail,5,ZA,US,5000.0,wire,CP4666,round_amount,0,0
AL006662,C39638,business,16,ZA,MX,100000.0,ach,CP5165,round_amount,1,0
AL006663,C65059,retail,13,FR,JP,17036.13,ach,CP3151,high_risk_geo,0,0
AL006664,C32475,business,7,JP,SG,8917.59,wire,CP4115,structuring,0,0
AL006665,C81890,business,17,AU,SG,24097.27,cash,CP3847,dormant_reactivation,0,0
AL006666,C22429,retail,19,CA,CA,40150.85,card,CP3254,dormant_reactivation,3,0
AL006667,C48675,retail,18,JP,DE,8572.94,ach,CP7383,structuring,2,0
AL006668,C89956,retail,21,SG,FR,5000.0,ach,CP7098,round_amount,8,0
AL006669,C29082,retail,8,BR,SG,8383.41,wire,CP4169,structuring,0,0
AL006670,C60184,business,17,DE,FR,8434.51,ach,CP9103,structuring,3,0
AL006671,C18464,retail,6,MX,JP,24110.81,wire,CP7239,dormant_reactivation,0,0
AL006672,C28279,retail,2,BR,US,24193.39,ach,CP8812,dormant_reactivation,2,0
AL006673,C42544,retail,0,GB,JP,317.84,card,CP7731,velocity,0,0
AL006674,C63910,retail,18,VE,FR,47536.18,ach,CP2305,dormant_reactivation,0,0
AL006675,C74501,business,2,GB,FR,5000.0,card,CP2851,round_amount,0,0
AL006676,C63447,business,18,SG,JP,10000.0,card,CP8124,round_amount,0,0
AL006677,C59677,retail,8,GB,GB,29131.01,cash,CP9492,pep_match,0,0
AL006678,C36805,retail,18,AU,DE,4079.77,ach,CP4370,velocity,0,0
AL006679,C10568,retail,7,US,MM,4859.0,ach,CP1105,velocity,0,0
AL006680,C21438,retail,20,DE,CA,13336.32,ach,CP8158,high_risk_geo,0,0
AL006681,C32463,retail,24,CA,US,27546.18,ach,CP1444,dormant_reactivation,5,0
AL006682,C71782,retail,12,GB,DE,48518.84,card,CP7127,dormant_reactivation,0,0
AL006683,C94406,retail,10,FR,JP,21574.45,wire,CP5964,high_risk_geo,0,1
AL006684,C91899,retail,19,NG,BR,28388.32,ach,CP9246,sanctions_match,0,0
AL006685,C49023,private,11,MX,SY,241161.4,wire,CP2031,high_risk_geo,8,0
AL006686,C89293,business,20,AU,AU,86954.09,ach,CP9359,sanctions_match,0,0
AL006687,C17744,business,18,DE,DE,17469.79,wire,CP1136,high_risk_geo,2,0
AL006688,C30936,retail,6,JP,MX,8157.29,card,CP4454,structuring,2,0
AL006689,C93511,retail,25,BR,SG,4253.72,cash,CP1114,velocity,0,0
AL006690,C86215,retail,22,BR,US,9410.12,ach,CP8494,structuring,0,0
AL006691,C27612,retail,19,US,AU,50000.0,wire,CP6844,round_amount,2,0
AL006692,C30557,retail,19,SG,SG,46362.13,card,CP4666,dormant_reactivation,1,0
AL006693,C56816,business,12,ZA,NG,2609.85,ach,CP6231,velocity,0,0
AL006694,C13226,retail,22,JP,IR,8420.53,ach,CP5148,structuring,0,0
AL006695,C89192,business,6,US,JP,8621.61,card,CP3990,structuring,0,0
AL006696,C58219,retail,3,SG,GB,25846.2,cash,CP4780,pep_match,0,0
AL006697,C74869,retail,10,GB,BR,5463.37,ach,CP9709,high_risk_geo,0,0
AL006698,C97598,business,8,JP,FR,40376.57,ach,CP7064,pep_match,0,0
AL006699,C39690,business,10,FR,AU,9856.67,card,CP6404,structuring,3,1
AL006700,C61167,private,12,MX,US,2778.88,wire,CP7448,pep_match,0,0
AL006701,C68965,business,18,CA,DE,158640.07,ach,CP8516,sanctions_match,1,1
AL006702,C68772,retail,25,BR,AE,1885.03,card,CP4404,pep_match,3,1
AL006703,C54639,private,10,KP,AU,16724.39,wire,CP8688,pep_match,0,0
AL006704,C90206,retail,2,JP,TR,4762.91,wire,CP1991,velocity,2,0
AL006705,C47576,retail,21,AU,SG,100000.0,wire,CP3661,round_amount,2,0
AL006706,C96670,retail,7,AE,AE,8025.03,cash,CP3863,structuring,0,0
AL006707,C85510,retail,16,AU,SG,37033.5,ach,CP5537,dormant_reactivation,2,0
AL006708,C78722,retail,3,US,DE,7806.85,ach,CP6822,high_risk_geo,2,0
AL006709,C86854,retail,11,AU,ZA,159661.29,wire,CP8238,sanctions_match,0,1
AL006710,C15044,business,15,CA,NG,50000.0,wire,CP2677,round_amount,0,0
AL006711,C58145,retail,15,AE,SG,9654.53,ach,CP2967,structuring,0,0
AL006712,C68465,retail,19,CA,DE,25129.92,ach,CP8608,dormant_reactivation,0,0
AL006713,C76340,retail,21,NG,JP,19462.51,ach,CP8112,pep_match,1,0
AL006714,C95242,retail,9,GB,AU,10000.0,cash,CP2193,round_amount,0,0
AL006715,C66899,retail,6,CA,BR,14394.41,ach,CP5233,sanctions_match,0,0
AL006716,C80035,retail,12,FR,SG,114701.76,ach,CP8971,sanctions_match,0,0
AL006717,C55938,business,13,DE,FR,100000.0,ach,CP2090,round_amount,0,0
AL006718,C89635,business,17,GB,SG,7974.1,card,CP1013,structuring,0,1
AL006719,C37762,retail,3,AU,GB,21584.8,wire,CP5698,high_risk_geo,0,0
AL006720,C20857,retail,19,JP,CA,9465.58,ach,CP9151,structuring,3,0
AL006721,C47895,retail,16,AE,JP,18301.47,ach,CP4847,high_risk_geo,2,0
AL006722,C90155,business,18,AU,FR,99099.06,ach,CP2676,sanctions_match,0,0
AL006723,C74545,business,8,SG,SG,17341.3,ach,CP3049,high_risk_geo,0,0
AL006724,C71187,retail,25,DE,SG,677.11,cash,CP2647,velocity,0,0
AL006725,C53770,retail,21,SG,JP,20973.78,wire,CP3305,dormant_reactivation,0,1
AL006726,C27024,retail,14,JP,MX,7897.99,cash,CP2954,structuring,3,0
AL006727,C71804,retail,18,DE,SG,46104.37,ach,CP5751,pep_match,0,0
AL006728,C83948,retail,5,CA,TR,9291.41,wire,CP9035,structuring,1,0
AL006729,C22078,business,1,TR,US,33335.62,card,CP1779,sanctions_match,8,0
AL006730,C43426,business,20,DE,CA,9090.42,ach,CP6563,structuring,1,0
AL006731,C33077,retail,9,NG,NG,13252.96,ach,CP4314,high_risk_geo,0,0
AL006732,C92969,retail,15,SG,DE,56068.32,card,CP4337,sanctions_match,0,1
AL006733,C44346,retail,22,FR,TR,9030.57,cash,CP6835,structuring,0,0
AL006734,C83827,retail,12,GB,JP,2769.69,ach,CP9498,velocity,0,0
AL006735,C95038,business,19,AE,GB,30988.6,ach,CP6701,dormant_reactivation,1,0
AL006736,C54242,retail,25,SG,JP,44764.43,ach,CP3420,pep_match,0,0
AL006737,C42790,retail,6,JP,GB,226981.16,ach,CP1362,sanctions_match,0,0
AL006738,C30200,private,6,MX,NG,149331.49,ach,CP6495,sanctions_match,0,1
AL006739,C48310,business,10,US,DE,39317.31,ach,CP7108,dormant_reactivation,0,0
AL006740,C79312,retail,25,SG,SG,8833.1,card,CP8624,structuring,0,0
AL006741,C25166,retail,9,SG,AU,647.26,ach,CP2321,velocity,0,0
AL006742,C41952,retail,18,US,TR,33819.95,card,CP7171,dormant_reactivation,0,0
AL006743,C31405,retail,5,GB,CA,241571.49,ach,CP2704,sanctions_match,1,0
AL006744,C27415,retail,25,JP,US,6654.61,ach,CP5086,pep_match,0,0
AL006745,C30896,retail,6,JP,SG,21276.28,ach,CP4775,high_risk_geo,0,0
AL006746,C28871,business,6,AU,US,5305.08,ach,CP5977,sanctions_match,3,0
AL006747,C51482,business,6,JP,AU,835.88,card,CP8915,velocity,2,0
AL006748,C55627,retail,12,CA,US,7742.42,ach,CP2609,high_risk_geo,1,0
AL006749,C65664,retail,19,US,GB,24294.11,wire,CP8657,dormant_reactivation,0,0
AL006750,C28011,business,4,GB,JP,4522.18,ach,CP5904,velocity,0,0
AL006751,C99220,retail,15,GB,DE,7146.93,ach,CP3088,dormant_reactivation,2,0
AL006752,C20976,retail,12,SG,JP,49195.42,wire,CP2886,pep_match,0,0
AL006753,C31524,private,16,SG,VE,8900.91,card,CP9401,structuring,0,1
AL006754,C79692,retail,0,SG,FR,13539.61,ach,CP5243,pep_match,2,0
AL006755,C81124,retail,2,NG,ZA,8324.93,ach,CP3801,structuring,1,1
AL006756,C39952,retail,9,FR,JP,8943.17,ach,CP4501,structuring,0,0
AL006757,C60070,retail,7,FR,CA,42514.53,ach,CP4648,pep_match,0,0
AL006758,C70045,business,22,MM,NG,226496.65,ach,CP8119,sanctions_match,1,0
AL006759,C50208,retail,2,JP,SG,43168.91,ach,CP4693,sanctions_match,1,0
AL006760,C86973,business,14,CA,US,21908.33,wire,CP7095,pep_match,1,0
AL006761,C26418,business,13,VE,DE,8939.05,ach,CP7368,structuring,1,1
AL006762,C71895,retail,7,AU,DE,41855.33,wire,CP9122,pep_match,0,1
AL006763,C54990,business,2,FR,DE,8493.09,cash,CP6601,structuring,0,0
AL006764,C61048,retail,24,SG,US,50000.0,ach,CP6799,round_amount,0,0
AL006765,C19973,business,17,JP,AU,8972.48,cash,CP1742,structuring,0,0
AL006766,C64845,retail,11,SG,JP,21658.19,card,CP1868,high_risk_geo,0,0
AL006767,C21327,retail,15,GB,NG,5499.35,ach,CP8905,high_risk_geo,0,0
AL006768,C95476,retail,14,TR,JP,231580.66,ach,CP3460,sanctions_match,0,0
AL006769,C63088,business,8,AU,AE,23368.87,card,CP3069,high_risk_geo,0,0
AL006770,C89336,private,8,NG,RU,35740.85,ach,CP6857,pep_match,1,0
AL006771,C18670,private,16,AU,FR,90419.92,cash,CP2745,high_risk_geo,8,1
AL006772,C46801,retail,7,JP,AU,212737.72,ach,CP1380,sanctions_match,1,0
AL006773,C12708,retail,25,GB,GB,7228.99,ach,CP2365,dormant_reactivation,0,0
AL006774,C18162,retail,19,GB,DE,37922.0,card,CP9390,dormant_reactivation,1,0
AL006775,C37544,retail,25,DE,SG,23429.35,wire,CP8618,dormant_reactivation,0,0
AL006776,C36261,retail,0,AU,SG,50000.0,ach,CP5382,round_amount,1,0
AL006777,C42957,private,11,MX,SY,1670.02,wire,CP6568,velocity,1,0
AL006778,C11714,retail,21,AU,GB,3660.89,ach,CP2698,pep_match,0,0
AL006779,C71838,business,4,FR,JP,23575.21,ach,CP3929,dormant_reactivation,0,0
AL006780,C44644,retail,5,GB,JP,3424.53,ach,CP3335,velocity,1,0
AL006781,C99464,retail,19,FR,SG,4470.93,wire,CP3286,velocity,0,0
AL006782,C42663,business,6,FR,AU,4630.49,ach,CP5656,velocity,0,0
AL006783,C35969,retail,22,GB,GB,2073.12,ach,CP8897,velocity,0,0
AL006784,C42178,private,8,TR,FR,7837.49,card,CP7060,dormant_reactivation,3,0
AL006785,C46079,retail,20,CA,US,20386.54,ach,CP9044,high_risk_geo,1,0
AL006786,C29364,retail,21,GB,SG,8374.06,ach,CP3973,structuring,0,0
AL006787,C20782,retail,6,VE,KP,8880.58,ach,CP5364,structuring,1,1
AL006788,C17124,retail,21,ZA,JP,8827.47,ach,CP2454,structuring,0,1
AL006789,C43663,retail,14,NG,GB,8315.19,ach,CP4148,pep_match,0,1
AL006790,C85093,business,5,ZA,BR,15570.46,card,CP9262,dormant_reactivation,3,0
AL006791,C85075,retail,15,FR,FR,3075.46,ach,CP3049,velocity,2,0
AL006792,C11771,private,0,CA,AE,143242.24,cash,CP3252,high_risk_geo,3,1
AL006793,C73868,retail,11,GB,US,20660.72,wire,CP7002,high_risk_geo,1,1
AL006794,C20229,retail,3,MX,CA,6875.05,ach,CP7560,dormant_reactivation,0,0
AL006795,C50259,retail,13,ZA,AU,15456.5,wire,CP7642,dormant_reactivation,0,0
AL006796,C90038,private,2,CA,SG,100000.0,ach,CP9913,round_amount,0,0
AL006797,C34953,retail,15,SG,TR,11743.44,ach,CP1749,high_risk_geo,1,0
AL006798,C39855,private,8,AE,RU,3718.81,wire,CP8244,velocity,3,0
AL006799,C98973,private,13,US,NG,230882.01,wire,CP2875,sanctions_match,1,0
AL006800,C44087,retail,13,AE,AE,9082.2,cash,CP5583,high_risk_geo,0,0
AL006801,C53917,retail,24,SG,ZA,33024.22,wire,CP6258,dormant_reactivation,0,0
AL006802,C96617,retail,19,JP,JP,5000.0,wire,CP3377,round_amount,1,0
AL006803,C15729,business,3,AU,GB,14185.58,ach,CP9392,dormant_reactivation,0,0
AL006804,C97890,retail,20,CA,GB,25000.0,ach,CP8339,round_amount,0,0
AL006805,C29662,retail,14,JP,GB,7375.57,ach,CP8192,high_risk_geo,0,0
AL006806,C80704,retail,11,MX,NG,19094.78,ach,CP1906,high_risk_geo,0,0
AL006807,C31606,retail,20,SG,AU,8321.83,ach,CP9597,structuring,0,0
AL006808,C99758,retail,22,GB,DE,5432.03,card,CP4193,high_risk_geo,0,0
AL006809,C54515,private,10,MX,US,50000.0,ach,CP2600,round_amount,0,0
AL006810,C28086,retail,13,GB,CA,3102.55,wire,CP3133,velocity,0,0
AL006811,C56273,retail,20,AU,GB,8253.78,ach,CP1950,structuring,0,0
AL006812,C82216,business,23,NG,ZA,874.63,wire,CP7358,velocity,0,0
AL006813,C71563,business,5,NG,GB,90676.45,ach,CP6714,sanctions_match,8,0
AL006814,C31799,business,18,TR,DE,24349.67,wire,CP2452,dormant_reactivation,8,0
AL006815,C42379,private,12,GB,BR,25464.2,ach,CP6269,pep_match,0,0
AL006816,C41707,retail,15,AU,AU,25000.0,wire,CP8561,round_amount,2,0
AL006817,C98598,business,14,SG,CA,49782.93,wire,CP3733,pep_match,0,0
AL006818,C59755,business,2,AU,TR,16433.09,ach,CP9653,dormant_reactivation,0,0
AL006819,C36656,retail,11,AU,GB,193147.67,wire,CP8671,sanctions_match,0,0
AL006820,C25105,retail,15,FR,US,5000.0,wire,CP2447,round_amount,2,0
AL006821,C90170,retail,3,AU,GB,48773.99,ach,CP3756,pep_match,0,0
AL006822,C33427,retail,7,MX,SG,3949.09,card,CP9016,velocity,0,0
AL006823,C21800,retail,17,US,GB,8795.35,wire,CP2461,high_risk_geo,0,0
AL006824,C28583,retail,24,AU,GB,43114.87,ach,CP8292,pep_match,1,0
AL006825,C75472,business,6,DE,GB,1557.01,card,CP3943,velocity,2,0
AL006826,C19935,retail,4,CA,JP,50000.0,card,CP3975,round_amount,0,0
AL006827,C86802,retail,25,MX,CA,17741.31,ach,CP7181,dormant_reactivation,3,0
AL006828,C94620,retail,25,SG,DE,78752.24,wire,CP9023,sanctions_match,1,0
AL006829,C74394,private,10,JP,CA,8208.8,card,CP5293,structuring,0,1
AL006830,C35619,private,9,SY,FR,85797.71,ach,CP4133,high_risk_geo,0,1
AL006831,C27931,retail,1,US,AE,3631.68,wire,CP6974,velocity,0,0
AL006832,C77309,retail,7,GB,JP,50000.0,cash,CP1531,round_amount,2,0
AL006833,C41979,retail,9,JP,SG,86045.36,card,CP6939,sanctions_match,5,1
AL006834,C45574,retail,25,AU,JP,9437.73,cash,CP1113,structuring,0,0
AL006835,C85383,retail,1,GB,CA,165159.31,cash,CP1622,sanctions_match,0,0
AL006836,C97294,retail,23,AU,SG,9000.16,ach,CP9519,structuring,0,0
AL006837,C24429,retail,6,CA,JP,12257.6,card,CP6829,dormant_reactivation,0,0
AL006838,C21156,private,9,BR,AU,198791.81,wire,CP8898,sanctions_match,1,0
AL006839,C41472,business,10,FR,JP,8899.45,wire,CP9228,structuring,3,1
AL006840,C52604,retail,18,US,GB,8762.69,ach,CP9487,structuring,0,0
AL006841,C33607,retail,6,SG,NG,42885.85,ach,CP6267,pep_match,0,0
AL006842,C39462,private,20,FR,RU,100000.0,card,CP3061,round_amount,0,0
AL006843,C74843,retail,23,SG,CA,437.05,ach,CP8462,velocity,2,0
AL006844,C19042,retail,24,AU,SG,15388.82,cash,CP8824,high_risk_geo,0,0
AL006845,C94902,business,17,CA,FR,8341.1,cash,CP8379,structuring,1,0
AL006846,C77494,retail,25,BR,DE,15295.03,cash,CP1045,dormant_reactivation,3,0
AL006847,C82248,retail,3,SG,AU,11254.14,ach,CP8368,pep_match,0,0
AL006848,C50495,private,2,SG,MX,8977.88,ach,CP1002,structuring,0,0
AL006849,C19377,retail,1,KP,FR,7861.27,ach,CP9408,structuring,1,1
AL006850,C11170,retail,2,CA,JP,248852.98,ach,CP6024,sanctions_match,0,1
AL006851,C96390,retail,22,SG,ZA,4187.45,ach,CP7480,velocity,1,0
AL006852,C51209,retail,0,MX,TR,3557.27,ach,CP6559,pep_match,2,0
AL006853,C96489,retail,25,AU,SG,128395.08,wire,CP1420,sanctions_match,0,1
AL006854,C21491,business,22,US,VE,11224.34,card,CP9869,high_risk_geo,0,0
AL006855,C26550,private,16,GB,GB,25000.0,wire,CP5387,round_amount,0,0
AL006856,C40448,retail,9,US,CA,39090.31,card,CP7502,pep_match,2,0
AL006857,C68884,business,15,JP,FR,17729.72,wire,CP8274,high_risk_geo,0,0
AL006858,C50180,retail,12,JP,AU,168131.1,card,CP3637,sanctions_match,0,0
AL006859,C75502,private,4,SG,AU,8550.93,cash,CP9218,structuring,0,0
AL006860,C46836,retail,24,CA,FR,4718.53,card,CP3522,velocity,0,0
AL006861,C80539,retail,19,GB,NG,16980.92,ach,CP1096,high_risk_geo,1,0
AL006862,C70272,retail,5,SG,CA,2672.62,ach,CP4375,velocity,1,0
AL006863,C63299,retail,19,JP,CA,25000.0,card,CP8576,round_amount,0,0
AL006864,C22070,business,4,SG,DE,28767.53,ach,CP2701,dormant_reactivation,2,0
AL006865,C12046,retail,11,US,TR,46320.99,ach,CP7809,pep_match,1,0
AL006866,C21684,retail,0,FR,FR,63615.85,cash,CP8375,sanctions_match,0,1
AL006867,C95896,business,4,US,FR,10000.0,card,CP5233,round_amount,1,0
AL006868,C27653,retail,17,SG,DE,37509.75,ach,CP9358,pep_match,0,0
AL006869,C59154,private,15,FR,JP,89802.43,ach,CP2720,high_risk_geo,1,0
AL006870,C25524,retail,11,SG,CA,20091.82,card,CP2404,dormant_reactivation,1,0
AL006871,C63247,retail,23,SG,SG,13107.28,card,CP2916,dormant_reactivation,1,0
AL006872,C92479,retail,25,US,SG,10000.0,card,CP6878,round_amount,0,0
AL006873,C73475,retail,23,FR,DE,147462.1,wire,CP5750,sanctions_match,1,0
AL006874,C55104,retail,12,AU,FR,7934.14,ach,CP1991,structuring,0,0
AL006875,C87161,retail,5,CA,IR,1377.19,card,CP1614,velocity,0,0
AL006876,C77188,business,6,AU,FR,8633.65,wire,CP3086,structuring,0,0
AL006877,C28326,retail,6,JP,DE,42027.7,ach,CP5153,dormant_reactivation,0,0
AL006878,C36518,retail,1,SG,IR,7946.76,ach,CP9931,structuring,2,1
AL006879,C33676,business,0,AU,NG,14955.0,ach,CP3171,high_risk_geo,0,0
AL006880,C58462,business,19,AU,GB,31529.03,wire,CP6991,pep_match,1,0
AL006881,C87458,business,21,GB,FR,5000.0,ach,CP6149,round_amount,1,0
AL006882,C29450,retail,19,CA,SG,1245.71,wire,CP6849,velocity,0,0
AL006883,C58938,private,3,AU,AU,13534.66,card,CP4576,dormant_reactivation,0,0
AL006884,C46181,retail,11,US,SG,5000.0,ach,CP1098,round_amount,0,0
AL006885,C83122,retail,22,AU,FR,4741.0,card,CP4102,dormant_reactivation,8,0
AL006886,C79175,retail,4,AU,AU,3526.1,wire,CP5454,velocity,0,0
AL006887,C35432,retail,5,SG,US,2880.76,wire,CP7579,velocity,0,0
AL006888,C41204,business,5,AU,AU,37215.23,wire,CP7356,pep_match,8,0
AL006889,C92635,business,6,AU,GB,14366.93,ach,CP4792,dormant_reactivation,2,0
AL006890,C84623,business,14,AU,SG,4620.19,card,CP9568,velocity,0,0
AL006891,C59151,business,8,BR,FR,1074.81,wire,CP7235,velocity,0,0
AL006892,C80648,retail,20,SG,SG,10000.0,wire,CP2722,round_amount,0,0
AL006893,C92986,private,22,TR,SG,26867.14,ach,CP4904,pep_match,0,0
AL006894,C69450,retail,25,TR,AU,10000.0,card,CP9665,round_amount,1,0
AL006895,C82238,retail,17,AU,AU,5000.0,wire,CP9952,round_amount,0,0
AL006896,C74258,business,11,SG,DE,6292.95,wire,CP7827,high_risk_geo,0,0
AL006897,C96702,business,5,GB,CA,9761.43,ach,CP7247,structuring,5,0
AL006898,C25110,private,18,AU,US,122005.17,ach,CP4586,sanctions_match,0,0
AL006899,C67526,retail,20,SG,DE,8152.46,wire,CP2420,structuring,0,0
AL006900,C42595,retail,19,NG,US,9473.66,wire,CP3323,structuring,0,0
AL006901,C35587,retail,22,NG,GB,948.45,ach,CP4036,velocity,2,0
AL006902,C82453,business,10,GB,BR,167562.56,card,CP1128,sanctions_match,0,0
AL006903,C69251,retail,16,NG,MX,40109.39,ach,CP1845,sanctions_match,0,0
AL006904,C60624,retail,16,TR,AU,50000.0,ach,CP2735,round_amount,0,0
AL006905,C23502,retail,14,SG,TR,8167.96,wire,CP6864,structuring,3,0
AL006906,C52330,retail,19,JP,US,50000.0,card,CP5658,round_amount,2,0
AL006907,C73488,retail,5,JP,ZA,7011.65,ach,CP3040,dormant_reactivation,3,0
AL006908,C82935,business,1,JP,CA,100000.0,ach,CP5476,round_amount,8,1
AL006909,C55321,retail,13,FR,ZA,1995.78,ach,CP7824,dormant_reactivation,0,0
AL006910,C25065,retail,17,SG,GB,9320.37,ach,CP9684,structuring,0,0
AL006911,C62512,retail,5,DE,DE,155180.06,cash,CP9359,sanctions_match,0,1
AL006912,C74158,retail,17,CA,SG,5158.92,wire,CP3517,pep_match,0,0
AL006913,C85430,retail,22,US,FR,8138.99,wire,CP2415,structuring,0,0
AL006914,C99369,retail,18,US,CA,27872.9,wire,CP3452,dormant_reactivation,0,0
AL006915,C51553,business,13,NG,CA,25000.0,wire,CP5141,round_amount,0,0
AL006916,C15329,retail,21,US,GB,188096.05,cash,CP8378,sanctions_match,2,0
AL006917,C51989,retail,8,GB,AU,8176.47,ach,CP6975,structuring,1,0
AL006918,C30846,retail,18,NG,SG,20476.41,ach,CP4847,high_risk_geo,1,0
AL006919,C68125,retail,8,FR,SG,43916.26,ach,CP6737,dormant_reactivation,3,0
AL006920,C11016,retail,4,MM,AU,24234.69,ach,CP3321,pep_match,0,0
AL006921,C58384,business,9,JP,CA,110488.0,ach,CP7701,sanctions_match,0,0
AL006922,C43992,retail,8,AE,BR,33251.86,wire,CP6911,pep_match,2,0
AL006923,C79938,business,18,AE,GB,9553.8,ach,CP5414,structuring,2,1
AL006924,C60678,business,17,SG,DE,112324.54,card,CP8948,sanctions_match,0,0
AL006925,C26510,business,19,US,AU,22923.4,cash,CP9466,high_risk_geo,0,0
AL006926,C59528,retail,8,GB,DE,31103.99,card,CP8289,dormant_reactivation,0,0
AL006927,C67132,retail,21,US,GB,9699.36,wire,CP8124,structuring,2,0
AL006928,C63356,private,24,AU,AU,1946.39,ach,CP4297,velocity,1,0
AL006929,C67727,retail,14,DE,SG,2679.66,ach,CP6766,velocity,0,0
AL006930,C44685,retail,4,KP,CA,9088.47,ach,CP9603,structuring,5,1
AL006931,C52570,retail,7,AU,MM,238636.03,ach,CP5386,sanctions_match,0,0
AL006932,C77073,business,17,AU,NG,8510.39,card,CP2174,structuring,0,1
AL006933,C66621,business,14,AU,SG,7632.58,ach,CP1453,dormant_reactivation,5,0
AL006934,C52927,retail,19,US,JP,8581.07,card,CP3185,structuring,3,0
AL006935,C79670,retail,24,US,ZA,10000.0,wire,CP7622,round_amount,0,0
AL006936,C14284,retail,10,AU,JP,9499.66,ach,CP4432,high_risk_geo,2,1
AL006937,C49247,retail,19,CA,JP,20219.35,ach,CP5548,high_risk_geo,0,0
AL006938,C95762,business,14,ZA,DE,2687.31,wire,CP6340,velocity,8,0
AL006939,C67689,private,11,JP,KP,223771.44,wire,CP2530,high_risk_geo,2,0
AL006940,C19162,retail,12,RU,US,8056.77,wire,CP2689,structuring,0,0
AL006941,C98501,business,3,DE,SG,16163.21,cash,CP1129,pep_match,5,0
AL006942,C93712,retail,9,GB,AU,152957.46,wire,CP8761,sanctions_match,2,0
AL006943,C16155,retail,23,US,AU,9155.17,card,CP5248,structuring,2,0
AL006944,C12565,retail,12,FR,AE,10000.0,wire,CP1808,round_amount,0,0
AL006945,C37755,private,17,FR,IR,30917.56,card,CP1636,pep_match,0,0
AL006946,C94651,retail,24,SG,DE,201043.33,cash,CP4265,sanctions_match,0,1
AL006947,C48801,private,8,CA,TR,5000.0,cash,CP5152,round_amount,3,0
AL006948,C45305,retail,13,AU,AU,8305.24,ach,CP6353,structuring,2,0
AL006949,C26416,business,21,GB,BR,9758.0,card,CP3747,structuring,1,1
AL006950,C51850,retail,18,US,AU,5000.0,card,CP6018,round_amount,2,0
AL006951,C48928,retail,14,GB,JP,1456.47,ach,CP3726,velocity,3,0
AL006952,C10844,business,15,DE,DE,10138.67,card,CP1926,high_risk_geo,0,0
AL006953,C70152,retail,1,FR,TR,5000.0,cash,CP2831,round_amount,1,0
AL006954,C96431,business,16,SG,JP,23531.71,wire,CP7595,high_risk_geo,2,0
AL006955,C55412,retail,1,TR,DE,100000.0,ach,CP9569,round_amount,0,0
AL006956,C10701,retail,15,DE,CA,48915.33,ach,CP5881,dormant_reactivation,1,0
AL006957,C16227,retail,14,MM,US,50000.0,wire,CP4069,round_amount,0,0
AL006958,C97786,retail,23,SG,US,20563.62,card,CP6447,high_risk_geo,0,0
AL006959,C19421,retail,22,SG,AU,9143.28,wire,CP1603,high_risk_geo,8,0
AL006960,C49231,private,11,DE,FR,239775.38,ach,CP3287,high_risk_geo,0,0
AL006961,C39779,retail,16,AU,US,34194.26,ach,CP7057,pep_match,0,0
AL006962,C15827,retail,21,CA,FR,19631.52,cash,CP3772,high_risk_geo,0,0
AL006963,C68673,retail,21,SG,US,4901.26,ach,CP8240,velocity,0,0
AL006964,C11219,retail,8,US,CA,7888.17,ach,CP4303,structuring,5,1
AL006965,C25717,retail,5,ZA,KP,231068.97,card,CP7587,sanctions_match,0,1
AL006966,C78602,retail,20,GB,DE,9125.35,card,CP6025,structuring,3,0
AL006967,C93877,business,19,JP,FR,852.63,wire,CP5291,velocity,1,0
AL006968,C40728,retail,16,JP,AE,15872.99,card,CP3275,high_risk_geo,0,0
AL006969,C93287,retail,25,CA,MX,39885.79,card,CP9701,sanctions_match,0,0
AL006970,C11230,business,1,SG,SG,3903.73,ach,CP7225,velocity,8,0
AL006971,C40896,retail,0,JP,BR,31653.93,card,CP3990,dormant_reactivation,8,0
AL006972,C76922,retail,9,CA,AE,24761.08,cash,CP7874,high_risk_geo,3,0
AL006973,C78758,retail,11,FR,DE,1708.49,card,CP5449,velocity,2,0
AL006974,C60572,business,20,SG,DE,1755.19,card,CP8852,velocity,0,0
AL006975,C20826,private,6,DE,FR,50000.0,ach,CP8210,round_amount,0,0
AL006976,C97998,business,15,MX,FR,16406.5,ach,CP9151,pep_match,0,0
AL006977,C78991,business,18,FR,KP,13233.42,wire,CP3774,high_risk_geo,0,0
AL006978,C17830,business,10,SG,DE,110754.45,ach,CP8185,sanctions_match,0,0
AL006979,C96566,retail,21,AE,CA,25000.0,card,CP2612,round_amount,0,0
AL006980,C68153,retail,22,JP,DE,215409.37,ach,CP6238,sanctions_match,3,1
AL006981,C35739,business,23,FR,SG,11526.25,card,CP8572,high_risk_geo,1,0
AL006982,C44300,private,23,CA,NG,128824.32,card,CP6817,sanctions_match,2,0
AL006983,C83493,business,23,MX,TR,125315.65,card,CP2952,sanctions_match,0,0
AL006984,C66707,retail,14,NG,NG,587.23,ach,CP8779,velocity,0,0
AL006985,C47137,retail,11,AU,GB,9149.43,wire,CP1675,structuring,0,1
AL006986,C45220,retail,25,SG,AU,432.49,ach,CP2935,velocity,1,0
AL006987,C88229,retail,25,AE,CA,35773.47,wire,CP8798,dormant_reactivation,0,0
AL006988,C99176,retail,4,JP,DE,17897.36,card,CP8536,high_risk_geo,2,0
AL006989,C93515,business,7,US,SY,19109.52,ach,CP8227,pep_match,1,0
AL006990,C10596,business,7,CA,SG,26843.16,ach,CP9830,pep_match,1,1
AL006991,C59072,private,18,ZA,ZA,7838.27,card,CP6123,structuring,0,0
AL006992,C28030,private,15,KP,MX,146891.77,ach,CP3187,high_risk_geo,0,1
AL006993,C24541,retail,23,MX,AU,40028.74,cash,CP7231,pep_match,0,0
AL006994,C86982,retail,2,FR,FR,9160.46,cash,CP2926,high_risk_geo,0,0
AL006995,C62517,retail,23,FR,GB,9938.29,ach,CP3527,structuring,0,0
AL006996,C18963,retail,16,SG,DE,12814.35,card,CP8127,high_risk_geo,0,0
AL006997,C76566,retail,15,GB,FR,242638.45,ach,CP8030,sanctions_match,0,0
AL006998,C29314,retail,5,AU,AU,8073.21,ach,CP4383,structuring,0,0
AL006999,C35408,retail,15,DE,FR,21035.95,ach,CP8177,pep_match,0,0
AL007000,C89808,retail,11,US,FR,32352.38,ach,CP7187,dormant_reactivation,0,0
AL007001,C98142,retail,8,CA,GB,9262.99,wire,CP3715,structuring,1,1
AL007002,C52161,retail,0,GB,AU,78273.78,wire,CP9267,sanctions_match,0,0
AL007003,C56097,retail,13,GB,DE,14749.27,card,CP1923,pep_match,2,0
AL007004,C20758,retail,12,DE,GB,8169.13,ach,CP6855,structuring,0,0
AL007005,C35182,retail,24,SG,SG,2191.53,ach,CP6511,velocity,2,0
AL007006,C72381,retail,1,FR,AU,14835.49,ach,CP7767,high_risk_geo,2,1
AL007007,C83507,business,4,JP,SG,5000.0,ach,CP2257,round_amount,1,0
AL007008,C25159,business,21,TR,US,13992.64,wire,CP6721,high_risk_geo,1,0
AL007009,C45925,retail,3,ZA,US,8175.46,ach,CP2869,structuring,0,0
AL007010,C78250,private,0,BR,SG,50000.0,wire,CP4773,round_amount,2,0
AL007011,C63664,retail,8,FR,BR,181628.27,ach,CP6890,sanctions_match,0,0
AL007012,C59722,retail,10,AU,MX,44680.05,card,CP8160,pep_match,8,0
AL007013,C70089,retail,2,CA,JP,5000.0,cash,CP5578,round_amount,1,0
AL007014,C15814,retail,0,FR,TR,16049.39,wire,CP1204,high_risk_geo,0,0
AL007015,C74677,retail,5,DE,FR,13233.89,ach,CP9573,pep_match,0,0
AL007016,C34635,retail,11,CA,AU,5000.0,cash,CP2393,round_amount,0,0
AL007017,C16906,retail,15,FR,AU,9416.6,wire,CP4185,dormant_reactivation,1,0
AL007018,C43347,retail,23,TR,GB,25000.0,cash,CP6389,round_amount,0,0
AL007019,C14846,retail,17,AU,ZA,20198.13,ach,CP8352,dormant_reactivation,0,0
AL007020,C79475,retail,25,FR,CA,5000.0,wire,CP5488,round_amount,0,0
AL007021,C93938,retail,16,JP,AU,7938.01,card,CP7699,structuring,1,1
AL007022,C43615,retail,13,GB,AU,9766.03,ach,CP5486,structuring,1,1
AL007023,C76897,retail,11,SG,SG,3304.56,wire,CP9216,pep_match,3,1
AL007024,C48701,retail,10,US,SG,15311.64,wire,CP2062,high_risk_geo,1,0
AL007025,C14691,business,23,GB,MX,9410.25,ach,CP8273,structuring,0,0
AL007026,C69723,retail,8,FR,US,48256.77,wire,CP2101,dormant_reactivation,0,1
AL007027,C33516,retail,6,JP,DE,29544.12,wire,CP1169,pep_match,0,1
AL007028,C21488,business,17,JP,ZA,160681.27,wire,CP7868,sanctions_match,3,1
AL007029,C46091,business,12,TR,AU,10000.0,cash,CP2154,round_amount,0,0
AL007030,C92424,business,1,AE,DE,13384.77,card,CP4825,dormant_reactivation,3,0
AL007031,C37207,business,0,ZA,SG,1198.73,cash,CP9119,pep_match,1,0
AL007032,C47795,retail,9,NG,CA,22397.1,card,CP1998,high_risk_geo,0,0
AL007033,C37849,retail,18,SG,BR,17173.53,card,CP3417,high_risk_geo,2,0
AL007034,C94520,private,24,VE,CA,115004.0,wire,CP7352,high_risk_geo,0,0
AL007035,C65884,retail,18,JP,DE,9817.1,card,CP6299,structuring,1,0
AL007036,C19666,retail,22,DE,GB,25000.0,card,CP6190,round_amount,0,0
AL007037,C71087,business,4,DE,US,9653.71,ach,CP9261,structuring,2,0
AL007038,C89405,retail,23,DE,CA,46554.55,ach,CP6107,pep_match,3,0
AL007039,C14001,retail,9,DE,MX,23596.73,ach,CP3218,dormant_reactivation,0,0
AL007040,C30370,retail,24,GB,DE,19834.34,wire,CP6604,high_risk_geo,1,0
AL007041,C49555,retail,3,TR,FR,21403.48,ach,CP8918,high_risk_geo,2,0
AL007042,C57052,retail,23,GB,JP,25000.0,card,CP3188,round_amount,0,0
AL007043,C30831,retail,8,US,FR,9228.96,ach,CP3585,structuring,0,0
AL007044,C41820,retail,17,US,TR,36649.84,wire,CP9037,pep_match,3,0
AL007045,C92118,retail,21,AU,JP,32528.3,ach,CP6461,pep_match,0,0
AL007046,C47138,business,5,JP,JP,50000.0,ach,CP5613,round_amount,0,0
AL007047,C10614,retail,8,IR,MX,8192.33,wire,CP4665,structuring,1,0
AL007048,C62633,business,23,CA,SG,11221.73,wire,CP3263,high_risk_geo,0,1
AL007049,C58113,retail,12,NG,BR,2693.33,card,CP6466,velocity,1,0
AL007050,C79788,retail,20,DE,TR,2465.84,wire,CP2495,velocity,2,0
AL007051,C60605,retail,5,JP,GB,2555.37,wire,CP3995,velocity,5,0
AL007052,C25338,private,7,SY,CA,5411.47,card,CP2784,dormant_reactivation,5,0
AL007053,C15858,retail,20,FR,ZA,50000.0,card,CP3869,round_amount,0,0
AL007054,C71032,retail,8,FR,DE,13497.39,ach,CP5578,dormant_reactivation,0,0
AL007055,C57462,retail,14,US,GB,36402.74,ach,CP6534,dormant_reactivation,0,0
AL007056,C31148,private,3,MX,DE,65064.97,ach,CP5910,sanctions_match,5,0
AL007057,C80625,retail,11,SG,AU,4008.68,wire,CP9792,velocity,1,0
AL007058,C45448,retail,4,CA,GB,6547.23,ach,CP2887,high_risk_geo,2,0
AL007059,C84456,business,7,CA,GB,9578.04,ach,CP1471,structuring,0,0
AL007060,C44699,retail,25,BR,SG,132911.16,wire,CP8359,sanctions_match,2,1
AL007061,C20516,retail,15,US,GB,25931.8,ach,CP9389,dormant_reactivation,1,0
AL007062,C71441,retail,22,SG,CA,4540.23,cash,CP4757,velocity,0,0
AL007063,C88067,private,16,MX,CA,1408.73,wire,CP2842,pep_match,0,0
AL007064,C75659,retail,17,US,AU,9428.97,ach,CP3579,structuring,1,0
AL007065,C66823,retail,12,CA,US,30269.11,ach,CP6597,pep_match,0,0
AL007066,C99382,business,25,JP,GB,1671.16,ach,CP1840,velocity,0,0
AL007067,C31057,retail,19,JP,JP,223336.67,card,CP9022,sanctions_match,5,0
AL007068,C47583,retail,24,JP,CA,1187.79,card,CP6718,velocity,0,0
AL007069,C72352,retail,13,GB,AU,42706.62,ach,CP9745,dormant_reactivation,1,0
AL007070,C89432,retail,14,SG,AE,2547.24,ach,CP1136,velocity,1,0
AL007071,C95913,retail,25,US,TR,127627.46,card,CP1609,sanctions_match,0,0
AL007072,C79582,retail,20,MX,AU,8003.47,ach,CP8748,structuring,0,1
AL007073,C60907,retail,18,GB,JP,147337.07,card,CP1994,sanctions_match,0,0
AL007074,C58419,retail,3,JP,VE,75166.42,ach,CP2880,sanctions_match,1,1
AL007075,C87333,retail,24,US,AE,2721.12,ach,CP2566,velocity,1,0
AL007076,C98945,private,5,CA,IR,142988.15,ach,CP7444,high_risk_geo,1,0
AL007077,C36900,business,7,FR,AE,14751.9,cash,CP3859,dormant_reactivation,1,0
AL007078,C53250,retail,24,US,SG,9485.83,ach,CP7615,structuring,0,0
AL007079,C89463,retail,24,AU,US,9318.86,ach,CP6507,structuring,0,0
AL007080,C64488,retail,22,FR,CA,100000.0,card,CP6687,round_amount,1,0
AL007081,C39676,business,7,CA,DE,19976.11,wire,CP1788,high_risk_geo,1,0
AL007082,C95704,business,5,AU,DE,14657.26,ach,CP2994,high_risk_geo,0,0
AL007083,C74669,retail,22,US,AU,30434.72,ach,CP5998,pep_match,1,0
AL007084,C77243,business,11,MX,CA,14829.17,ach,CP6688,high_risk_geo,0,0
AL007085,C29933,business,9,MX,GB,38907.73,cash,CP1902,sanctions_match,0,0
AL007086,C40418,retail,21,DE,DE,8924.76,wire,CP5194,structuring,1,1
AL007087,C33195,retail,17,SG,BR,11104.18,ach,CP6368,high_risk_geo,2,0
AL007088,C34619,retail,2,DE,CA,25000.0,ach,CP7981,round_amount,1,0
AL007089,C90977,business,17,BR,DE,9064.91,ach,CP1088,structuring,1,0
AL007090,C95328,retail,17,DE,CA,3730.27,card,CP9199,velocity,1,0
AL007091,C38704,private,12,AU,CA,3036.98,card,CP1745,velocity,2,0
AL007092,C20671,retail,12,MM,AU,573.58,ach,CP5033,dormant_reactivation,0,0
AL007093,C25701,retail,25,SG,DE,3764.66,wire,CP9249,pep_match,2,0
AL007094,C65837,retail,23,NG,SG,1829.63,wire,CP4510,velocity,0,0
AL007095,C15767,retail,18,MX,SG,7114.06,card,CP4557,dormant_reactivation,0,0
AL007096,C81611,retail,15,US,DE,8155.76,ach,CP9916,structuring,0,0
AL007097,C78483,retail,25,SG,MX,8191.7,wire,CP1888,structuring,0,0
AL007098,C73301,retail,3,SG,GB,200.11,card,CP9822,velocity,5,0
AL007099,C99728,retail,13,GB,ZA,36522.53,ach,CP2883,dormant_reactivation,1,0
AL007100,C19235,retail,10,AU,US,91378.56,ach,CP2671,sanctions_match,1,1
AL007101,C77909,retail,15,GB,GB,25000.0,wire,CP3217,round_amount,2,0
AL007102,C54974,retail,1,SG,JP,9811.76,wire,CP2672,structuring,0,0
AL007103,C31912,business,0,BR,AU,4566.15,wire,CP3500,velocity,0,0
AL007104,C28475,retail,19,JP,BR,9362.06,wire,CP2886,structuring,0,0
AL007105,C54613,retail,17,JP,FR,12883.04,wire,CP1394,high_risk_geo,2,0
AL007106,C20938,retail,19,CA,GB,114262.85,card,CP8923,sanctions_match,0,0
AL007107,C46812,retail,20,TR,US,5000.0,ach,CP6009,round_amount,0,0
AL007108,C73674,retail,23,AE,SG,47163.49,wire,CP4652,pep_match,0,0
AL007109,C82469,business,2,CA,FR,9687.81,wire,CP8820,structuring,0,0
AL007110,C25356,business,4,GB,MX,29271.89,ach,CP5755,pep_match,0,0
AL007111,C75569,retail,9,FR,US,4631.21,ach,CP1903,velocity,0,0
AL007112,C30481,retail,24,SG,SG,31566.07,ach,CP6196,dormant_reactivation,3,0
AL007113,C92218,retail,18,FR,CA,1808.89,card,CP2369,velocity,3,0
AL007114,C95671,retail,17,AE,FR,1738.97,wire,CP9281,dormant_reactivation,0,0
AL007115,C52765,business,24,JP,AU,4016.86,ach,CP5459,velocity,0,0
AL007116,C71581,retail,18,AU,AE,4960.6,wire,CP5859,velocity,1,0
AL007117,C69347,business,6,SG,CA,104743.88,card,CP5008,sanctions_match,0,0
AL007118,C72521,retail,7,DE,CA,9667.12,ach,CP4473,structuring,0,0
AL007119,C38687,retail,10,US,MX,35057.94,wire,CP8334,dormant_reactivation,1,0
AL007120,C15232,retail,22,KP,AE,22564.25,cash,CP5173,pep_match,0,1
AL007121,C23500,private,4,SY,FR,50000.0,card,CP4352,round_amount,3,0
AL007122,C68880,retail,7,US,GB,25000.0,wire,CP9753,round_amount,0,0
AL007123,C89955,retail,20,SG,TR,8334.46,ach,CP4023,structuring,2,0
AL007124,C83732,retail,21,JP,DE,9197.77,card,CP2825,structuring,0,0
AL007125,C27615,private,2,SG,DE,30854.43,ach,CP4502,dormant_reactivation,0,0
AL007126,C63571,retail,8,JP,DE,207629.14,card,CP7236,sanctions_match,3,0
AL007127,C92533,retail,0,TR,FR,2492.04,ach,CP8432,velocity,1,0
AL007128,C80949,business,0,US,US,28869.03,ach,CP6497,sanctions_match,1,0
AL007129,C72713,business,21,TR,US,8124.16,wire,CP9091,high_risk_geo,1,1
AL007130,C68329,retail,20,US,SG,1715.78,wire,CP3741,velocity,0,0
AL007131,C16732,private,20,AE,DE,2074.4,wire,CP3531,pep_match,1,1
AL007132,C19561,retail,22,FR,CA,100000.0,card,CP1940,round_amount,1,0
AL007133,C81539,private,6,NG,DE,8575.56,ach,CP4530,structuring,0,0
AL007134,C11401,business,8,DE,DE,9840.94,ach,CP1555,structuring,0,1
AL007135,C36282,private,15,SG,GB,3104.65,wire,CP4643,velocity,0,0
AL007136,C87911,business,0,SG,BR,10000.0,cash,CP6677,round_amount,1,0
AL007137,C24261,private,24,GB,SY,15754.81,ach,CP1290,dormant_reactivation,0,0
AL007138,C91165,retail,3,SG,AU,14631.43,ach,CP1812,high_risk_geo,0,0
AL007139,C62437,retail,20,ZA,AU,19089.81,wire,CP4527,pep_match,0,0
AL007140,C98482,retail,17,SG,JP,22854.16,wire,CP2755,pep_match,2,0
AL007141,C62967,business,15,DE,AU,3172.49,ach,CP3258,pep_match,2,0
AL007142,C97933,retail,6,KP,FR,10000.0,ach,CP3227,round_amount,3,0
AL007143,C91356,retail,2,SG,AU,9919.3,wire,CP5237,structuring,2,0
AL007144,C75168,business,23,SG,FR,18227.51,cash,CP7095,high_risk_geo,0,0
AL007145,C12547,private,25,MX,MX,21416.49,ach,CP9303,dormant_reactivation,1,0
AL007146,C56485,retail,6,CA,US,19094.18,wire,CP7284,dormant_reactivation,2,0
AL007147,C88714,retail,10,FR,US,12053.69,card,CP7004,high_risk_geo,0,1
AL007148,C28272,retail,13,MM,CA,5000.0,cash,CP7295,round_amount,0,0
AL007149,C49926,retail,24,ZA,CA,14940.23,ach,CP9990,high_risk_geo,3,0
AL007150,C16068,retail,0,SG,ZA,4440.99,ach,CP7493,velocity,0,0
AL007151,C13577,business,23,SG,AE,8350.89,ach,CP6744,structuring,2,0
AL007152,C59498,retail,11,DE,AU,9021.49,cash,CP3522,structuring,1,0
AL007153,C16445,retail,20,JP,CA,21768.61,card,CP8755,high_risk_geo,0,0
AL007154,C66863,retail,22,CA,BR,25000.0,wire,CP1533,round_amount,1,0
AL007155,C31894,retail,14,FR,JP,120419.79,ach,CP6802,sanctions_match,0,0
AL007156,C86045,retail,20,CA,GB,25787.19,ach,CP1435,pep_match,8,0
AL007157,C80789,retail,1,FR,GB,28224.21,ach,CP4337,dormant_reactivation,0,0
AL007158,C85668,retail,15,DE,AE,140138.29,cash,CP9060,sanctions_match,1,0
AL007159,C89564,private,11,JP,GB,165195.02,card,CP7899,high_risk_geo,0,0
AL007160,C41402,retail,23,GB,SG,7912.1,card,CP8344,structuring,0,0
AL007161,C95227,business,9,KP,JP,38205.27,ach,CP1058,pep_match,0,0
AL007162,C76292,retail,15,SG,DE,25000.0,ach,CP7125,round_amount,1,0
AL007163,C62520,retail,8,AU,JP,73115.59,wire,CP8140,sanctions_match,0,0
AL007164,C76917,private,5,IR,BR,23161.58,ach,CP3542,pep_match,0,0
AL007165,C54085,business,23,CA,GB,32538.04,ach,CP3711,sanctions_match,3,0
AL007166,C14904,retail,4,MX,DE,79485.49,cash,CP2805,sanctions_match,0,0
AL007167,C20199,retail,8,JP,FR,4152.24,cash,CP3294,velocity,0,0
AL007168,C70520,business,3,AU,US,3101.16,ach,CP8564,dormant_reactivation,0,0
AL007169,C53679,retail,6,DE,GB,918.43,ach,CP3094,dormant_reactivation,0,0
AL007170,C29356,retail,15,AE,GB,115049.89,wire,CP8688,sanctions_match,2,0
AL007171,C77202,retail,3,JP,SG,9637.49,ach,CP9767,structuring,0,0
AL007172,C44383,retail,7,GB,ZA,100000.0,card,CP9169,round_amount,1,0
AL007173,C81552,private,14,VE,BR,118677.22,card,CP8950,sanctions_match,0,0
AL007174,C77339,retail,14,DE,CA,18925.72,ach,CP9628,dormant_reactivation,0,0
AL007175,C29340,retail,12,JP,CA,10413.6,ach,CP3277,dormant_reactivation,0,0
AL007176,C18742,retail,17,JP,NG,9140.17,ach,CP1768,structuring,0,0
AL007177,C68162,business,18,MX,GB,16763.31,ach,CP2463,high_risk_geo,0,0
AL007178,C53025,retail,8,AU,NG,9938.55,card,CP7040,structuring,0,0
AL007179,C47006,retail,19,DE,FR,52368.19,card,CP6091,sanctions_match,1,0
AL007180,C79333,business,16,GB,SG,144578.76,card,CP3043,sanctions_match,1,0
AL007181,C87852,retail,25,JP,JP,9590.19,ach,CP7059,structuring,3,1
AL007182,C61577,retail,20,AU,MX,1089.08,card,CP4485,pep_match,0,0
AL007183,C24402,retail,14,US,AE,9312.33,card,CP3848,structuring,0,0
AL007184,C87900,retail,21,US,AE,56250.49,wire,CP5973,sanctions_match,0,0
AL007185,C41769,business,1,SG,GB,8688.37,cash,CP9929,structuring,0,0
AL007186,C14588,retail,15,AU,MX,3607.06,ach,CP9097,velocity,0,1
AL007187,C24330,retail,15,US,GB,23443.76,ach,CP2321,high_risk_geo,2,0
AL007188,C40351,retail,1,CA,ZA,14381.36,wire,CP5072,high_risk_geo,0,0
AL007189,C99505,retail,21,JP,JP,9462.75,wire,CP9149,structuring,1,1
AL007190,C22687,business,23,MX,DE,6569.86,ach,CP2522,high_risk_geo,3,0
AL007191,C73802,retail,12,US,SG,9675.74,wire,CP6984,structuring,1,0
AL007192,C81135,retail,8,US,GB,100000.0,wire,CP3945,round_amount,2,0
AL007193,C25292,retail,0,US,CA,15969.54,card,CP7131,high_risk_geo,0,0
AL007194,C44003,retail,20,NG,US,22634.8,cash,CP8751,pep_match,0,0
AL007195,C11265,retail,9,GB,SG,36547.96,ach,CP6784,dormant_reactivation,1,0
AL007196,C86104,retail,23,GB,FR,2136.57,card,CP7058,velocity,0,0
AL007197,C96939,retail,0,GB,MX,9321.01,cash,CP6700,structuring,3,1
AL007198,C27648,retail,1,FR,CA,9379.88,card,CP3550,structuring,2,0
AL007199,C47118,retail,22,FR,DE,8201.48,ach,CP6255,structuring,1,0
AL007200,C45739,private,15,JP,SG,2670.35,ach,CP3546,velocity,3,0
AL007201,C67188,private,18,ZA,FR,190144.56,wire,CP1404,sanctions_match,1,0
AL007202,C48096,retail,24,FR,GB,11886.83,cash,CP2139,dormant_reactivation,0,0
AL007203,C77516,retail,10,AE,JP,47498.13,card,CP7183,pep_match,0,0
AL007204,C16559,retail,5,JP,NG,25126.45,card,CP2396,dormant_reactivation,0,0
AL007205,C37855,retail,14,AU,GB,8649.63,cash,CP1603,structuring,0,0
AL007206,C68462,business,17,DE,CA,37761.31,cash,CP9637,dormant_reactivation,1,0
AL007207,C74689,retail,24,GB,AU,2879.41,ach,CP1600,velocity,0,0
AL007208,C14764,retail,13,DE,AE,5000.0,cash,CP6694,round_amount,3,0
AL007209,C37754,retail,23,FR,CA,4154.35,wire,CP2264,dormant_reactivation,1,0
AL007210,C24936,business,13,CA,AU,26800.08,cash,CP1154,pep_match,1,0
AL007211,C28712,retail,7,AU,GB,10000.0,wire,CP3434,round_amount,0,0
AL007212,C33138,retail,3,GB,JP,242374.79,ach,CP6107,sanctions_match,0,1
AL007213,C38303,retail,8,GB,RU,172540.68,ach,CP3018,sanctions_match,0,0
AL007214,C20771,business,20,US,DE,50000.0,wire,CP5327,round_amount,2,0
AL007215,C32771,retail,0,JP,US,3936.76,wire,CP4797,velocity,0,0
AL007216,C36312,retail,11,FR,ZA,9865.41,ach,CP5642,structuring,0,0
AL007217,C21832,retail,10,AU,FR,16972.27,ach,CP3045,high_risk_geo,3,0
AL007218,C47504,retail,14,BR,BR,107417.02,ach,CP6220,sanctions_match,0,0
AL007219,C15788,retail,16,CA,MX,9144.38,card,CP6014,structuring,3,0
AL007220,C70259,retail,13,US,JP,216797.45,card,CP4187,sanctions_match,2,0
AL007221,C35907,business,7,FR,CA,17117.21,card,CP2514,high_risk_geo,0,0
AL007222,C79388,private,0,SY,US,10571.46,cash,CP9926,dormant_reactivation,5,0
AL007223,C78099,retail,16,AU,SG,9436.82,ach,CP1331,structuring,8,0
AL007224,C33277,business,3,AU,TR,8008.3,wire,CP6414,structuring,5,0
AL007225,C19565,retail,4,US,FR,3179.1,wire,CP3021,velocity,0,0
AL007226,C37735,business,13,AU,BR,22721.09,ach,CP4131,pep_match,1,0
AL007227,C72157,private,24,CA,BR,8268.94,ach,CP9253,structuring,0,0
AL007228,C43645,retail,11,SG,AU,42470.83,card,CP3621,sanctions_match,2,1
AL007229,C41578,retail,2,AE,AU,5705.39,card,CP7766,high_risk_geo,0,0
AL007230,C45775,retail,2,AU,AU,2252.38,wire,CP6997,sanctions_match,0,0
AL007231,C40299,retail,12,DE,SG,7954.3,wire,CP1098,structuring,1,1
AL007232,C85943,private,11,SG,US,5000.0,wire,CP7011,round_amount,0,0
AL007233,C13397,business,19,GB,GB,50000.0,card,CP2985,round_amount,0,0
AL007234,C46830,retail,23,NG,JP,100000.0,card,CP6338,round_amount,0,0
AL007235,C55125,retail,8,FR,FR,10660.2,wire,CP3029,dormant_reactivation,0,0
AL007236,C60931,retail,17,FR,AU,2198.32,ach,CP8910,velocity,0,0
AL007237,C67242,business,9,DE,SG,17317.35,wire,CP2769,high_risk_geo,0,0
AL007238,C65717,retail,20,GB,FR,67407.46,wire,CP9819,sanctions_match,0,0
AL007239,C19967,retail,15,SY,GB,71340.99,ach,CP5666,sanctions_match,3,0
AL007240,C55750,retail,8,DE,JP,32433.92,cash,CP1038,pep_match,2,0
AL007241,C72898,retail,16,SG,FR,16964.84,wire,CP9525,dormant_reactivation,3,0
AL007242,C96775,retail,6,SG,MM,10437.41,card,CP5851,high_risk_geo,0,0
AL007243,C82630,retail,7,SG,CA,22063.62,ach,CP4162,pep_match,1,0
AL007244,C10699,retail,7,CA,US,39047.58,wire,CP4314,dormant_reactivation,0,0
AL007245,C66277,retail,19,JP,JP,8080.59,card,CP8521,structuring,0,0
AL007246,C77393,retail,11,GB,AE,7663.8,ach,CP2735,high_risk_geo,0,0
AL007247,C34845,retail,23,CA,AU,221602.19,cash,CP7994,sanctions_match,0,1
AL007248,C83607,retail,16,GB,CA,3985.44,ach,CP8790,velocity,0,0
AL007249,C95971,retail,3,GB,CA,2431.14,card,CP4696,pep_match,1,0
AL007250,C62700,retail,23,JP,DE,57328.01,card,CP9307,sanctions_match,0,0
AL007251,C23901,business,12,JP,US,4922.1,card,CP1781,velocity,2,0
AL007252,C92183,retail,18,GB,US,78220.09,cash,CP4571,sanctions_match,0,0
AL007253,C29936,business,2,US,DE,46153.17,ach,CP1705,sanctions_match,1,0
AL007254,C24909,retail,15,US,DE,49047.68,wire,CP2945,pep_match,0,0
AL007255,C59274,retail,5,CA,FR,199963.13,ach,CP6845,sanctions_match,3,0
AL007256,C45065,private,5,GB,SY,9455.42,card,CP8282,structuring,5,1
AL007257,C69905,retail,3,AU,GB,20362.99,ach,CP6372,high_risk_geo,0,0
AL007258,C29593,retail,17,GB,SG,41091.6,ach,CP5830,sanctions_match,0,0
AL007259,C96135,business,16,AU,TR,137478.06,cash,CP8034,sanctions_match,0,0
AL007260,C64481,retail,0,AU,GB,25000.0,ach,CP8152,round_amount,1,0
AL007261,C39935,retail,10,JP,MX,1931.03,wire,CP4322,velocity,0,0
AL007262,C34794,retail,11,AU,JP,34385.26,cash,CP9413,dormant_reactivation,0,0
AL007263,C32458,retail,10,SG,DE,10864.61,card,CP9091,high_risk_geo,0,0
AL007264,C92042,private,10,CA,DE,179871.79,ach,CP9209,sanctions_match,3,0
AL007265,C31270,private,17,US,MM,233987.14,wire,CP9571,high_risk_geo,3,0
AL007266,C14362,retail,11,CA,AU,50000.0,wire,CP6866,round_amount,1,0
AL007267,C62118,retail,17,TR,NG,45908.83,ach,CP6357,dormant_reactivation,0,0
AL007268,C36502,business,10,US,DE,5303.61,ach,CP3485,high_risk_geo,0,1
AL007269,C93944,retail,10,DE,US,11456.3,ach,CP4036,dormant_reactivation,2,0
AL007270,C53053,retail,7,NG,DE,23671.88,ach,CP7844,pep_match,0,0
AL007271,C64200,retail,15,SG,DE,33135.26,ach,CP1974,dormant_reactivation,0,0
AL007272,C92090,retail,2,US,DE,22411.55,card,CP5065,high_risk_geo,0,0
AL007273,C57358,retail,19,CA,US,249778.72,ach,CP9445,sanctions_match,0,0
AL007274,C69143,retail,8,FR,CA,28586.74,cash,CP8552,dormant_reactivation,1,1
AL007275,C51528,retail,7,US,JP,1309.23,card,CP9517,velocity,0,0
AL007276,C10922,private,25,MM,JP,597.51,wire,CP1421,velocity,1,0
AL007277,C13949,retail,24,SG,AU,21861.34,ach,CP7938,high_risk_geo,0,0
AL007278,C22465,retail,12,JP,SG,44911.71,ach,CP5845,pep_match,2,0
AL007279,C73391,retail,13,FR,FR,19744.11,cash,CP4945,high_risk_geo,0,0
AL007280,C10139,retail,3,SG,GB,3870.85,ach,CP8204,pep_match,0,0
AL007281,C33392,retail,6,AE,US,9198.54,cash,CP6966,structuring,1,1
AL007282,C83413,retail,5,BR,DE,1088.61,card,CP2947,pep_match,3,0
AL007283,C97147,business,4,DE,FR,2327.21,wire,CP4408,pep_match,0,0
AL007284,C33238,business,20,GB,FR,5409.43,ach,CP3100,pep_match,0,1
AL007285,C24451,business,9,CA,DE,35027.12,wire,CP1311,pep_match,0,0
AL007286,C56773,retail,1,CA,DE,11359.13,card,CP3442,sanctions_match,8,0
AL007287,C10957,private,9,FR,CA,177589.31,ach,CP9137,high_risk_geo,0,0
AL007288,C92264,business,20,MX,NG,1988.54,cash,CP6214,pep_match,2,0
AL007289,C97635,retail,22,MX,AU,1988.01,wire,CP5090,velocity,0,0
AL007290,C38839,business,15,CA,GB,15295.41,wire,CP2079,high_risk_geo,0,0
AL007291,C91056,business,7,US,US,9528.53,wire,CP7690,structuring,3,1
AL007292,C89188,business,9,DE,AE,7893.32,ach,CP6218,structuring,0,0
AL007293,C41606,private,24,CA,BR,1560.54,cash,CP1386,velocity,0,0
AL007294,C34773,business,14,FR,AU,9158.07,wire,CP6666,structuring,2,0
AL007295,C88637,retail,13,DE,CA,50000.0,cash,CP2314,round_amount,0,1
AL007296,C44395,retail,16,CA,CA,15599.05,wire,CP5334,high_risk_geo,1,0
AL007297,C60461,private,1,GB,GB,25000.0,wire,CP4592,round_amount,0,0
AL007298,C97378,retail,9,GB,AU,23273.99,wire,CP2680,high_risk_geo,0,0
AL007299,C12576,retail,3,JP,AE,27230.6,card,CP9598,dormant_reactivation,3,0
AL007300,C57792,retail,3,GB,CA,10000.0,wire,CP5115,round_amount,0,0
AL007301,C21531,retail,21,FR,DE,21020.06,wire,CP8794,dormant_reactivation,0,0
AL007302,C10926,retail,16,CA,US,31100.98,wire,CP6409,pep_match,3,0
AL007303,C50474,retail,12,JP,AU,4226.34,ach,CP1857,velocity,0,0
AL007304,C22611,retail,7,CA,DE,8399.02,wire,CP4764,structuring,0,1
AL007305,C75932,retail,17,SG,CA,100000.0,ach,CP4322,round_amount,0,0
AL007306,C59049,retail,15,MX,JP,8064.44,wire,CP2755,structuring,2,0
AL007307,C13144,private,24,MX,VE,44919.94,ach,CP5645,pep_match,2,0
AL007308,C73941,retail,2,US,AE,192205.81,wire,CP1821,sanctions_match,5,1
AL007309,C65202,retail,14,GB,KP,216801.4,card,CP2430,sanctions_match,0,0
AL007310,C60353,retail,0,DE,CA,8635.74,cash,CP5625,structuring,0,0
AL007311,C74272,private,7,VE,NG,50000.0,ach,CP1515,round_amount,0,0
AL007312,C97676,retail,15,SG,US,44028.08,cash,CP3416,pep_match,1,0
AL007313,C45772,retail,6,BR,US,2087.99,card,CP8658,velocity,0,0
AL007314,C63440,private,14,NG,BR,41007.59,wire,CP8999,dormant_reactivation,2,0
AL007315,C14777,private,17,CA,US,36277.66,wire,CP1249,sanctions_match,5,0
AL007316,C68647,retail,19,NG,DE,8484.3,ach,CP1200,structuring,3,0
AL007317,C91840,retail,13,AU,DE,25000.0,card,CP8837,round_amount,1,0
AL007318,C81332,retail,10,AU,JP,25000.0,cash,CP3598,round_amount,5,0
AL007319,C96647,retail,14,ZA,DE,10333.24,card,CP3539,pep_match,1,0
AL007320,C29743,retail,19,DE,SG,14415.24,wire,CP6548,high_risk_geo,1,0
AL007321,C75876,retail,7,TR,NG,25000.0,ach,CP5543,round_amount,1,0
AL007322,C10087,retail,6,DE,JP,9325.26,wire,CP5021,high_risk_geo,0,0
AL007323,C94990,retail,12,AE,DE,24437.55,wire,CP9658,dormant_reactivation,3,1
AL007324,C35018,retail,0,FR,US,45396.49,card,CP9865,pep_match,0,0
AL007325,C30194,retail,13,NG,US,2489.53,ach,CP4718,velocity,5,0
AL007326,C43447,retail,23,DE,DE,9667.06,ach,CP5805,structuring,0,0
AL007327,C40750,retail,0,JP,SG,898.91,ach,CP4567,velocity,0,0
AL007328,C24826,retail,16,US,JP,144704.83,ach,CP4942,sanctions_match,0,0
AL007329,C19435,retail,16,TR,JP,1097.52,ach,CP5032,velocity,0,0
AL007330,C82329,retail,21,ZA,SG,9189.11,wire,CP6574,dormant_reactivation,0,0
AL007331,C15067,retail,20,DE,JP,12068.34,ach,CP6121,high_risk_geo,0,0
AL007332,C86396,retail,22,JP,TR,23053.03,card,CP7481,high_risk_geo,0,1
AL007333,C92540,retail,16,CA,JP,1111.9,ach,CP8198,sanctions_match,2,0
AL007334,C96983,retail,18,NG,AU,1813.54,ach,CP4449,velocity,5,0
AL007335,C96371,retail,24,GB,DE,222527.66,cash,CP1354,sanctions_match,0,0
AL007336,C54519,retail,18,AU,GB,10588.19,wire,CP8457,pep_match,0,0
AL007337,C38798,retail,5,CA,FR,25504.95,card,CP2943,dormant_reactivation,2,0
AL007338,C53569,retail,18,AU,FR,17926.41,wire,CP5565,sanctions_match,0,0
AL007339,C18011,retail,10,US,FR,30664.52,wire,CP1491,pep_match,1,0
AL007340,C87651,retail,25,FR,FR,22523.25,ach,CP6407,sanctions_match,8,1
AL007341,C35001,retail,0,SG,AU,104245.58,card,CP2527,sanctions_match,3,0
AL007342,C57552,retail,24,JP,US,10000.0,cash,CP6498,round_amount,0,0
AL007343,C57852,business,14,SG,NG,8016.57,ach,CP6999,structuring,1,0
AL007344,C89979,retail,18,CA,GB,26423.85,ach,CP1241,pep_match,0,0
AL007345,C93620,business,4,JP,AU,21685.2,card,CP4183,high_risk_geo,0,0
AL007346,C92702,retail,20,SG,SG,16578.37,card,CP9901,pep_match,0,0
AL007347,C88103,private,19,CA,BR,212360.53,card,CP1127,high_risk_geo,0,0
AL007348,C61672,retail,16,CA,GB,214263.0,wire,CP9616,sanctions_match,0,0
AL007349,C93233,retail,24,FR,AU,474.05,card,CP3746,velocity,0,0
AL007350,C47371,business,19,US,AU,16182.07,wire,CP6197,high_risk_geo,1,1
AL007351,C86908,retail,3,FR,FR,2893.67,ach,CP6596,velocity,8,0
AL007352,C38879,retail,5,BR,FR,35891.87,ach,CP5385,sanctions_match,2,1
AL007353,C83120,retail,5,DE,AU,8380.38,wire,CP7900,structuring,2,1
AL007354,C83488,retail,14,SG,MX,2601.08,cash,CP5097,velocity,0,0
AL007355,C38748,retail,16,FR,AU,107806.78,card,CP9352,sanctions_match,3,0
AL007356,C51759,business,16,DE,FR,2846.28,ach,CP9465,velocity,2,0
AL007357,C79015,retail,12,TR,AU,10000.0,card,CP7847,round_amount,0,0
AL007358,C23449,private,25,ZA,US,8256.33,cash,CP3922,structuring,1,0
AL007359,C63311,private,16,MX,IR,33452.25,ach,CP8771,pep_match,0,0
AL007360,C29356,retail,8,TR,JP,33403.35,ach,CP9273,pep_match,0,1
AL007361,C70671,retail,12,JP,CA,6725.31,ach,CP1862,pep_match,0,0
AL007362,C58797,retail,16,MX,JP,7923.14,ach,CP5844,structuring,0,1
AL007363,C84974,retail,4,US,JP,235583.96,ach,CP5005,sanctions_match,0,0
AL007364,C68606,retail,4,US,DE,10000.0,wire,CP5349,round_amount,2,0
AL007365,C77202,retail,9,FR,US,10000.0,card,CP1658,round_amount,2,0
AL007366,C24190,retail,21,SG,AU,22016.29,cash,CP9240,dormant_reactivation,0,0
AL007367,C11695,business,19,US,ZA,46709.63,wire,CP8539,pep_match,1,0
AL007368,C64181,retail,8,CA,FR,515.58,wire,CP5098,velocity,2,0
AL007369,C58941,retail,12,FR,SG,2255.04,ach,CP1880,dormant_reactivation,0,0
AL007370,C28313,retail,8,US,JP,221356.37,ach,CP2079,sanctions_match,3,0
AL007371,C13273,business,1,SG,US,5060.84,wire,CP3903,high_risk_geo,0,0
AL007372,C24285,private,2,CA,DE,6843.54,ach,CP5886,pep_match,1,0
AL007373,C91889,retail,22,SG,TR,43799.6,card,CP5830,pep_match,0,0
AL007374,C13426,retail,17,JP,GB,182068.29,wire,CP4253,sanctions_match,1,0
AL007375,C90308,retail,9,KP,AU,10000.0,wire,CP6839,round_amount,0,0
AL007376,C35007,business,10,DE,GB,28451.34,ach,CP8500,dormant_reactivation,0,0
AL007377,C26641,retail,16,AE,JP,3498.9,ach,CP5184,velocity,1,1
AL007378,C57118,business,8,CA,JP,5154.63,card,CP2860,high_risk_geo,0,0
AL007379,C57467,retail,2,AU,NG,6853.99,ach,CP7370,pep_match,0,0
AL007380,C74288,retail,13,AU,GB,5536.46,wire,CP4027,dormant_reactivation,1,0
AL007381,C88300,private,5,SY,DE,60700.94,ach,CP6449,high_risk_geo,0,1
AL007382,C63609,business,14,MX,FR,45325.68,cash,CP5614,pep_match,3,0
AL007383,C60630,retail,6,US,SG,18478.07,card,CP3127,high_risk_geo,0,0
AL007384,C88392,retail,20,SG,AU,18776.43,wire,CP8919,high_risk_geo,0,0
AL007385,C21582,retail,16,DE,FR,5000.0,wire,CP4096,round_amount,3,0
AL007386,C97514,business,7,AE,NG,9121.75,ach,CP8818,structuring,1,1
AL007387,C25093,retail,11,MX,GB,4063.52,card,CP5276,velocity,0,0
AL007388,C67473,retail,14,KP,AE,105933.0,cash,CP7483,sanctions_match,0,0
AL007389,C34048,retail,4,BR,US,100000.0,wire,CP6649,round_amount,0,0
AL007390,C95023,private,14,GB,ZA,662.74,cash,CP6034,velocity,1,0
AL007391,C19019,retail,0,CA,SG,100000.0,card,CP1069,round_amount,3,0
AL007392,C95394,retail,12,CA,FR,45228.88,ach,CP7971,dormant_reactivation,0,0
AL007393,C16010,retail,3,SG,BR,7954.13,ach,CP3398,structuring,0,1
AL007394,C73407,business,24,DE,JP,14458.76,wire,CP2058,high_risk_geo,1,0
AL007395,C98736,retail,12,US,FR,8874.76,ach,CP6531,high_risk_geo,0,0
AL007396,C29605,retail,5,GB,ZA,8792.49,cash,CP4154,structuring,2,0
AL007397,C53248,business,4,JP,MX,183581.21,card,CP5602,sanctions_match,0,0
AL007398,C52961,retail,12,SG,JP,23847.48,ach,CP9720,high_risk_geo,0,0
AL007399,C86675,retail,3,CA,AU,23081.74,wire,CP6792,high_risk_geo,2,0
AL007400,C47840,retail,15,FR,FR,715.81,ach,CP9814,velocity,0,0
AL007401,C61567,retail,7,US,FR,22901.51,ach,CP7922,dormant_reactivation,0,0
AL007402,C14803,retail,5,GB,DE,100000.0,wire,CP7089,round_amount,3,0
AL007403,C40293,retail,25,US,FR,100000.0,card,CP8781,round_amount,3,0
AL007404,C60863,business,19,FR,ZA,21736.71,ach,CP5542,high_risk_geo,0,0
AL007405,C78475,retail,5,BR,AU,25000.0,ach,CP6969,round_amount,0,0
AL007406,C94709,retail,3,GB,GB,9260.46,card,CP4690,structuring,0,0
AL007407,C19724,private,24,SG,NG,10694.52,wire,CP3836,pep_match,0,0
AL007408,C11626,retail,0,CA,BR,23688.62,card,CP6351,dormant_reactivation,1,0
AL007409,C69939,private,7,AE,AE,155742.61,wire,CP9081,high_risk_geo,0,0
AL007410,C63027,retail,20,FR,NG,10057.07,wire,CP8112,high_risk_geo,0,0
AL007411,C75362,retail,2,FR,NG,159709.92,ach,CP9499,sanctions_match,0,0
AL007412,C47195,private,16,JP,SY,9562.18,ach,CP3203,structuring,3,1
AL007413,C99131,retail,0,AU,ZA,2523.48,ach,CP3690,sanctions_match,0,0
AL007414,C77820,retail,5,BR,DE,41434.0,card,CP2771,dormant_reactivation,0,0
AL007415,C44613,retail,5,ZA,FR,9152.37,wire,CP8618,structuring,2,1
AL007416,C73889,retail,15,JP,FR,1569.56,ach,CP8124,sanctions_match,0,0
AL007417,C45181,retail,23,SG,US,13937.72,wire,CP3646,high_risk_geo,1,0
AL007418,C41698,retail,4,GB,CA,50000.0,wire,CP1570,round_amount,0,0
AL007419,C26239,retail,11,AU,FR,106586.37,wire,CP6392,sanctions_match,0,0
AL007420,C99379,business,11,FR,TR,89208.66,ach,CP1441,sanctions_match,0,1
AL007421,C84646,retail,0,DE,MM,5000.0,wire,CP3235,round_amount,2,0
AL007422,C79419,retail,8,DE,US,101419.36,ach,CP2127,sanctions_match,0,0
AL007423,C67336,retail,20,DE,CA,7456.44,wire,CP2658,pep_match,2,0
AL007424,C48615,retail,8,AU,US,1013.02,cash,CP1276,velocity,1,0
AL007425,C70818,retail,11,NG,CA,8152.72,ach,CP6555,structuring,0,0
AL007426,C23554,retail,10,JP,JP,21019.02,ach,CP6216,high_risk_geo,0,0
AL007427,C10175,business,10,DE,JP,7993.46,wire,CP4923,structuring,0,1
AL007428,C37005,retail,3,CA,US,3164.13,card,CP3206,velocity,1,0
AL007429,C41189,retail,9,AU,US,25900.89,wire,CP8012,sanctions_match,1,0
AL007430,C63752,business,18,BR,GB,20274.19,wire,CP2593,dormant_reactivation,0,0
AL007431,C67467,retail,4,CA,AU,8569.92,ach,CP1094,structuring,8,0
AL007432,C87042,retail,3,GB,US,9196.97,wire,CP3502,structuring,1,0
AL007433,C29998,retail,1,SG,CA,6824.84,card,CP5453,high_risk_geo,0,0
AL007434,C97537,private,13,BR,US,4277.7,card,CP3797,velocity,1,0
AL007435,C35143,retail,8,GB,DE,14239.49,wire,CP9790,high_risk_geo,0,0
AL007436,C15226,retail,21,DE,BR,236691.05,wire,CP7596,sanctions_match,2,0
AL007437,C61851,retail,1,BR,AU,48926.89,card,CP5307,sanctions_match,0,0
AL007438,C94354,retail,22,DE,FR,100619.82,wire,CP6190,sanctions_match,2,0
AL007439,C10922,business,12,US,ZA,242599.51,card,CP4348,sanctions_match,0,0
AL007440,C81582,business,10,AE,SG,10000.0,ach,CP5391,round_amount,1,0
AL007441,C81173,retail,7,CA,SG,100000.0,cash,CP9901,round_amount,2,0
AL007442,C99239,retail,9,AU,DE,1599.24,ach,CP1030,dormant_reactivation,1,0
AL007443,C14984,retail,7,GB,DE,38410.16,card,CP4927,sanctions_match,0,1
AL007444,C98136,retail,14,FR,DE,5373.46,cash,CP3590,high_risk_geo,0,0
AL007445,C21326,business,24,FR,FR,9717.86,wire,CP4402,structuring,1,1
AL007446,C16703,retail,18,TR,CA,50000.0,cash,CP5373,round_amount,1,0
AL007447,C58126,retail,8,TR,SG,30043.19,card,CP6123,pep_match,0,0
AL007448,C19892,retail,0,DE,CA,10000.0,cash,CP9528,round_amount,2,0
AL007449,C77715,business,21,CA,JP,10000.0,ach,CP8865,round_amount,2,0
AL007450,C28051,private,18,BR,US,3041.38,cash,CP9200,velocity,1,0
AL007451,C55986,retail,19,AU,JP,38777.44,wire,CP7346,dormant_reactivation,0,0
AL007452,C90756,retail,17,US,GB,29977.6,card,CP9530,pep_match,0,0
AL007453,C71229,retail,20,CA,JP,22042.74,cash,CP3471,pep_match,0,0
AL007454,C15706,business,3,FR,FR,82933.14,ach,CP3966,sanctions_match,3,1
AL007455,C47370,retail,11,GB,US,17122.69,wire,CP2070,pep_match,1,0
AL007456,C49364,retail,23,AU,NG,17273.08,ach,CP2155,pep_match,3,1
AL007457,C29434,private,17,AE,MX,25000.0,ach,CP9251,round_amount,0,0
AL007458,C60075,private,1,DE,ZA,100000.0,cash,CP6648,round_amount,2,0
AL007459,C98457,retail,0,AU,SG,26153.3,cash,CP1496,dormant_reactivation,2,0
AL007460,C44485,retail,11,JP,TR,9850.86,cash,CP3294,structuring,0,0
AL007461,C69891,retail,8,AU,AU,7709.14,wire,CP5409,high_risk_geo,1,0
AL007462,C53482,retail,1,SG,GB,2093.37,ach,CP3333,velocity,3,0
AL007463,C40270,retail,3,GB,US,100000.0,ach,CP2534,round_amount,0,0
AL007464,C19278,private,14,CA,FR,183557.27,wire,CP6518,sanctions_match,0,0
AL007465,C69590,retail,2,VE,MX,456.39,wire,CP2718,velocity,0,0
AL007466,C66391,retail,3,DE,AU,12214.1,wire,CP9144,dormant_reactivation,3,0
AL007467,C21464,private,17,SG,AE,3874.67,card,CP6053,velocity,0,0
AL007468,C81505,retail,0,GB,MM,48772.61,card,CP1197,dormant_reactivation,0,0
AL007469,C84591,retail,8,US,US,20776.78,ach,CP6719,dormant_reactivation,0,0
AL007470,C73715,retail,4,JP,DE,13745.6,wire,CP1207,high_risk_geo,0,1
AL007471,C40029,private,9,GB,GB,5000.0,cash,CP6083,round_amount,1,0
AL007472,C23395,retail,21,FR,AU,22041.99,ach,CP5286,high_risk_geo,0,0
AL007473,C65643,retail,22,SG,MX,9300.8,card,CP7228,structuring,2,0
AL007474,C55806,retail,14,ZA,SG,2175.92,card,CP2265,dormant_reactivation,5,0
AL007475,C10679,business,23,GB,FR,26380.6,ach,CP2723,pep_match,2,0
AL007476,C45905,retail,10,SG,AU,2678.12,ach,CP7565,velocity,1,0
AL007477,C62493,retail,18,ZA,NG,33671.66,wire,CP5511,dormant_reactivation,0,0
AL007478,C46434,private,1,AE,US,25000.0,ach,CP7499,round_amount,1,0
AL007479,C51618,retail,9,AU,US,407.88,card,CP5736,velocity,1,0
AL007480,C10468,business,2,SG,CA,8749.07,card,CP1048,structuring,0,0
AL007481,C60940,retail,14,SG,BR,10000.0,ach,CP5647,round_amount,0,0
AL007482,C48991,retail,11,GB,FR,28387.73,ach,CP7597,pep_match,1,0
AL007483,C78285,retail,25,NG,MX,11330.34,ach,CP4714,high_risk_geo,1,0
AL007484,C83661,business,11,NG,FR,8907.95,ach,CP4551,pep_match,0,1
AL007485,C53043,retail,13,TR,FR,43952.98,ach,CP1284,dormant_reactivation,0,0
AL007486,C17729,retail,5,SG,DE,5790.55,card,CP9278,high_risk_geo,1,0
AL007487,C81161,business,9,FR,AU,2044.96,wire,CP3782,velocity,0,0
AL007488,C49951,business,20,FR,DE,241204.62,card,CP9184,sanctions_match,0,1
AL007489,C20878,retail,13,SG,AU,13389.9,wire,CP2237,dormant_reactivation,0,0
AL007490,C87137,retail,24,SG,GB,22407.8,ach,CP9593,pep_match,0,1
AL007491,C90763,retail,23,CA,GB,3983.88,ach,CP2985,velocity,2,0
AL007492,C21973,retail,1,DE,AU,210795.94,card,CP3288,sanctions_match,0,0
AL007493,C39722,retail,5,JP,FR,26355.16,card,CP2156,pep_match,2,0
AL007494,C95890,retail,11,TR,FR,10000.0,wire,CP7955,round_amount,0,0
AL007495,C36573,business,19,AU,CA,223.5,wire,CP2035,velocity,1,0
AL007496,C92500,business,13,AU,SG,220771.43,cash,CP1637,sanctions_match,0,0
AL007497,C35071,private,7,AU,US,1188.89,card,CP5752,dormant_reactivation,2,0
AL007498,C89681,private,25,JP,CA,177920.75,ach,CP1843,sanctions_match,0,0
AL007499,C84629,business,18,FR,JP,20032.65,ach,CP9009,pep_match,1,0
AL007500,C78052,retail,8,JP,RU,100000.0,ach,CP7292,round_amount,0,0
AL007501,C30709,business,13,JP,AE,8547.59,cash,CP5377,structuring,1,1
AL007502,C19085,retail,15,GB,FR,9506.03,cash,CP2942,structuring,0,0
AL007503,C59511,private,21,US,NG,10000.0,wire,CP8874,round_amount,0,0
AL007504,C18536,retail,8,DE,CA,5000.0,wire,CP1550,round_amount,1,0
AL007505,C60419,private,22,VE,FR,100000.0,wire,CP2327,round_amount,0,0
AL007506,C46527,private,25,MX,GB,4376.44,ach,CP3167,velocity,2,0
AL007507,C23329,retail,12,ZA,FR,3017.17,ach,CP5767,velocity,1,0
AL007508,C12416,private,5,BR,NG,115949.81,card,CP2891,high_risk_geo,0,0
AL007509,C71233,private,6,TR,CA,27812.76,card,CP7507,pep_match,1,0
AL007510,C22498,retail,23,NG,JP,7830.05,card,CP5482,structuring,0,0
AL007511,C46579,private,13,FR,NG,100000.0,wire,CP6819,round_amount,0,0
AL007512,C53578,retail,24,SG,DE,8073.48,wire,CP3703,structuring,3,1
AL007513,C18278,business,9,US,CA,18533.85,card,CP9683,high_risk_geo,0,0
AL007514,C71285,retail,11,AU,GB,1181.78,wire,CP4072,velocity,0,0
AL007515,C85047,retail,8,NG,DE,5774.59,wire,CP7429,dormant_reactivation,1,0
AL007516,C24183,retail,12,SG,ZA,15247.66,ach,CP9484,high_risk_geo,1,1
AL007517,C90066,retail,6,SG,TR,27687.6,ach,CP1286,pep_match,1,0
AL007518,C34904,retail,10,SG,SG,32035.7,ach,CP5215,dormant_reactivation,0,0
AL007519,C37795,retail,14,ZA,SG,35039.34,cash,CP6119,dormant_reactivation,3,0
AL007520,C72794,retail,10,FR,TR,8646.67,ach,CP6007,structuring,0,0
AL007521,C56215,business,7,JP,SG,35056.91,cash,CP9708,pep_match,1,0
AL007522,C29925,retail,16,US,SG,184917.48,ach,CP8582,sanctions_match,0,0
AL007523,C24371,retail,9,FR,FR,18041.31,ach,CP1776,dormant_reactivation,0,0
AL007524,C69544,retail,0,AU,FR,100000.0,ach,CP4139,round_amount,1,0
AL007525,C33441,retail,1,SG,FR,10155.96,ach,CP9384,pep_match,0,1
AL007526,C77203,retail,12,BR,JP,5667.89,wire,CP6348,high_risk_geo,0,0
AL007527,C76453,retail,3,DE,SG,7814.92,ach,CP9848,structuring,3,0
AL007528,C61761,retail,23,FR,AU,18421.58,card,CP2390,high_risk_geo,0,0
AL007529,C18781,retail,25,ZA,GB,718.49,ach,CP1559,velocity,1,0
AL007530,C71883,retail,9,US,JP,9881.84,ach,CP7566,structuring,0,1
AL007531,C69734,retail,4,DE,AU,13853.91,wire,CP9907,pep_match,2,0
AL007532,C37009,private,14,JP,GB,19199.76,cash,CP1293,pep_match,0,0
AL007533,C20084,retail,11,AU,CA,25000.0,wire,CP9143,round_amount,2,0
AL007534,C82228,retail,14,GB,JP,43192.67,ach,CP8481,pep_match,5,1
AL007535,C91591,retail,7,GB,CA,70256.57,ach,CP2637,sanctions_match,1,1
AL007536,C72962,private,7,NG,RU,3777.7,card,CP1267,velocity,1,0
AL007537,C70669,retail,12,AU,SG,21123.39,card,CP3159,pep_match,0,0
AL007538,C65863,retail,1,TR,JP,9473.41,card,CP8952,high_risk_geo,1,0
AL007539,C31366,retail,7,US,SG,48286.88,wire,CP8187,dormant_reactivation,3,0
AL007540,C70845,business,20,CA,SG,3252.82,ach,CP8761,dormant_reactivation,0,0
AL007541,C51580,retail,12,DE,MX,8657.83,card,CP7524,structuring,0,0
AL007542,C58169,retail,25,US,JP,9728.04,cash,CP7716,structuring,0,0
AL007543,C13866,retail,24,US,ZA,7860.94,ach,CP8111,structuring,3,1
AL007544,C42281,retail,3,GB,FR,27605.33,wire,CP9533,pep_match,0,0
AL007545,C57589,retail,20,SG,FR,9526.37,card,CP8020,structuring,0,0
AL007546,C44052,retail,12,ZA,FR,100000.0,ach,CP8111,round_amount,0,0
AL007547,C94142,retail,14,US,FR,2279.54,ach,CP5715,velocity,0,0
AL007548,C62959,retail,5,SG,AU,1783.49,wire,CP8153,velocity,8,0
AL007549,C61561,retail,22,JP,SG,10000.0,wire,CP7801,round_amount,5,0
AL007550,C93037,business,24,AE,SG,83118.0,cash,CP8992,sanctions_match,1,0
AL007551,C67246,retail,16,FR,DE,8105.91,cash,CP3652,structuring,1,0
AL007552,C62604,retail,0,SG,CA,25516.65,wire,CP1045,pep_match,3,0
AL007553,C81269,retail,2,US,GB,9227.55,card,CP3806,structuring,0,1
AL007554,C85348,retail,23,CA,SG,20400.41,wire,CP6543,high_risk_geo,0,1
AL007555,C31893,retail,24,AU,SG,152236.05,wire,CP8428,sanctions_match,2,0
AL007556,C86315,business,22,JP,SG,10000.0,ach,CP8790,round_amount,0,0
AL007557,C89268,retail,11,AE,KP,131327.47,ach,CP5538,sanctions_match,0,0
AL007558,C62327,business,11,SG,DE,24669.31,ach,CP8128,high_risk_geo,3,0
AL007559,C22950,retail,17,US,DE,25000.0,card,CP7757,round_amount,0,0
AL007560,C63685,business,19,GB,SG,1532.13,wire,CP9256,velocity,0,0
AL007561,C76681,retail,8,GB,AU,5000.0,wire,CP6285,round_amount,1,0
AL007562,C35602,business,6,AU,ZA,100000.0,wire,CP4029,round_amount,1,0
AL007563,C29908,retail,17,CA,DE,20943.27,ach,CP9295,dormant_reactivation,1,0
AL007564,C85784,retail,8,SG,DE,4405.05,wire,CP6610,velocity,5,0
AL007565,C70619,business,8,DE,BR,21829.28,card,CP5756,high_risk_geo,0,0
AL007566,C41782,retail,13,AU,CA,36141.09,wire,CP1848,pep_match,0,0
AL007567,C64442,retail,17,MX,US,9554.78,card,CP8684,structuring,0,1
AL007568,C13974,retail,19,DE,FR,35873.49,cash,CP5057,pep_match,0,0
AL007569,C25613,retail,0,BR,CA,50000.0,card,CP3421,round_amount,0,0
AL007570,C76735,retail,25,US,GB,10000.0,wire,CP1805,round_amount,0,0
AL007571,C65089,retail,5,AU,GB,7974.29,wire,CP8240,high_risk_geo,0,0
AL007572,C74685,retail,22,DE,DE,44837.86,ach,CP4880,dormant_reactivation,2,0
AL007573,C43451,retail,24,ZA,DE,6954.3,cash,CP8453,high_risk_geo,0,0
AL007574,C44217,retail,25,DE,DE,9119.85,ach,CP8451,high_risk_geo,2,0
AL007575,C77377,private,10,JP,MX,7085.86,wire,CP6668,pep_match,0,0
AL007576,C11345,retail,16,US,MX,40551.73,ach,CP3549,pep_match,0,0
AL007577,C79991,retail,8,CA,FR,114936.16,card,CP4359,sanctions_match,0,0
AL007578,C74936,retail,25,US,BR,1454.35,cash,CP8865,dormant_reactivation,0,0
AL007579,C33569,retail,7,SG,US,17888.06,wire,CP3871,high_risk_geo,0,0
AL007580,C71885,business,5,JP,MX,135876.68,wire,CP8162,sanctions_match,0,0
AL007581,C40992,private,11,CA,AE,38419.46,wire,CP1371,pep_match,2,0
AL007582,C19285,retail,12,CA,TR,10140.72,wire,CP9549,high_risk_geo,0,0
AL007583,C76268,private,21,CA,SY,97844.78,card,CP6394,sanctions_match,0,1
AL007584,C27282,retail,24,FR,SG,100000.0,wire,CP9897,round_amount,0,0
AL007585,C62908,retail,6,FR,ZA,2759.23,ach,CP9473,velocity,0,0
AL007586,C10347,retail,21,TR,CA,8929.44,cash,CP6210,structuring,0,1
AL007587,C46130,retail,4,CA,GB,100000.0,cash,CP3399,round_amount,0,0
AL007588,C11649,retail,1,ZA,FR,24042.53,ach,CP2057,pep_match,0,0
AL007589,C25018,private,15,SG,TR,155255.56,ach,CP5334,sanctions_match,1,0
AL007590,C27063,retail,19,NG,BR,19835.33,card,CP1929,high_risk_geo,0,0
AL007591,C49894,retail,19,FR,GB,25000.0,wire,CP7851,round_amount,3,0
AL007592,C10344,business,14,DE,AU,15157.53,wire,CP8433,pep_match,0,0
AL007593,C11457,business,2,AU,CA,8398.74,wire,CP2744,structuring,1,1
AL007594,C38112,retail,24,GB,US,25000.0,card,CP7667,round_amount,2,0
AL007595,C24197,retail,20,AU,SG,8145.08,ach,CP1605,structuring,0,1
AL007596,C44253,retail,19,FR,SG,8507.12,ach,CP8552,structuring,2,0
AL007597,C78503,retail,19,JP,FR,9551.39,ach,CP1253,structuring,5,0
AL007598,C61481,retail,1,CA,BR,23507.29,card,CP4154,high_risk_geo,0,0
AL007599,C39981,retail,9,TR,DE,9550.33,wire,CP6259,structuring,0,0
AL007600,C66948,private,16,SY,TR,104.68,ach,CP9962,velocity,0,0
AL007601,C57922,private,21,RU,GB,5000.0,card,CP1680,round_amount,0,0
AL007602,C72304,private,20,DE,US,5000.0,ach,CP5440,round_amount,0,0
AL007603,C48388,retail,9,SG,CA,100000.0,ach,CP3767,round_amount,0,0
AL007604,C72611,business,11,JP,FR,31579.04,card,CP8010,sanctions_match,2,0
AL007605,C42901,retail,19,GB,DE,2171.27,wire,CP6833,velocity,0,0
AL007606,C34439,business,18,DE,MX,8513.68,wire,CP7242,structuring,0,0
AL007607,C92698,retail,17,US,NG,10000.0,ach,CP7332,round_amount,0,0
AL007608,C48372,business,4,JP,AU,8494.75,wire,CP3978,structuring,0,1
AL007609,C51433,business,20,US,FR,50000.0,cash,CP3567,round_amount,5,0
AL007610,C38799,business,10,SG,TR,233687.08,ach,CP7258,sanctions_match,1,1
AL007611,C86235,retail,10,JP,AU,90928.87,wire,CP7420,sanctions_match,0,1
AL007612,C93709,retail,8,AU,FR,38218.93,card,CP2902,dormant_reactivation,0,0
AL007613,C36741,private,11,US,KP,174052.92,ach,CP7483,sanctions_match,0,0
AL007614,C46607,retail,19,BR,DE,161100.73,cash,CP6566,sanctions_match,2,1
AL007615,C63573,business,4,AU,MX,5000.0,ach,CP2955,round_amount,2,0
AL007616,C58068,business,6,ZA,FR,93294.2,wire,CP1772,sanctions_match,0,0
AL007617,C64447,private,15,BR,MX,9813.19,ach,CP3824,structuring,0,0
AL007618,C60141,retail,15,GB,ZA,5000.0,ach,CP7698,round_amount,0,0
AL007619,C40028,retail,21,FR,AU,20626.25,card,CP5882,high_risk_geo,1,0
AL007620,C97245,retail,7,FR,AU,50000.0,cash,CP6963,round_amount,0,0
AL007621,C28681,retail,15,DE,US,37095.95,card,CP8549,dormant_reactivation,0,0
AL007622,C65229,retail,13,JP,FR,49956.15,ach,CP6472,pep_match,0,0
AL007623,C76204,retail,0,DE,FR,119153.07,ach,CP5090,sanctions_match,2,1
AL007624,C65873,retail,0,US,NG,180922.46,wire,CP2813,sanctions_match,0,0
AL007625,C57972,retail,7,JP,US,25000.0,ach,CP4292,round_amount,2,0
AL007626,C51342,business,22,JP,US,48729.01,ach,CP9059,dormant_reactivation,0,0
AL007627,C88517,retail,19,FR,TR,181271.87,ach,CP2568,sanctions_match,0,0
AL007628,C60294,business,0,NG,JP,3285.48,ach,CP8076,velocity,2,0
AL007629,C16767,retail,6,JP,JP,9071.35,card,CP5552,structuring,0,0
AL007630,C63334,retail,7,US,SG,50000.0,ach,CP1095,round_amount,0,1
AL007631,C88588,retail,8,SG,CA,26738.38,wire,CP4236,pep_match,2,0
AL007632,C19274,retail,21,GB,ZA,179601.71,card,CP3568,sanctions_match,0,0
AL007633,C32231,retail,9,GB,DE,27054.4,card,CP7631,pep_match,0,0
AL007634,C99733,business,22,TR,FR,8505.37,card,CP6137,structuring,3,0
AL007635,C14068,retail,17,CA,AU,1527.07,wire,CP8702,velocity,2,0
AL007636,C58993,retail,17,AU,JP,9752.58,wire,CP3805,structuring,1,0
AL007637,C10665,retail,21,ZA,AU,10000.0,ach,CP2895,round_amount,0,0
AL007638,C79076,retail,9,CA,MM,4812.05,ach,CP8613,velocity,0,0
AL007639,C86855,business,10,AU,IR,100000.0,wire,CP8468,round_amount,0,0
AL007640,C36783,retail,14,CA,DE,4530.48,ach,CP6668,velocity,1,0
AL007641,C81057,business,5,JP,TR,487.26,cash,CP6185,velocity,0,0
AL007642,C92923,retail,20,ZA,TR,8755.05,card,CP4863,structuring,0,0
AL007643,C55460,business,17,ZA,FR,4854.42,cash,CP6558,velocity,0,0
AL007644,C84986,retail,5,US,DE,100000.0,cash,CP6986,round_amount,1,0
AL007645,C21638,retail,3,JP,FR,5000.0,wire,CP1765,round_amount,0,0
AL007646,C97230,business,16,ZA,AU,2217.1,ach,CP9055,velocity,0,0
AL007647,C41814,retail,14,DE,CA,9433.64,ach,CP8911,structuring,1,0
AL007648,C57712,retail,9,AU,SG,8851.58,wire,CP1467,structuring,1,1
AL007649,C20182,retail,21,JP,SG,50000.0,ach,CP1505,round_amount,0,0
AL007650,C77377,business,6,SG,JP,8281.35,ach,CP2394,structuring,0,0
AL007651,C11162,private,3,GB,TR,50000.0,ach,CP9051,round_amount,1,0
AL007652,C39996,retail,21,US,DE,8029.5,wire,CP8705,structuring,2,0
AL007653,C46432,retail,23,SG,US,9166.32,ach,CP3834,structuring,0,1
AL007654,C65226,retail,18,JP,US,204515.8,wire,CP6729,sanctions_match,3,1
AL007655,C42978,retail,13,CA,JP,25000.0,ach,CP3853,round_amount,0,0
AL007656,C67614,retail,3,FR,US,64038.83,ach,CP2540,sanctions_match,2,0
AL007657,C52900,business,2,US,AU,8743.53,ach,CP4374,structuring,0,0
AL007658,C49467,business,4,US,JP,10825.78,card,CP1130,high_risk_geo,1,0
AL007659,C77346,retail,12,US,BR,9725.08,card,CP8413,structuring,2,1
AL007660,C35954,private,11,SG,ZA,186433.16,cash,CP1471,high_risk_geo,0,0
AL007661,C24885,business,15,SG,FR,9531.89,cash,CP3588,structuring,0,1
AL007662,C24003,private,0,AE,AE,26046.11,card,CP8082,pep_match,0,0
AL007663,C51960,retail,2,DE,US,17498.61,ach,CP2911,pep_match,0,0
AL007664,C66479,business,13,AU,BR,3770.14,wire,CP5110,velocity,0,0
AL007665,C41953,retail,23,SG,FR,9663.14,ach,CP3174,structuring,0,0
AL007666,C82372,private,23,JP,ZA,249098.81,wire,CP6464,high_risk_geo,2,0
AL007667,C53508,retail,0,DE,JP,161918.14,wire,CP2297,sanctions_match,0,0
AL007668,C11934,business,22,JP,CA,24184.25,card,CP6102,high_risk_geo,0,0
AL007669,C83018,retail,0,GB,GB,2546.83,ach,CP1639,velocity,0,0
AL007670,C94447,business,16,CA,JP,5000.0,ach,CP7160,round_amount,8,0
AL007671,C82721,retail,24,CA,DE,20955.91,ach,CP1543,dormant_reactivation,3,0
AL007672,C28024,retail,4,SG,JP,39742.64,ach,CP3219,pep_match,3,1
AL007673,C75839,retail,10,AU,CA,14016.37,wire,CP5299,dormant_reactivation,0,0
AL007674,C86260,business,5,SG,AU,8633.85,wire,CP3381,structuring,0,0
AL007675,C79791,retail,3,SG,SG,3673.21,ach,CP2718,velocity,0,0
AL007676,C66673,retail,3,DE,TR,25000.0,ach,CP6333,round_amount,0,0
AL007677,C62929,retail,9,SG,AU,138556.35,ach,CP7729,sanctions_match,0,0
AL007678,C34861,business,20,DE,US,12001.04,ach,CP6558,dormant_reactivation,0,0
AL007679,C98771,retail,15,SG,NG,165053.6,card,CP2131,sanctions_match,0,0
AL007680,C57212,retail,21,NG,AE,9307.65,wire,CP2745,structuring,0,1
AL007681,C90130,retail,24,DE,GB,450.56,card,CP8387,velocity,0,0
AL007682,C45611,retail,6,GB,JP,10000.0,wire,CP1613,round_amount,0,0
AL007683,C53500,business,13,DE,US,33190.17,ach,CP1351,pep_match,1,0
AL007684,C27152,business,2,BR,US,25182.14,wire,CP3492,sanctions_match,0,0
AL007685,C10723,retail,2,AE,DE,49750.13,ach,CP4076,pep_match,0,1
AL007686,C19625,retail,20,SG,JP,25000.0,card,CP5042,round_amount,1,0
AL007687,C10193,retail,18,TR,BR,2185.98,ach,CP7621,sanctions_match,0,0
AL007688,C76494,retail,5,AU,DE,46941.17,wire,CP8766,sanctions_match,0,0
AL007689,C28425,retail,20,CA,GB,925.91,wire,CP7398,velocity,0,0
AL007690,C77020,business,10,CA,GB,1597.0,ach,CP4001,velocity,0,0
AL007691,C71127,retail,14,FR,SG,44238.0,wire,CP7049,pep_match,0,0
AL007692,C20612,retail,11,SG,AU,107.04,wire,CP3098,velocity,0,0
AL007693,C64034,retail,2,GB,DE,3803.81,ach,CP1210,velocity,0,0
AL007694,C55965,business,3,IR,AE,8306.34,ach,CP8327,structuring,1,1
AL007695,C89937,retail,22,AE,DE,99653.2,ach,CP1145,sanctions_match,2,0
AL007696,C18216,retail,2,US,NG,12805.21,card,CP7591,high_risk_geo,1,0
AL007697,C68060,business,15,SY,JP,3695.86,cash,CP6747,velocity,3,0
AL007698,C20465,retail,15,CA,NG,5000.0,ach,CP6811,round_amount,0,0
AL007699,C47487,retail,1,AU,JP,3296.85,card,CP8329,velocity,0,0
AL007700,C71761,retail,8,US,DE,37459.28,ach,CP8801,dormant_reactivation,2,0
AL007701,C25331,retail,10,FR,DE,5000.0,ach,CP2641,round_amount,0,0
AL007702,C67643,private,17,US,AE,199077.07,cash,CP1637,sanctions_match,3,1
AL007703,C76191,retail,9,GB,DE,18322.22,wire,CP6672,pep_match,1,0
AL007704,C16114,retail,25,CA,CA,25000.0,ach,CP6796,round_amount,1,0
AL007705,C60292,retail,24,DE,BR,182164.76,wire,CP7310,sanctions_match,1,0
AL007706,C71759,retail,15,TR,DE,212583.87,card,CP2159,sanctions_match,0,1
AL007707,C69164,business,23,SG,TR,4106.39,ach,CP6375,pep_match,0,0
AL007708,C50029,retail,23,AE,MX,13342.72,ach,CP8354,high_risk_geo,0,0
AL007709,C48643,retail,25,CA,SG,15950.25,ach,CP5119,high_risk_geo,1,0
AL007710,C25821,business,11,JP,BR,8767.31,ach,CP3009,structuring,0,0
AL007711,C76639,retail,22,DE,CA,100000.0,wire,CP4828,round_amount,3,0
AL007712,C69835,retail,12,JP,GB,10000.0,ach,CP4884,round_amount,0,0
AL007713,C51760,business,25,SG,SG,15044.15,card,CP7979,pep_match,0,0
AL007714,C61101,business,10,SG,FR,98789.54,ach,CP6068,sanctions_match,0,0
AL007715,C31521,retail,4,DE,AU,8158.57,cash,CP3796,structuring,0,0
AL007716,C79290,business,23,DE,MX,1987.03,ach,CP7809,sanctions_match,0,0
AL007717,C14907,business,11,US,JP,8753.85,wire,CP4501,structuring,0,1
AL007718,C75872,retail,17,DE,CA,8634.53,wire,CP5504,structuring,0,0
AL007719,C28446,business,2,FR,GB,965.23,ach,CP7771,sanctions_match,0,0
AL007720,C88684,retail,19,CA,JP,213447.2,wire,CP8998,sanctions_match,1,1
AL007721,C69802,retail,24,FR,JP,47419.44,ach,CP1107,sanctions_match,1,1
AL007722,C44148,retail,13,GB,DE,11649.01,wire,CP8603,high_risk_geo,2,0
AL007723,C74827,business,9,US,AU,8413.17,ach,CP5299,structuring,1,0
AL007724,C50898,retail,16,FR,CA,224977.08,wire,CP2123,sanctions_match,0,0
AL007725,C49647,private,6,US,KP,27123.07,ach,CP3248,dormant_reactivation,0,0
AL007726,C57817,retail,4,FR,AE,8102.97,ach,CP2585,structuring,3,1
AL007727,C61475,private,19,US,BR,38458.3,wire,CP7323,pep_match,0,0
AL007728,C18992,retail,8,CA,JP,77070.53,ach,CP8301,sanctions_match,5,0
AL007729,C54522,retail,17,DE,GB,5174.2,wire,CP3818,high_risk_geo,1,0
AL007730,C23825,retail,8,CA,SG,114113.38,wire,CP4088,sanctions_match,8,0
AL007731,C23033,business,9,GB,CA,521.24,card,CP6671,dormant_reactivation,0,0
AL007732,C94473,business,13,JP,CA,6351.6,ach,CP6952,high_risk_geo,1,0
AL007733,C45716,retail,9,CA,SG,13262.89,card,CP2161,dormant_reactivation,0,0
AL007734,C62355,retail,8,GB,MM,4158.13,wire,CP5102,velocity,8,0
AL007735,C77962,retail,0,FR,DE,173126.21,wire,CP8174,sanctions_match,1,0
AL007736,C92587,retail,4,DE,FR,9310.71,ach,CP2988,structuring,0,1
AL007737,C82787,business,17,CA,ZA,2184.31,ach,CP9764,pep_match,1,1
AL007738,C26329,retail,20,JP,AE,10000.0,wire,CP4237,round_amount,0,0
AL007739,C43837,retail,21,IR,JP,25000.0,wire,CP3764,round_amount,0,0
AL007740,C59098,retail,8,AU,AE,22876.47,wire,CP3692,high_risk_geo,1,0
AL007741,C45727,retail,4,FR,US,11861.95,card,CP8994,high_risk_geo,0,0
AL007742,C33465,retail,6,TR,JP,1009.52,ach,CP5191,dormant_reactivation,0,0
AL007743,C24908,retail,12,GB,JP,23581.09,card,CP3187,dormant_reactivation,0,0
AL007744,C62697,retail,4,US,GB,8535.31,ach,CP9110,dormant_reactivation,0,0
AL007745,C23200,retail,4,AU,AU,7803.82,card,CP7969,structuring,0,1
AL007746,C10333,retail,14,FR,AU,33757.25,ach,CP1124,dormant_reactivation,1,0
AL007747,C14125,retail,24,DE,DE,50000.0,ach,CP9316,round_amount,0,0
AL007748,C53070,business,6,NG,DE,49096.47,card,CP5453,dormant_reactivation,3,0
AL007749,C55971,retail,15,BR,SG,8426.05,ach,CP3264,structuring,0,1
AL007750,C36992,retail,0,CA,JP,48700.33,ach,CP3320,pep_match,0,0
AL007751,C75757,business,25,US,AU,22188.46,ach,CP9745,high_risk_geo,0,0
AL007752,C42892,business,18,MX,DE,9433.06,card,CP1698,structuring,3,0
AL007753,C12133,private,17,SG,GB,2260.1,card,CP3473,velocity,1,0
AL007754,C98322,retail,5,MX,JP,25000.0,wire,CP6550,round_amount,1,0
AL007755,C77261,retail,5,FR,CA,15849.04,wire,CP1041,pep_match,0,0
AL007756,C72861,retail,12,CA,GB,1822.39,card,CP3503,velocity,0,0
AL007757,C21267,retail,3,US,JP,43332.16,ach,CP3851,dormant_reactivation,0,1
AL007758,C37473,business,25,CA,DE,8840.7,wire,CP2000,structuring,0,1
AL007759,C28566,retail,23,GB,BR,19156.81,wire,CP5554,high_risk_geo,0,0
AL007760,C18385,retail,23,CA,SY,100000.0,card,CP6836,round_amount,1,0
AL007761,C43787,retail,2,GB,US,34962.3,card,CP4383,dormant_reactivation,5,0
AL007762,C20618,retail,19,CA,DE,71652.64,wire,CP3402,sanctions_match,0,0
AL007763,C95319,retail,0,GB,SG,1809.4,ach,CP8042,velocity,0,0
AL007764,C21692,retail,0,MX,US,3153.74,ach,CP2213,velocity,0,0
AL007765,C74841,retail,4,CA,MX,33620.83,ach,CP7127,dormant_reactivation,0,0
AL007766,C82174,retail,3,GB,DE,14606.82,cash,CP9539,high_risk_geo,0,0
AL007767,C14547,retail,0,CA,SG,21917.41,ach,CP7968,sanctions_match,0,0
AL007768,C32040,retail,4,TR,BR,411.03,ach,CP4161,velocity,1,0
AL007769,C33893,retail,1,DE,DE,146671.88,ach,CP7326,sanctions_match,3,0
AL007770,C64421,retail,7,AE,FR,9612.04,ach,CP3429,structuring,3,0
AL007771,C93014,business,24,GB,US,50000.0,wire,CP3761,round_amount,0,0
AL007772,C30075,business,10,SG,FR,21401.73,ach,CP3748,dormant_reactivation,0,0
AL007773,C71542,retail,8,SG,DE,20010.8,wire,CP1874,dormant_reactivation,1,0
AL007774,C80930,retail,18,FR,FR,14614.59,card,CP4961,pep_match,0,0
AL007775,C25834,business,3,SG,US,17460.43,wire,CP1353,high_risk_geo,0,0
AL007776,C65070,retail,2,CA,GB,50000.0,ach,CP4844,round_amount,0,0
AL007777,C77828,business,24,US,NG,21711.53,ach,CP3822,pep_match,0,0
AL007778,C59865,retail,25,JP,FR,8368.59,ach,CP3072,high_risk_geo,2,0
AL007779,C47443,retail,18,JP,AU,10000.0,cash,CP2996,round_amount,0,0
AL007780,C48193,retail,21,SG,AE,24559.03,card,CP4425,high_risk_geo,0,0
AL007781,C51732,retail,24,SG,ZA,32867.58,ach,CP6943,dormant_reactivation,1,0
AL007782,C63589,private,1,JP,SG,5000.0,ach,CP4899,round_amount,1,0
AL007783,C49817,retail,15,DE,GB,19510.86,wire,CP6761,high_risk_geo,1,0
AL007784,C46679,private,25,FR,IR,15876.39,cash,CP9275,pep_match,1,0
AL007785,C89216,business,8,AE,SG,32901.84,ach,CP4713,pep_match,1,0
AL007786,C48827,business,12,CA,US,4414.82,ach,CP1727,velocity,0,0
AL007787,C74036,private,15,FR,ZA,4415.51,wire,CP8946,velocity,2,0
AL007788,C14594,retail,2,AU,AU,8447.66,card,CP2916,structuring,0,0
AL007789,C92244,retail,18,FR,SG,246637.25,cash,CP4977,sanctions_match,1,0
AL007790,C72818,retail,23,GB,AU,50000.0,ach,CP4544,round_amount,0,0
AL007791,C62304,private,9,JP,US,4772.23,cash,CP3619,velocity,1,0
AL007792,C67774,retail,20,AU,FR,8361.38,card,CP2170,structuring,0,0
AL007793,C11964,retail,24,AU,GB,37236.37,wire,CP2100,pep_match,0,0
AL007794,C49477,retail,11,DE,FR,25000.0,ach,CP1488,round_amount,0,0
AL007795,C99830,retail,19,AU,MX,9729.12,wire,CP2077,structuring,0,0
AL007796,C71935,private,23,GB,FR,139437.59,wire,CP3531,sanctions_match,0,0
AL007797,C48618,retail,16,US,FR,25000.0,card,CP8237,round_amount,1,0
AL007798,C20210,retail,14,CA,GB,16006.18,card,CP2827,high_risk_geo,0,0
AL007799,C69901,retail,19,GB,DE,5111.5,ach,CP7783,high_risk_geo,0,0
AL007800,C86561,private,7,AU,JP,50000.0,ach,CP9060,round_amount,0,0
AL007801,C29172,private,20,GB,CA,13000.21,card,CP3450,pep_match,0,0
AL007802,C73444,business,16,FR,AU,23081.56,ach,CP5062,pep_match,3,0
AL007803,C30683,retail,20,FR,AU,8322.94,wire,CP2237,structuring,1,0
AL007804,C79750,retail,4,AU,BR,153085.85,wire,CP7820,sanctions_match,1,0
AL007805,C70480,retail,4,GB,GB,9043.78,card,CP2783,structuring,0,1
AL007806,C81872,business,17,GB,JP,24620.94,wire,CP2002,dormant_reactivation,5,0
AL007807,C24897,retail,8,FR,JP,7607.23,ach,CP7783,high_risk_geo,1,1
AL007808,C29543,retail,5,AU,ZA,74453.96,wire,CP7708,sanctions_match,0,0
AL007809,C59008,retail,7,US,GB,100000.0,ach,CP9626,round_amount,3,0
AL007810,C62563,business,20,AU,JP,20153.16,ach,CP5961,dormant_reactivation,0,0
AL007811,C23778,private,16,CA,DE,52938.62,ach,CP3003,high_risk_geo,0,0
AL007812,C67197,retail,6,US,DE,2528.81,ach,CP2210,velocity,0,0
AL007813,C43380,retail,14,AU,NG,93416.09,card,CP2355,sanctions_match,0,0
AL007814,C88123,retail,1,CA,NG,16881.45,card,CP4662,dormant_reactivation,0,0
AL007815,C84598,retail,10,GB,FR,23196.96,ach,CP6326,high_risk_geo,0,0
AL007816,C31281,retail,5,US,SG,5000.0,cash,CP1459,round_amount,0,0
AL007817,C23923,business,18,AE,DE,8101.19,ach,CP8323,structuring,0,1
AL007818,C87890,business,0,CA,MX,12937.21,wire,CP3780,dormant_reactivation,0,0
AL007819,C51637,retail,21,GB,DE,13138.86,ach,CP8235,dormant_reactivation,0,0
AL007820,C51764,business,5,MM,JP,982.09,ach,CP5736,velocity,2,0
AL007821,C86392,retail,22,JP,CA,4202.76,cash,CP8209,dormant_reactivation,2,0
AL007822,C46497,private,1,AU,FR,186089.78,card,CP4230,sanctions_match,3,1
AL007823,C90859,retail,0,GB,FR,137958.32,cash,CP1652,sanctions_match,5,0
AL007824,C94451,business,7,US,MX,20108.61,card,CP6661,high_risk_geo,2,0
AL007825,C53490,retail,17,AU,AU,50000.0,wire,CP5183,round_amount,0,1
AL007826,C62113,retail,24,AU,SG,4967.72,cash,CP5299,velocity,1,0
AL007827,C16961,business,5,AU,JP,33642.05,wire,CP2215,dormant_reactivation,0,0
AL007828,C72867,retail,18,JP,AU,10000.0,ach,CP4268,round_amount,3,0
AL007829,C60865,business,20,GB,CA,35521.02,ach,CP3645,pep_match,1,0
AL007830,C25687,retail,12,JP,TR,19628.77,wire,CP8909,dormant_reactivation,0,0
AL007831,C38629,retail,20,AU,CA,42435.95,wire,CP4734,dormant_reactivation,3,0
AL007832,C82677,retail,2,SG,SG,247688.79,card,CP6051,sanctions_match,2,0
AL007833,C89007,retail,2,CA,BR,9711.31,ach,CP1676,dormant_reactivation,0,0
AL007834,C11414,retail,13,VE,AU,8993.47,card,CP4618,sanctions_match,0,0
AL007835,C65816,retail,20,TR,SG,3779.43,ach,CP5305,velocity,0,0
AL007836,C97034,business,7,SG,GB,41816.84,wire,CP1974,dormant_reactivation,0,0
AL007837,C92059,retail,3,ZA,FR,7825.58,ach,CP9480,structuring,0,0
AL007838,C53565,retail,3,GB,BR,130805.87,ach,CP4219,sanctions_match,5,0
AL007839,C35507,private,1,SY,SG,235668.8,ach,CP8650,sanctions_match,2,0
AL007840,C66911,business,11,CA,FR,20101.64,ach,CP6345,high_risk_geo,0,0
AL007841,C86347,retail,14,SG,CA,828.12,wire,CP1910,velocity,1,0
AL007842,C82808,retail,9,AE,DE,9038.03,wire,CP8835,dormant_reactivation,0,1
AL007843,C47587,retail,17,GB,US,767.79,ach,CP9989,velocity,2,0
AL007844,C61748,retail,24,US,ZA,3562.33,ach,CP6695,velocity,0,0
AL007845,C21350,private,22,TR,ZA,19761.27,wire,CP4812,pep_match,0,1
AL007846,C85400,retail,24,GB,AU,9776.88,wire,CP8142,high_risk_geo,0,0
AL007847,C56685,retail,19,US,SG,33633.96,card,CP4975,pep_match,1,0
AL007848,C72996,retail,0,GB,ZA,52011.52,ach,CP6080,sanctions_match,3,0
AL007849,C79577,retail,24,NG,DE,23200.44,ach,CP8898,high_risk_geo,0,0
AL007850,C82265,retail,21,CA,DE,9599.89,card,CP4042,structuring,2,0
AL007851,C99303,retail,19,TR,GB,10000.0,wire,CP7215,round_amount,0,0
AL007852,C75279,business,25,AU,GB,4678.76,card,CP3298,velocity,1,0
AL007853,C49646,retail,2,US,JP,7824.42,wire,CP2929,structuring,0,0
AL007854,C86619,retail,10,ZA,DE,100000.0,ach,CP2741,round_amount,0,0
AL007855,C37009,private,24,RU,FR,47577.25,card,CP9055,dormant_reactivation,0,0
AL007856,C65106,retail,11,US,BR,10000.0,wire,CP3980,round_amount,0,0
AL007857,C91975,retail,8,DE,AU,141.74,wire,CP4242,velocity,2,0
AL007858,C46534,retail,2,US,CA,219165.64,ach,CP2639,sanctions_match,1,0
AL007859,C96288,retail,6,BR,CA,35242.76,wire,CP7989,dormant_reactivation,0,0
AL007860,C96553,business,7,FR,SG,18359.81,wire,CP2295,pep_match,0,0
AL007861,C97487,business,14,CA,AU,2542.25,ach,CP3342,velocity,3,0
AL007862,C31474,retail,23,ZA,JP,17507.68,ach,CP5366,high_risk_geo,0,0
AL007863,C47075,retail,8,SG,DE,2050.74,ach,CP8140,velocity,1,0
AL007864,C44952,retail,22,AU,AU,10000.0,wire,CP3734,round_amount,0,1
AL007865,C23473,retail,3,SG,CA,9782.27,card,CP7315,structuring,0,1
AL007866,C52566,retail,14,CA,TR,22556.21,wire,CP7937,high_risk_geo,0,0
AL007867,C40039,retail,16,US,CA,41412.14,cash,CP5033,dormant_reactivation,2,0
AL007868,C57959,retail,9,GB,AU,242447.21,cash,CP4109,sanctions_match,0,0
AL007869,C84331,retail,13,US,SG,22992.57,ach,CP5261,pep_match,0,0
AL007870,C20745,private,1,CA,US,28719.11,card,CP2887,dormant_reactivation,0,0
AL007871,C60547,retail,1,SG,JP,2124.81,wire,CP4366,velocity,0,0
AL007872,C75104,private,21,NG,DE,222485.81,ach,CP4043,high_risk_geo,3,0
AL007873,C89511,business,23,JP,AE,5000.0,wire,CP2644,round_amount,1,0
AL007874,C18405,retail,3,GB,TR,18483.37,wire,CP1067,high_risk_geo,2,0
AL007875,C68785,retail,13,SG,JP,46980.17,wire,CP2217,pep_match,0,0
AL007876,C14770,business,11,JP,US,4947.53,card,CP6650,velocity,0,0
AL007877,C83927,business,0,SG,AU,14310.21,ach,CP1176,dormant_reactivation,1,0
AL007878,C77178,retail,24,CA,AU,8237.25,wire,CP3588,structuring,1,0
AL007879,C33630,retail,10,FR,ZA,3960.93,ach,CP8268,velocity,1,0
AL007880,C56821,retail,4,TR,CA,22563.29,ach,CP6900,dormant_reactivation,3,0
AL007881,C18149,retail,1,GB,GB,8568.39,ach,CP8772,structuring,1,0
AL007882,C50984,business,25,RU,CA,15118.47,ach,CP3933,dormant_reactivation,1,0
AL007883,C70473,retail,13,AU,SG,159561.28,ach,CP5164,sanctions_match,0,0
AL007884,C18519,retail,1,JP,FR,8108.26,wire,CP8589,structuring,0,0
AL007885,C33870,retail,3,MX,DE,29081.43,ach,CP4498,dormant_reactivation,0,0
AL007886,C36828,retail,22,ZA,CA,25000.0,ach,CP7328,round_amount,0,0
AL007887,C72135,business,1,US,DE,8680.7,wire,CP6581,structuring,3,1
AL007888,C83498,retail,23,JP,GB,1198.33,wire,CP1419,velocity,8,0
AL007889,C29614,private,20,TR,CA,100000.0,ach,CP4447,round_amount,3,0
AL007890,C13785,retail,21,MX,DE,172115.69,card,CP7568,sanctions_match,0,1
AL007891,C71493,retail,12,US,CA,4330.12,wire,CP8901,velocity,0,0
AL007892,C57037,retail,25,NG,SY,22377.61,ach,CP8651,dormant_reactivation,3,0
AL007893,C97401,retail,20,AE,AU,7982.14,cash,CP6982,structuring,0,0
AL007894,C55518,retail,12,DE,US,8965.19,ach,CP7546,structuring,0,0
AL007895,C16778,retail,13,GB,AE,198165.05,wire,CP8656,sanctions_match,0,0
AL007896,C23092,business,2,BR,CA,2841.51,card,CP8833,velocity,0,0
AL007897,C75547,retail,21,DE,TR,100000.0,ach,CP5246,round_amount,0,0
AL007898,C60168,retail,4,ZA,US,74454.92,wire,CP7124,sanctions_match,0,0
AL007899,C35498,retail,9,MX,FR,35249.45,wire,CP3825,dormant_reactivation,2,0
AL007900,C36126,business,9,FR,CA,10598.78,card,CP7038,high_risk_geo,0,0
AL007901,C30971,retail,24,JP,NG,43105.67,card,CP5921,pep_match,1,0
AL007902,C46988,business,13,JP,GB,10785.7,card,CP3585,high_risk_geo,0,0
AL007903,C62427,private,17,KP,SG,165797.36,wire,CP4978,sanctions_match,0,0
AL007904,C49198,retail,25,ZA,ZA,26810.09,cash,CP1208,sanctions_match,0,1
AL007905,C92531,retail,1,JP,MM,53840.53,card,CP5339,sanctions_match,1,0
AL007906,C47592,business,19,NG,DE,4934.06,wire,CP6630,pep_match,0,0
AL007907,C43169,private,0,RU,NG,100000.0,wire,CP6595,round_amount,1,0
AL007908,C21109,retail,23,FR,AU,3913.39,ach,CP2371,velocity,0,0
AL007909,C83362,retail,2,CA,FR,23235.53,wire,CP6168,high_risk_geo,3,0
AL007910,C40014,retail,4,SG,FR,8701.45,ach,CP4192,structuring,0,0
AL007911,C57809,retail,4,US,SY,2420.29,card,CP3313,pep_match,1,0
AL007912,C11950,retail,4,TR,MX,27423.83,wire,CP5306,pep_match,0,0
AL007913,C17483,retail,4,JP,FR,14229.96,cash,CP8907,dormant_reactivation,1,0
AL007914,C78065,retail,9,FR,AU,2822.05,card,CP2895,velocity,5,0
AL007915,C43919,business,5,US,NG,144892.74,ach,CP3699,sanctions_match,0,1
AL007916,C17842,retail,8,SG,AU,380.08,card,CP9311,velocity,0,0
AL007917,C47884,retail,5,BR,FR,5000.0,ach,CP6166,round_amount,0,0
AL007918,C70602,private,17,DE,RU,50983.21,ach,CP8696,high_risk_geo,5,0
AL007919,C47591,private,14,FR,ZA,1015.88,wire,CP7622,velocity,0,0
AL007920,C24726,retail,14,US,GB,8030.32,card,CP1874,structuring,2,0
AL007921,C31963,retail,2,SY,FR,25000.0,ach,CP7969,round_amount,2,0
AL007922,C63181,retail,24,SG,NG,22241.96,wire,CP5478,high_risk_geo,3,0
AL007923,C61474,business,9,CA,SG,2005.66,ach,CP7650,pep_match,0,0
AL007924,C28135,business,9,GB,SG,2269.73,wire,CP2694,velocity,0,1
AL007925,C68895,retail,24,DE,CA,22151.34,ach,CP2617,high_risk_geo,1,0
AL007926,C74289,private,16,AU,FR,8026.19,wire,CP4637,pep_match,0,0
AL007927,C66193,retail,25,TR,SG,89541.63,wire,CP4734,sanctions_match,0,0
AL007928,C49007,retail,3,AU,BR,207962.09,ach,CP2316,sanctions_match,1,0
AL007929,C84459,retail,7,DE,JP,9011.4,wire,CP1666,structuring,0,0
AL007930,C91625,retail,25,GB,TR,50000.0,ach,CP2514,round_amount,0,0
AL007931,C10879,retail,11,GB,SG,43915.43,ach,CP8905,pep_match,0,0
AL007932,C12975,retail,10,DE,AU,12987.42,ach,CP6015,pep_match,0,0
AL007933,C99128,private,6,TR,GB,133911.03,wire,CP8935,high_risk_geo,0,0
AL007934,C91876,retail,3,CA,DE,223775.74,wire,CP4366,sanctions_match,2,1
AL007935,C57857,retail,22,CA,TR,28692.83,ach,CP8989,dormant_reactivation,3,0
AL007936,C95115,retail,5,CA,NG,9770.1,card,CP6483,structuring,1,0
AL007937,C84603,business,8,AU,CA,14246.85,ach,CP3697,dormant_reactivation,1,0
AL007938,C74806,business,7,BR,AE,124627.54,card,CP9801,sanctions_match,0,0
AL007939,C75736,business,4,US,GB,20358.75,cash,CP7286,high_risk_geo,0,0
AL007940,C49574,retail,11,GB,NG,4375.54,card,CP5946,velocity,1,0
AL007941,C61151,retail,6,CA,AU,29332.27,ach,CP1483,dormant_reactivation,0,0
AL007942,C63412,business,18,GB,US,217644.49,ach,CP3937,sanctions_match,0,0
AL007943,C63997,business,9,GB,CA,34708.75,wire,CP9083,pep_match,0,0
AL007944,C99725,retail,2,NG,DE,10000.0,card,CP5080,round_amount,0,0
AL007945,C41903,retail,23,GB,FR,50000.0,wire,CP3201,round_amount,1,0
AL007946,C75380,business,22,GB,IR,45147.54,wire,CP6795,dormant_reactivation,5,1
AL007947,C43611,retail,23,CA,AU,60058.28,wire,CP5627,sanctions_match,0,0
AL007948,C42282,retail,5,NG,ZA,172561.99,ach,CP9606,sanctions_match,0,1
AL007949,C57584,retail,9,FR,CA,4615.95,ach,CP8792,velocity,0,0
AL007950,C91866,retail,8,US,US,18803.83,card,CP6880,pep_match,0,0
AL007951,C31405,retail,4,GB,JP,16817.17,ach,CP5230,high_risk_geo,1,0
AL007952,C55117,retail,19,AU,CA,5000.0,wire,CP1152,round_amount,0,0
AL007953,C84584,retail,25,JP,CA,4518.97,ach,CP6298,velocity,0,0
AL007954,C59226,business,0,CA,SG,26059.39,cash,CP7550,pep_match,0,0
AL007955,C36553,retail,1,NG,FR,8947.48,ach,CP5300,structuring,2,0
AL007956,C16163,retail,11,GB,CA,17682.64,cash,CP3728,pep_match,0,1
AL007957,C70276,business,17,US,BR,25000.0,card,CP3385,round_amount,0,0
AL007958,C84305,retail,16,AU,GB,23660.22,cash,CP2737,high_risk_geo,0,0
AL007959,C89694,retail,17,TR,CA,11937.82,wire,CP1625,dormant_reactivation,2,0
AL007960,C81624,retail,7,DE,AU,11329.5,ach,CP5670,pep_match,1,0
AL007961,C87714,business,22,FR,GB,3002.61,wire,CP3292,velocity,0,0
AL007962,C88071,retail,15,GB,JP,42686.39,card,CP5300,dormant_reactivation,0,0
AL007963,C82862,retail,19,US,DE,5000.0,wire,CP9078,round_amount,0,0
AL007964,C93549,private,5,RU,KP,8224.19,wire,CP1905,structuring,0,1
AL007965,C84007,retail,13,IR,JP,36164.23,wire,CP1607,pep_match,3,1
AL007966,C50292,business,0,US,CA,9900.49,card,CP1634,structuring,0,0
AL007967,C57476,retail,18,GB,BR,16953.81,wire,CP7223,pep_match,5,0
AL007968,C56295,retail,3,FR,SG,202714.38,wire,CP3411,sanctions_match,0,0
AL007969,C38280,business,16,SY,CA,10000.0,wire,CP8277,round_amount,0,0
AL007970,C28763,business,15,CA,MX,101429.14,wire,CP5054,sanctions_match,2,1
AL007971,C35238,retail,9,JP,SG,7894.72,cash,CP8478,pep_match,3,0
AL007972,C86660,retail,9,AE,CA,135766.17,ach,CP2394,sanctions_match,0,0
AL007973,C80078,retail,13,FR,SG,25000.0,ach,CP7867,round_amount,0,0
AL007974,C63906,retail,25,TR,CA,21670.34,wire,CP5719,pep_match,0,0
AL007975,C51010,business,10,US,AU,8537.84,card,CP4122,structuring,2,0
AL007976,C84016,retail,22,SG,JP,9969.12,ach,CP2067,structuring,2,0
AL007977,C92537,retail,0,AU,CA,9645.48,cash,CP8053,structuring,0,0
AL007978,C79772,retail,22,FR,DE,25000.0,wire,CP5444,round_amount,0,0
AL007979,C63683,private,9,AE,TR,18115.82,card,CP9202,dormant_reactivation,0,0
AL007980,C69568,retail,16,DE,CA,50000.0,wire,CP4136,round_amount,0,0
AL007981,C23796,private,22,AU,ZA,45158.02,ach,CP4163,dormant_reactivation,1,0
AL007982,C98919,retail,5,GB,GB,20705.93,card,CP7585,dormant_reactivation,3,0
AL007983,C66668,business,10,GB,GB,28735.63,ach,CP9669,pep_match,0,0
AL007984,C64156,retail,12,AE,JP,23674.97,wire,CP2651,pep_match,0,0
AL007985,C28773,private,1,AU,AE,153000.69,ach,CP5745,sanctions_match,1,0
AL007986,C67015,business,16,US,AU,14709.44,card,CP2626,high_risk_geo,1,0
AL007987,C84855,retail,2,TR,SG,32057.54,wire,CP6750,pep_match,0,0
AL007988,C58450,retail,25,GB,US,19590.91,wire,CP6807,dormant_reactivation,0,0
AL007989,C67154,retail,16,SG,AU,2592.45,wire,CP7886,velocity,8,0
AL007990,C41305,retail,11,NG,AU,130.53,ach,CP9807,velocity,3,0
AL007991,C97408,business,2,JP,SG,241778.99,ach,CP2896,sanctions_match,0,0
AL007992,C44136,retail,8,US,DE,21566.01,wire,CP2727,high_risk_geo,0,0
AL007993,C61219,business,20,SG,DE,335.17,cash,CP6138,velocity,1,1
AL007994,C61615,retail,17,GB,DE,24406.33,wire,CP7704,pep_match,0,1
AL007995,C50705,retail,21,US,BR,1235.1,ach,CP3541,velocity,1,0
AL007996,C76115,retail,16,AU,CA,10000.0,card,CP9423,round_amount,0,0
AL007997,C94945,retail,16,SG,DE,10000.0,card,CP7379,round_amount,0,0
AL007998,C55293,retail,20,AE,GB,3984.36,ach,CP3521,velocity,0,0
AL007999,C93222,private,15,ZA,SY,12001.65,card,CP8849,dormant_reactivation,1,0
AL008000,C62652,retail,18,US,FR,89163.49,ach,CP1810,sanctions_match,1,0
AL008001,C70991,retail,11,DE,GB,49041.63,wire,CP2649,pep_match,0,1
AL008002,C95165,retail,16,JP,FR,9051.64,ach,CP9458,structuring,8,0
AL008003,C21687,business,12,MX,JP,8421.87,ach,CP2649,structuring,0,0
AL008004,C56793,business,24,US,DE,8488.52,ach,CP4403,structuring,0,0
AL008005,C83882,retail,20,AU,JP,17537.02,wire,CP4205,sanctions_match,0,0
AL008006,C89141,retail,2,MX,JP,100000.0,card,CP4884,round_amount,0,0
AL008007,C69453,business,25,NG,FR,40615.94,ach,CP9748,dormant_reactivation,0,0
AL008008,C50853,retail,8,BR,DE,4130.0,wire,CP4687,pep_match,0,0
AL008009,C15514,business,12,AU,FR,5528.06,card,CP4181,high_risk_geo,3,0
AL008010,C50428,retail,24,AU,DE,43535.59,cash,CP6309,pep_match,1,0
AL008011,C53471,retail,9,JP,GB,44366.44,ach,CP4676,dormant_reactivation,1,0
AL008012,C69215,retail,22,DE,FR,12984.84,card,CP6828,dormant_reactivation,0,0
AL008013,C33243,retail,7,JP,RU,8999.25,ach,CP2471,structuring,0,0
AL008014,C89750,retail,17,US,SG,50000.0,card,CP1896,round_amount,0,0
AL008015,C90525,retail,6,FR,US,9310.71,ach,CP1849,structuring,0,0
AL008016,C26512,retail,15,JP,US,20422.71,card,CP4510,dormant_reactivation,1,0
AL008017,C23024,retail,16,DE,DE,8699.86,ach,CP7353,structuring,0,0
AL008018,C35229,retail,20,AU,ZA,5569.21,ach,CP3491,pep_match,0,0
AL008019,C58617,retail,13,TR,JP,25000.0,wire,CP9769,round_amount,0,0
AL008020,C65121,retail,19,US,GB,21918.84,ach,CP2924,dormant_reactivation,2,0
AL008021,C91252,retail,23,FR,FR,218850.09,ach,CP1336,sanctions_match,1,0
AL008022,C86057,retail,1,AU,FR,4719.54,ach,CP4757,velocity,0,0
AL008023,C89377,retail,24,US,CA,83792.81,cash,CP5964,sanctions_match,0,0
AL008024,C95742,retail,9,NG,JP,37745.9,ach,CP5624,pep_match,2,0
AL008025,C93913,retail,21,SY,GB,37588.12,ach,CP8042,pep_match,0,0
AL008026,C11755,private,3,GB,MX,2798.87,wire,CP6745,velocity,0,0
AL008027,C22858,business,6,AU,US,91916.0,ach,CP3779,sanctions_match,3,0
AL008028,C43508,retail,21,CA,DE,8837.6,ach,CP8684,structuring,0,0
AL008029,C26488,business,1,AU,DE,26007.87,ach,CP1515,dormant_reactivation,0,0
AL008030,C29975,retail,3,AE,NG,40401.67,ach,CP1814,pep_match,1,0
AL008031,C73854,retail,1,FR,AE,50000.0,card,CP3807,round_amount,2,0
AL008032,C79164,retail,7,JP,FR,2468.89,ach,CP3949,velocity,2,0
AL008033,C76635,retail,4,DE,FR,11588.69,card,CP1836,dormant_reactivation,0,0
AL008034,C95247,private,13,CA,IR,237075.86,ach,CP2373,high_risk_geo,2,0
AL008035,C36210,retail,12,SG,DE,9979.59,cash,CP4673,structuring,0,0
AL008036,C55800,business,23,DE,US,9535.65,cash,CP6655,structuring,1,0
AL008037,C27607,retail,1,JP,SG,37582.64,ach,CP1056,dormant_reactivation,8,1
AL008038,C61557,retail,9,DE,AU,1897.51,wire,CP4032,velocity,0,0
AL008039,C86593,retail,20,NG,JP,25000.0,wire,CP2706,round_amount,0,0
AL008040,C10907,private,21,KP,TR,221748.25,wire,CP2311,high_risk_geo,0,0
AL008041,C80675,private,1,AU,GB,100000.0,ach,CP2529,round_amount,0,0
AL008042,C79489,private,7,MX,SG,237631.48,ach,CP6355,high_risk_geo,2,0
AL008043,C14293,retail,18,JP,US,171692.65,ach,CP1731,sanctions_match,3,1
AL008044,C28602,retail,16,BR,ZA,225727.75,cash,CP6599,sanctions_match,2,0
AL008045,C24483,business,6,AU,AU,2207.87,ach,CP4900,velocity,2,0
AL008046,C90842,retail,5,ZA,JP,1496.65,ach,CP3557,velocity,1,0
AL008047,C57258,retail,18,GB,DE,203.5,cash,CP8507,velocity,0,0
AL008048,C82290,retail,23,NG,MX,16404.04,wire,CP7588,high_risk_geo,0,0
AL008049,C43412,retail,22,CA,BR,114602.13,ach,CP1903,sanctions_match,2,0
AL008050,C36303,retail,4,AU,SG,15092.32,wire,CP1278,pep_match,5,0
AL008051,C72048,retail,1,DE,CA,9490.62,cash,CP3672,structuring,0,1
AL008052,C45928,retail,8,NG,FR,131859.46,card,CP9987,sanctions_match,2,1
AL008053,C83700,business,22,US,JP,5185.92,ach,CP5381,high_risk_geo,8,0
AL008054,C49049,retail,7,JP,SG,12092.86,cash,CP8702,high_risk_geo,1,0
AL008055,C94938,business,21,FR,SG,10000.0,card,CP5872,round_amount,0,0
AL008056,C59755,retail,17,JP,CA,99056.03,card,CP5521,sanctions_match,0,0
AL008057,C85325,retail,22,US,AU,9695.97,ach,CP3499,structuring,0,0
AL008058,C97239,business,17,JP,AU,209114.04,card,CP9909,sanctions_match,1,0
AL008059,C29725,retail,3,GB,GB,3629.07,ach,CP2338,velocity,2,0
AL008060,C68457,retail,10,AU,CA,20890.64,card,CP4181,high_risk_geo,0,0
AL008061,C49999,retail,3,DE,CA,2942.64,ach,CP5922,sanctions_match,0,0
AL008062,C57813,private,0,CA,CA,43410.11,wire,CP4388,dormant_reactivation,1,0
AL008063,C38032,retail,24,AU,CA,24060.45,cash,CP3259,pep_match,0,0
AL008064,C19536,retail,1,DE,FR,5000.0,wire,CP9005,round_amount,0,0
AL008065,C69570,retail,12,SG,DE,100000.0,card,CP7469,round_amount,0,0
AL008066,C46503,retail,14,BR,DE,40170.05,ach,CP1501,pep_match,0,0
AL008067,C80073,retail,23,JP,CA,238641.88,ach,CP9449,sanctions_match,0,0
AL008068,C31480,retail,21,JP,DE,4675.23,cash,CP1976,velocity,0,0
AL008069,C92731,retail,25,AU,GB,44064.78,ach,CP7359,pep_match,3,0
AL008070,C20759,private,15,TR,AU,44553.19,card,CP9531,pep_match,0,0
AL008071,C86670,retail,25,SG,CA,145052.63,wire,CP7858,sanctions_match,2,0
AL008072,C16385,retail,8,GB,JP,132043.59,wire,CP1184,sanctions_match,1,0
AL008073,C58289,retail,19,ZA,AU,30052.78,wire,CP8393,pep_match,2,0
AL008074,C63689,business,16,US,US,9963.27,wire,CP9165,structuring,0,0
AL008075,C91642,business,23,TR,CA,46970.62,wire,CP9073,pep_match,1,0
AL008076,C18188,retail,7,GB,JP,41819.23,wire,CP4059,sanctions_match,1,0
AL008077,C15428,private,6,GB,ZA,74646.71,ach,CP7596,sanctions_match,0,0
AL008078,C67021,retail,1,BR,JP,24872.79,ach,CP2738,high_risk_geo,2,0
AL008079,C43655,retail,3,AU,DE,31867.12,ach,CP9734,pep_match,0,0
AL008080,C24711,retail,5,CA,US,25000.0,card,CP2617,round_amount,1,0
AL008081,C47993,business,10,CA,CA,8687.17,cash,CP9985,structuring,0,0
AL008082,C39685,retail,13,GB,FR,100000.0,wire,CP4956,round_amount,0,0
AL008083,C97438,retail,20,BR,US,10000.0,ach,CP8843,round_amount,0,0
AL008084,C70337,retail,3,JP,AU,21787.46,ach,CP5616,pep_match,3,0
AL008085,C14198,private,21,US,GB,13992.83,cash,CP2350,pep_match,1,0
AL008086,C88426,business,21,GB,SG,38042.12,ach,CP2891,sanctions_match,0,1
AL008087,C37363,retail,5,JP,CA,10526.88,ach,CP5877,dormant_reactivation,1,0
AL008088,C55062,retail,25,JP,FR,1193.23,wire,CP9830,dormant_reactivation,2,0
AL008089,C99136,retail,19,FR,JP,21365.42,ach,CP9256,high_risk_geo,0,0
AL008090,C82754,private,22,MX,AU,36957.45,cash,CP1571,pep_match,0,0
AL008091,C49877,retail,1,GB,SG,172662.57,wire,CP5009,sanctions_match,0,0
AL008092,C44948,private,14,AE,AU,190998.72,card,CP7058,high_risk_geo,0,1
AL008093,C94580,retail,22,GB,SY,112279.27,cash,CP5552,sanctions_match,3,0
AL008094,C29188,retail,12,US,GB,100000.0,wire,CP5068,round_amount,0,0
AL008095,C13639,business,8,DE,GB,145373.96,card,CP8408,sanctions_match,0,1
AL008096,C52164,retail,22,MM,CA,23268.25,ach,CP5781,high_risk_geo,1,0
AL008097,C12751,retail,19,GB,FR,1742.78,wire,CP5768,velocity,0,0
AL008098,C42593,private,25,AE,ZA,7861.35,ach,CP3195,structuring,0,0
AL008099,C38864,private,14,CA,MX,6184.89,cash,CP8436,pep_match,0,0
AL008100,C82830,retail,9,AE,FR,1221.09,wire,CP8135,velocity,1,0
AL008101,C32507,private,10,MX,CA,8205.57,ach,CP6133,structuring,0,1
AL008102,C93780,retail,10,VE,MX,423.23,ach,CP8737,velocity,1,0
AL008103,C64579,retail,10,AU,GB,25000.0,wire,CP4952,round_amount,0,0
AL008104,C44491,business,21,DE,JP,2424.89,wire,CP8414,velocity,0,0
AL008105,C93978,retail,8,GB,DE,27369.56,wire,CP7917,dormant_reactivation,0,0
AL008106,C48683,retail,21,DE,DE,8614.81,ach,CP5142,structuring,1,0
AL008107,C81205,retail,10,SG,FR,5152.49,ach,CP1102,high_risk_geo,0,0
AL008108,C71974,retail,3,AU,DE,7940.99,ach,CP9951,structuring,1,0
AL008109,C49617,retail,16,MX,AU,3666.41,cash,CP3320,velocity,0,0
AL008110,C87982,retail,0,JP,SG,238668.76,card,CP3597,sanctions_match,1,0
AL008111,C33683,retail,24,AU,US,9368.54,cash,CP6755,structuring,0,0
AL008112,C78316,retail,11,GB,MX,189.03,ach,CP4922,velocity,1,0
AL008113,C41770,retail,19,US,CA,87994.39,ach,CP4313,sanctions_match,0,0
AL008114,C73051,retail,2,TR,BR,633.28,wire,CP8537,velocity,2,0
AL008115,C16836,retail,16,US,US,89361.76,wire,CP5805,sanctions_match,0,0
AL008116,C36924,retail,4,NG,GB,173884.88,card,CP7469,sanctions_match,1,0
AL008117,C96292,retail,12,CA,ZA,2328.13,cash,CP4921,velocity,8,0
AL008118,C32815,retail,17,GB,DE,16002.18,cash,CP8201,pep_match,1,0
AL008119,C87154,retail,24,DE,CA,16641.49,ach,CP8063,pep_match,0,0
AL008120,C54662,retail,0,GB,US,158238.27,wire,CP9994,sanctions_match,2,0
AL008121,C47317,retail,17,GB,MM,8737.36,cash,CP3375,structuring,0,1
AL008122,C37633,retail,14,JP,TR,50000.0,card,CP5451,round_amount,3,0
AL008123,C95982,retail,16,JP,CA,42220.93,ach,CP5242,pep_match,2,0
AL008124,C70678,retail,24,DE,DE,34502.39,wire,CP5272,dormant_reactivation,0,0
AL008125,C43246,retail,5,FR,JP,36422.02,ach,CP5120,dormant_reactivation,0,0
AL008126,C72783,retail,3,FR,BR,20250.11,ach,CP5784,high_risk_geo,2,0
AL008127,C94033,retail,10,BR,MX,43230.23,cash,CP2354,sanctions_match,0,1
AL008128,C10474,retail,3,ZA,GB,1258.86,ach,CP1693,velocity,0,0
AL008129,C91263,retail,25,GB,FR,33871.8,ach,CP8680,dormant_reactivation,2,0
AL008130,C34895,retail,10,US,FR,24869.1,ach,CP8100,high_risk_geo,0,0
AL008131,C43773,private,12,AE,GB,135343.26,card,CP3529,sanctions_match,0,0
AL008132,C26613,private,21,DE,NG,18627.58,card,CP5127,dormant_reactivation,0,0
AL008133,C50518,retail,20,AE,CA,23736.28,card,CP8884,high_risk_geo,0,0
AL008134,C13929,business,2,US,CA,24859.62,cash,CP2710,dormant_reactivation,1,0
AL008135,C31032,retail,11,FR,NG,50000.0,ach,CP2109,round_amount,0,0
AL008136,C87280,private,25,JP,US,100000.0,wire,CP7899,round_amount,0,0
AL008137,C12704,retail,2,SG,FR,8508.53,ach,CP3048,structuring,0,0
AL008138,C77924,private,25,SG,US,2376.11,wire,CP9888,velocity,1,0
AL008139,C61545,business,3,DE,DE,10000.0,ach,CP5088,round_amount,1,0
AL008140,C87988,retail,8,CA,ZA,4574.06,card,CP4505,dormant_reactivation,0,1
AL008141,C48306,business,9,FR,SG,6645.65,wire,CP7516,pep_match,2,0
AL008142,C74821,retail,7,CA,GB,1545.11,card,CP3078,velocity,0,0
AL008143,C47449,retail,12,CA,JP,100000.0,card,CP7405,round_amount,2,0
AL008144,C18092,business,23,JP,FR,9949.13,ach,CP6149,structuring,0,0
AL008145,C80277,retail,19,GB,DE,9377.46,wire,CP4369,structuring,1,0
AL008146,C26129,retail,20,JP,FR,9422.68,wire,CP9353,structuring,0,0
AL008147,C25137,retail,21,GB,GB,28268.78,card,CP2305,sanctions_match,0,0
AL008148,C56960,business,0,SG,DE,9214.46,wire,CP4442,structuring,5,0
AL008149,C64565,business,10,AU,FR,43857.7,ach,CP1681,sanctions_match,0,0
AL008150,C82680,retail,2,CA,DE,14475.38,ach,CP6523,pep_match,0,0
AL008151,C86095,retail,20,DE,NG,32519.38,ach,CP6473,pep_match,1,0
AL008152,C79601,retail,9,FR,US,3916.32,wire,CP8826,dormant_reactivation,0,0
AL008153,C40612,business,13,FR,CA,3325.31,ach,CP6793,velocity,1,0
AL008154,C93746,retail,24,MX,JP,9340.7,cash,CP4195,structuring,3,1
AL008155,C16829,business,20,SG,AU,36359.57,ach,CP2836,sanctions_match,0,0
AL008156,C79969,retail,2,NG,AU,4027.39,ach,CP5073,velocity,0,0
AL008157,C51190,retail,18,CA,NG,24712.91,wire,CP2904,high_risk_geo,0,0
AL008158,C86404,retail,1,US,CA,22975.03,card,CP2095,high_risk_geo,2,0
AL008159,C32205,retail,14,DE,CA,9674.38,cash,CP8612,structuring,1,0
AL008160,C41685,private,0,CA,ZA,413.06,card,CP1509,velocity,0,0
AL008161,C23393,retail,13,JP,US,41922.22,card,CP2664,pep_match,0,1
AL008162,C52729,business,9,FR,AU,39434.02,card,CP3018,pep_match,2,0
AL008163,C60313,retail,7,AU,SG,19153.51,ach,CP2902,high_risk_geo,1,0
AL008164,C24221,retail,18,JP,FR,1893.14,ach,CP5406,velocity,0,0
AL008165,C32965,retail,4,DE,CA,2460.09,ach,CP7932,velocity,1,0
AL008166,C85514,retail,11,CA,SG,18876.43,wire,CP3918,sanctions_match,1,1
AL008167,C25596,private,5,IR,FR,12088.18,cash,CP8305,pep_match,0,0
AL008168,C64589,retail,11,DE,SG,755.43,card,CP1131,velocity,0,0
AL008169,C64907,retail,9,AU,AU,9246.91,card,CP3338,structuring,0,0
AL008170,C27943,retail,7,CA,GB,4608.14,wire,CP5573,velocity,0,0
AL008171,C63419,retail,6,ZA,GB,12319.05,card,CP5509,pep_match,0,0
AL008172,C93291,retail,15,AE,GB,7811.04,ach,CP7358,structuring,0,0
AL008173,C16225,retail,18,US,SG,9121.24,wire,CP7215,structuring,2,0
AL008174,C33947,retail,20,ZA,BR,10000.0,ach,CP6473,round_amount,0,0
AL008175,C84567,retail,2,DE,CA,22304.28,ach,CP2142,pep_match,0,0
AL008176,C89756,business,1,CA,SG,41864.7,ach,CP8709,dormant_reactivation,2,0
AL008177,C25095,retail,18,BR,GB,10000.0,wire,CP5700,round_amount,3,0
AL008178,C77398,business,11,BR,GB,138477.5,cash,CP6818,sanctions_match,1,0
AL008179,C62541,retail,6,AE,AU,100000.0,wire,CP3398,round_amount,2,0
AL008180,C62210,retail,1,ZA,GB,50000.0,ach,CP9237,round_amount,5,0
AL008181,C33092,retail,12,TR,SG,2711.8,ach,CP8247,velocity,0,0
AL008182,C98628,retail,24,ZA,GB,141531.08,card,CP3464,sanctions_match,0,1
AL008183,C38591,retail,0,MX,US,35076.77,wire,CP3586,dormant_reactivation,0,0
AL008184,C59063,private,4,SY,CA,2516.51,wire,CP1908,velocity,3,0
AL008185,C74497,retail,22,GB,NG,100000.0,ach,CP9472,round_amount,5,0
AL008186,C63890,retail,24,CA,DE,9065.54,wire,CP9665,structuring,0,0
AL008187,C20013,retail,19,ZA,MM,24714.62,card,CP8079,high_risk_geo,1,0
AL008188,C61339,retail,14,FR,US,30737.62,cash,CP8137,dormant_reactivation,8,0
AL008189,C84782,retail,25,MX,DE,2811.65,wire,CP5627,sanctions_match,0,1
AL008190,C49116,retail,17,FR,FR,4755.06,wire,CP4050,velocity,2,0
AL008191,C19065,retail,6,US,FR,15804.13,wire,CP3069,dormant_reactivation,0,0
AL008192,C54371,retail,25,ZA,CA,3231.21,wire,CP4885,sanctions_match,1,0
AL008193,C40337,private,16,GB,AU,35016.52,ach,CP6856,pep_match,0,0
AL008194,C63546,retail,14,CA,CA,6801.53,wire,CP9023,pep_match,0,0
AL008195,C23702,business,22,MX,SG,100000.0,cash,CP4684,round_amount,0,0
AL008196,C92050,business,10,FR,GB,100000.0,ach,CP3791,round_amount,1,0
AL008197,C32364,retail,13,SG,CA,8744.27,card,CP8327,structuring,0,0
AL008198,C30109,private,9,JP,IR,9732.8,wire,CP4979,structuring,1,0
AL008199,C22289,business,2,AU,AU,22089.58,ach,CP3313,high_risk_geo,0,0
AL008200,C35038,retail,20,AU,JP,9949.29,card,CP3361,structuring,0,0
AL008201,C52139,retail,20,AE,US,22635.83,ach,CP2626,high_risk_geo,2,0
AL008202,C34420,retail,9,TR,FR,3046.69,ach,CP2489,velocity,0,0
AL008203,C57586,private,7,SG,NG,67818.46,wire,CP8405,sanctions_match,3,0
AL008204,C20037,retail,1,CA,TR,10000.0,card,CP3691,round_amount,2,0
AL008205,C56917,retail,4,ZA,ZA,155958.85,wire,CP6379,sanctions_match,0,1
AL008206,C64564,retail,8,AU,SG,35197.87,ach,CP2186,pep_match,1,0
AL008207,C41476,retail,5,AU,GB,5279.75,ach,CP1278,high_risk_geo,0,1
AL008208,C53428,retail,7,DE,AU,9404.2,wire,CP3412,structuring,0,0
AL008209,C90084,private,14,US,BR,53647.14,wire,CP6797,high_risk_geo,0,0
AL008210,C94958,retail,3,BR,DE,9798.68,ach,CP1307,structuring,3,0
AL008211,C82634,private,16,DE,GB,34465.59,wire,CP3122,pep_match,3,1
AL008212,C88640,private,16,MM,GB,10000.0,wire,CP9352,round_amount,1,0
AL008213,C40434,private,3,CA,JP,16036.28,card,CP6122,sanctions_match,3,0
AL008214,C27458,retail,7,GB,GB,162.24,card,CP9159,velocity,1,0
AL008215,C74119,business,19,CA,DE,21636.55,card,CP3157,high_risk_geo,3,0
AL008216,C69114,private,25,FR,GB,4848.32,wire,CP9529,velocity,0,0
AL008217,C76528,retail,25,DE,SG,9559.89,ach,CP3479,structuring,0,1
AL008218,C95642,retail,13,TR,CA,49951.68,ach,CP4726,dormant_reactivation,0,0
AL008219,C37182,retail,12,DE,FR,50000.0,ach,CP5644,round_amount,0,0
AL008220,C30396,retail,10,GB,AU,5000.0,ach,CP6670,round_amount,0,0
AL008221,C53565,retail,6,BR,GB,150.56,ach,CP4051,velocity,5,0
AL008222,C57161,private,20,ZA,ZA,232090.14,card,CP3649,high_risk_geo,0,0
AL008223,C52743,retail,8,DE,US,50000.0,ach,CP6156,round_amount,0,0
AL008224,C13841,business,17,SG,GB,6167.33,card,CP9768,pep_match,0,0
AL008225,C65870,retail,5,DE,SG,66331.52,card,CP5284,sanctions_match,0,0
AL008226,C39620,retail,23,FR,FR,1274.59,wire,CP6987,velocity,0,0
AL008227,C75062,retail,3,NG,SG,37326.09,ach,CP1027,pep_match,2,0
AL008228,C51240,retail,20,MX,DE,1785.5,wire,CP8143,velocity,1,0
AL008229,C57050,retail,13,SG,GB,10000.0,card,CP9814,round_amount,0,0
AL008230,C82623,retail,10,TR,JP,5000.0,ach,CP9251,round_amount,0,0
AL008231,C89404,retail,8,DE,AU,3382.33,ach,CP1092,pep_match,0,0
AL008232,C45267,retail,14,GB,FR,26701.79,card,CP6591,dormant_reactivation,0,0
AL008233,C44956,retail,13,US,SG,25767.6,wire,CP5828,dormant_reactivation,0,0
AL008234,C15550,retail,21,ZA,JP,20003.91,cash,CP8129,high_risk_geo,1,1
AL008235,C79474,retail,21,DE,TR,9895.94,ach,CP2291,structuring,2,1
AL008236,C49626,business,16,SG,AE,199895.03,card,CP2764,sanctions_match,5,0
AL008237,C10419,retail,21,JP,GB,1948.5,wire,CP6978,velocity,0,0
AL008238,C49558,business,10,MX,DE,8882.66,ach,CP7562,structuring,2,0
AL008239,C53404,retail,25,US,AU,5950.19,ach,CP1770,pep_match,5,0
AL008240,C85972,retail,11,DE,JP,18688.62,ach,CP7291,high_risk_geo,3,0
AL008241,C38743,retail,8,FR,SG,115735.89,ach,CP7357,sanctions_match,0,1
AL008242,C61123,business,10,GB,US,22236.9,ach,CP3329,sanctions_match,0,0
AL008243,C72138,retail,11,AU,DE,13224.27,wire,CP1669,high_risk_geo,0,0
AL008244,C69837,private,21,SG,CA,11353.99,ach,CP8135,sanctions_match,0,1
AL008245,C99115,private,25,AU,TR,245469.31,ach,CP6864,high_risk_geo,1,0
AL008246,C54013,retail,21,JP,CA,41087.81,card,CP1541,pep_match,0,0
AL008247,C48555,business,14,JP,NG,9580.94,ach,CP2192,structuring,0,0
AL008248,C22204,retail,9,BR,FR,9098.54,cash,CP9009,structuring,0,0
AL008249,C27842,business,21,DE,AU,9735.32,card,CP6739,structuring,0,0
AL008250,C96900,retail,21,GB,CA,8108.48,wire,CP4478,structuring,1,0
AL008251,C24251,retail,17,FR,FR,5000.0,cash,CP9574,round_amount,2,0
AL008252,C52822,private,3,SY,NG,25000.0,wire,CP1108,round_amount,0,0
AL008253,C97895,retail,17,GB,GB,9382.76,ach,CP3137,structuring,0,0
AL008254,C78604,retail,16,CA,SG,13745.52,ach,CP3090,high_risk_geo,0,0
AL008255,C31052,retail,9,AE,JP,8143.24,ach,CP7096,structuring,0,1
AL008256,C93946,business,23,SG,AU,7215.97,ach,CP9169,pep_match,0,1
AL008257,C57753,business,8,SG,DE,5000.0,wire,CP3539,round_amount,0,0
AL008258,C86261,retail,0,ZA,BR,5165.43,card,CP8924,high_risk_geo,0,0
AL008259,C45367,business,4,GB,FR,25000.0,ach,CP8083,round_amount,0,0
AL008260,C77281,business,4,US,AU,19765.75,ach,CP8313,sanctions_match,0,0
AL008261,C77099,retail,19,ZA,JP,9387.1,wire,CP2742,structuring,3,0
AL008262,C21647,private,25,SY,AE,32289.74,card,CP1976,pep_match,0,0
AL008263,C31694,business,3,AU,SG,5000.0,card,CP9576,round_amount,3,0
AL008264,C99635,retail,20,CA,DE,143516.93,ach,CP4964,sanctions_match,1,1
AL008265,C40705,retail,0,CA,CA,4991.0,card,CP1048,velocity,0,0
AL008266,C38788,retail,3,VE,SG,32212.03,ach,CP2522,dormant_reactivation,0,0
AL008267,C92207,retail,22,NG,FR,2917.44,ach,CP5018,dormant_reactivation,0,0
AL008268,C80532,retail,1,JP,JP,100000.0,wire,CP6333,round_amount,0,0
AL008269,C37625,retail,4,DE,GB,9020.03,ach,CP1670,high_risk_geo,1,0
AL008270,C42720,retail,1,FR,CA,8300.27,wire,CP8388,structuring,0,1
AL008271,C53520,retail,10,IR,JP,26468.27,ach,CP4264,dormant_reactivation,2,0
AL008272,C94189,retail,3,FR,SG,25000.0,card,CP5397,round_amount,2,0
AL008273,C57310,retail,3,DE,SG,24771.77,wire,CP1626,pep_match,0,0
AL008274,C73366,business,21,GB,MX,14806.8,ach,CP4030,pep_match,1,0
AL008275,C65512,business,6,US,JP,3108.62,card,CP2626,velocity,1,0
AL008276,C10555,retail,0,CA,BR,10000.0,card,CP7352,round_amount,1,0
AL008277,C60638,retail,3,SG,BR,10000.0,cash,CP1794,round_amount,0,0
AL008278,C37919,retail,13,DE,GB,7811.58,ach,CP4279,structuring,1,0
AL008279,C27695,retail,7,CA,FR,50000.0,wire,CP7850,round_amount,3,0
AL008280,C58183,retail,22,DE,JP,8632.24,ach,CP5128,structuring,8,0
AL008281,C75811,retail,12,JP,CA,5000.0,ach,CP8979,round_amount,2,0
AL008282,C20113,retail,8,JP,SG,13613.25,ach,CP4852,dormant_reactivation,2,0
AL008283,C93938,retail,6,AU,DE,8349.62,card,CP3379,structuring,0,0
AL008284,C32724,retail,23,JP,KP,100000.0,ach,CP1496,round_amount,1,0
AL008285,C21673,retail,7,KP,AE,61769.13,ach,CP2268,sanctions_match,1,0
AL008286,C80134,private,6,NG,AU,243611.24,wire,CP9730,high_risk_geo,0,0
AL008287,C27903,retail,21,US,JP,8993.55,card,CP6410,structuring,5,1
AL008288,C80280,retail,5,IR,SG,35556.78,ach,CP5463,dormant_reactivation,0,0
AL008289,C42147,retail,25,FR,US,21145.77,wire,CP3856,pep_match,0,0
AL008290,C92913,business,10,SG,DE,5000.0,card,CP7028,round_amount,1,0
AL008291,C50730,retail,10,MX,US,10000.0,ach,CP7334,round_amount,0,0
AL008292,C91105,retail,6,NG,AE,3355.26,card,CP7443,velocity,0,0
AL008293,C18154,business,18,CA,GB,1047.17,ach,CP3465,velocity,1,0
AL008294,C18092,business,20,GB,DE,8215.49,cash,CP7935,structuring,0,0
AL008295,C75174,retail,18,US,DE,13342.94,ach,CP3352,high_risk_geo,5,0
AL008296,C88885,retail,21,CA,AU,2825.97,card,CP5385,pep_match,0,0
AL008297,C59491,retail,6,GB,JP,25000.0,wire,CP8912,round_amount,0,1
AL008298,C12018,retail,8,SG,AU,25005.84,cash,CP8181,dormant_reactivation,0,0
AL008299,C77678,private,14,MX,CA,190327.07,wire,CP1691,high_risk_geo,0,0
AL008300,C90401,retail,25,CA,MX,18279.66,ach,CP2177,pep_match,0,0
AL008301,C68681,business,3,SG,DE,5633.07,wire,CP4371,dormant_reactivation,0,0
AL008302,C77494,business,1,SG,NG,46430.9,cash,CP6341,sanctions_match,2,0
AL008303,C46306,retail,15,JP,US,466.33,wire,CP5065,velocity,1,0
AL008304,C12772,retail,17,US,DE,100000.0,wire,CP4707,round_amount,0,0
AL008305,C37294,retail,18,US,DE,5000.0,card,CP4797,round_amount,0,0
AL008306,C24821,retail,17,DE,US,3051.87,card,CP5733,velocity,0,0
AL008307,C29674,retail,0,GB,AE,33656.47,ach,CP8299,dormant_reactivation,3,0
AL008308,C91997,retail,5,FR,CA,4583.89,wire,CP3315,velocity,0,0
AL008309,C69154,retail,19,SG,NG,6894.68,ach,CP7504,pep_match,0,1
AL008310,C78420,business,17,AE,NG,39076.57,ach,CP2801,dormant_reactivation,0,0
AL008311,C18389,retail,21,AU,SY,448.77,ach,CP4218,velocity,0,0
AL008312,C54747,retail,24,GB,CA,23571.58,wire,CP7134,dormant_reactivation,0,0
AL008313,C21793,retail,13,AE,TR,16239.14,ach,CP4159,high_risk_geo,0,0
AL008314,C98969,retail,14,GB,MX,23102.98,ach,CP1914,high_risk_geo,0,0
AL008315,C14514,private,4,FR,DE,8874.48,card,CP5085,structuring,3,1
AL008316,C67722,retail,9,SG,SG,9984.89,wire,CP3705,structuring,1,0
AL008317,C43974,retail,10,JP,FR,4439.59,ach,CP1421,velocity,0,0
AL008318,C41208,retail,13,CA,AU,9344.99,ach,CP5557,structuring,0,0
AL008319,C43920,retail,20,SG,JP,3291.21,wire,CP6868,sanctions_match,2,0
AL008320,C41464,retail,17,ZA,US,15051.18,ach,CP4683,pep_match,1,0
AL008321,C64228,private,21,US,US,3911.8,ach,CP4209,velocity,0,0
AL008322,C18965,retail,16,NG,GB,52638.37,ach,CP8001,sanctions_match,0,1
AL008323,C19259,retail,17,AU,JP,24599.21,ach,CP4609,pep_match,1,0
AL008324,C92913,private,2,FR,CA,25000.0,card,CP3648,round_amount,0,0
AL008325,C77503,business,19,FR,GB,100000.0,ach,CP4806,round_amount,2,0
AL008326,C10651,retail,24,GB,CA,3025.15,wire,CP3414,pep_match,0,0
AL008327,C58794,retail,25,SG,JP,25000.0,wire,CP2266,round_amount,2,0
AL008328,C10884,retail,9,TR,GB,1670.09,wire,CP6561,velocity,1,0
AL008329,C95504,retail,4,DE,CA,13645.05,ach,CP4371,pep_match,0,0
AL008330,C75137,retail,4,DE,SG,8982.17,ach,CP9345,structuring,0,0
AL008331,C30614,retail,2,GB,US,62559.88,ach,CP7968,sanctions_match,0,1
AL008332,C95996,business,13,MX,FR,50000.0,card,CP5214,round_amount,5,0
AL008333,C47414,retail,12,JP,ZA,9022.71,card,CP1914,structuring,0,0
AL008334,C52795,retail,11,SG,CA,25000.0,wire,CP7145,round_amount,0,0
AL008335,C91960,private,2,AU,US,9818.24,wire,CP1904,pep_match,0,0
AL008336,C25541,business,15,AU,GB,5091.39,wire,CP4908,high_risk_geo,0,0
AL008337,C36007,retail,24,GB,SG,20724.47,wire,CP1955,pep_match,0,0
AL008338,C37544,retail,7,DE,SG,4753.49,wire,CP7230,velocity,1,0
AL008339,C14989,business,6,US,FR,13130.82,ach,CP7822,dormant_reactivation,0,0
AL008340,C21673,retail,11,JP,JP,39834.92,ach,CP6480,sanctions_match,0,1
AL008341,C84590,business,12,GB,AU,5000.0,ach,CP9456,round_amount,3,0
AL008342,C96167,retail,1,JP,AU,8852.93,wire,CP9193,structuring,5,0
AL008343,C41987,retail,21,BR,JP,46636.79,card,CP5161,dormant_reactivation,0,0
AL008344,C53786,retail,14,DE,SY,41526.67,ach,CP5690,dormant_reactivation,0,0
AL008345,C17882,retail,8,MX,CA,46152.42,card,CP3075,pep_match,0,0
AL008346,C80567,retail,9,GB,US,18698.09,card,CP4981,high_risk_geo,2,0
AL008347,C93060,retail,2,CA,DE,7975.11,wire,CP8656,structuring,0,0
AL008348,C54361,retail,21,SG,AU,8958.5,wire,CP9618,structuring,0,1
AL008349,C77086,retail,22,JP,GB,121410.58,card,CP3572,sanctions_match,0,0
AL008350,C67277,retail,16,CA,GB,38391.57,wire,CP6590,dormant_reactivation,0,0
AL008351,C83774,retail,4,SG,GB,9908.48,ach,CP8721,structuring,0,0
AL008352,C68334,business,15,MX,SG,9608.97,ach,CP6341,structuring,5,1
AL008353,C50898,retail,5,US,JP,10830.9,ach,CP5531,high_risk_geo,0,0
AL008354,C21895,retail,24,US,GB,4567.21,card,CP1347,dormant_reactivation,0,0
AL008355,C60723,business,11,SG,NG,182429.74,card,CP5020,sanctions_match,0,1
AL008356,C70262,retail,17,JP,DE,153039.46,ach,CP1265,sanctions_match,3,0
AL008357,C31994,retail,7,JP,GB,11052.03,ach,CP7185,dormant_reactivation,0,0
AL008358,C98732,business,18,DE,AU,46798.38,ach,CP2930,pep_match,2,0
AL008359,C81152,retail,9,US,CA,31284.35,cash,CP1181,dormant_reactivation,0,0
AL008360,C98903,retail,15,CA,FR,7543.2,ach,CP2108,pep_match,0,0
AL008361,C61085,retail,8,CA,DE,166373.63,wire,CP6369,sanctions_match,2,0
AL008362,C19647,retail,17,KP,DE,21993.94,wire,CP5601,high_risk_geo,0,0
AL008363,C83171,business,24,GB,JP,40831.22,ach,CP5379,pep_match,2,0
AL008364,C89097,retail,19,US,GB,1557.26,wire,CP8921,velocity,0,0
AL008365,C45080,private,4,JP,JP,50000.0,cash,CP1387,round_amount,1,0
AL008366,C58837,retail,1,VE,FR,14674.47,ach,CP6977,dormant_reactivation,3,0
AL008367,C26192,retail,7,SG,AE,24681.35,ach,CP4169,pep_match,2,0
AL008368,C32143,retail,15,CA,JP,7149.58,ach,CP3050,dormant_reactivation,0,0
AL008369,C90203,retail,8,JP,GB,50000.0,card,CP2023,round_amount,0,0
AL008370,C95460,private,9,GB,CA,205404.79,ach,CP8798,high_risk_geo,5,0
AL008371,C51161,retail,21,JP,AU,11923.22,ach,CP5428,dormant_reactivation,0,0
AL008372,C29487,business,15,AU,AU,132803.85,wire,CP5939,sanctions_match,2,0
AL008373,C34782,retail,18,CA,CA,49384.25,ach,CP1007,dormant_reactivation,2,1
AL008374,C66260,retail,17,JP,IR,13057.92,ach,CP1841,pep_match,2,0
AL008375,C41826,retail,23,SG,DE,20640.59,ach,CP3665,pep_match,3,0
AL008376,C70937,retail,24,ZA,CA,100000.0,wire,CP1703,round_amount,0,0
AL008377,C46373,retail,12,AU,GB,25497.55,wire,CP7606,dormant_reactivation,0,0
AL008378,C87935,retail,17,TR,FR,13290.8,ach,CP1040,pep_match,0,0
AL008379,C17993,retail,3,BR,CA,50000.0,wire,CP1085,round_amount,0,0
AL008380,C40728,private,22,MM,MM,96329.01,ach,CP9315,sanctions_match,0,1
AL008381,C46028,business,25,SG,FR,7855.65,ach,CP2698,structuring,0,0
AL008382,C34921,retail,13,ZA,SG,5571.94,wire,CP9108,high_risk_geo,1,0
AL008383,C20907,private,11,CA,FR,25000.0,wire,CP5864,round_amount,0,0
AL008384,C81711,private,16,TR,MX,14862.37,ach,CP3535,pep_match,0,0
AL008385,C53656,retail,11,CA,JP,9541.49,ach,CP5745,structuring,0,0
AL008386,C14678,retail,14,FR,NG,1649.19,cash,CP7621,dormant_reactivation,1,0
AL008387,C33240,retail,15,FR,DE,4097.79,card,CP7731,velocity,8,0
AL008388,C71183,retail,24,GB,FR,1008.2,ach,CP3377,velocity,0,0
AL008389,C76287,business,4,US,DE,7518.3,wire,CP2735,pep_match,1,0
AL008390,C28496,private,4,FR,AE,186630.98,ach,CP7369,high_risk_geo,2,0
AL008391,C56580,retail,13,ZA,SG,25000.0,ach,CP4440,round_amount,1,0
AL008392,C79406,retail,3,JP,SG,6182.83,card,CP5788,pep_match,0,0
AL008393,C58537,retail,3,GB,AU,4566.25,card,CP5088,velocity,0,0
AL008394,C35779,retail,7,US,AU,10000.0,ach,CP2194,round_amount,3,0
AL008395,C79248,private,6,BR,CA,47521.28,ach,CP9176,dormant_reactivation,0,0
AL008396,C50713,retail,22,US,AU,8138.14,wire,CP8348,high_risk_geo,2,0
AL008397,C45250,retail,11,AU,US,162768.95,ach,CP6992,sanctions_match,0,0
AL008398,C11319,business,2,DE,GB,5574.3,wire,CP6201,high_risk_geo,0,0
AL008399,C77750,private,8,NG,JP,906.75,wire,CP3053,velocity,0,0
AL008400,C17039,private,0,AU,DE,145872.08,ach,CP5324,sanctions_match,0,1
AL008401,C97067,retail,22,JP,FR,28850.62,card,CP2634,dormant_reactivation,1,0
AL008402,C63334,retail,5,CA,ZA,4323.78,cash,CP7823,velocity,1,0
AL008403,C89745,private,10,AE,ZA,10000.0,card,CP3234,round_amount,0,0
AL008404,C78757,retail,25,JP,US,32956.86,card,CP3367,pep_match,0,0
AL008405,C73681,retail,4,FR,SG,222040.74,card,CP6066,sanctions_match,0,0
AL008406,C55005,retail,21,CA,CA,5000.0,wire,CP9778,round_amount,0,0
AL008407,C19737,retail,4,FR,NG,19301.6,card,CP9745,pep_match,2,0
AL008408,C63833,business,6,CA,MX,14801.19,ach,CP4037,high_risk_geo,0,0
AL008409,C13855,business,20,JP,SG,37498.23,ach,CP9480,pep_match,0,0
AL008410,C48519,retail,22,US,DE,21665.22,ach,CP8831,high_risk_geo,3,0
AL008411,C44391,private,6,VE,VE,80199.93,wire,CP4857,high_risk_geo,2,0
AL008412,C79570,retail,22,US,GB,9188.25,ach,CP5540,pep_match,0,0
AL008413,C56320,retail,11,NG,US,5000.0,wire,CP6553,round_amount,0,0
AL008414,C58762,business,3,SG,JP,25000.0,wire,CP7985,round_amount,1,0
AL008415,C34760,retail,6,GB,VE,2516.54,wire,CP2246,sanctions_match,0,0
AL008416,C93854,retail,3,GB,GB,5000.0,cash,CP8721,round_amount,0,1
AL008417,C83447,retail,7,CA,SG,12428.74,card,CP8258,high_risk_geo,1,0
AL008418,C74876,private,10,SG,SG,20276.72,ach,CP6276,dormant_reactivation,0,0
AL008419,C33931,retail,10,JP,BR,1728.33,wire,CP5852,velocity,0,0
AL008420,C41836,retail,20,SG,AU,9651.0,ach,CP6700,pep_match,0,0
AL008421,C11183,retail,14,TR,NG,2873.44,wire,CP9705,velocity,2,0
AL008422,C15820,retail,4,SG,DE,10035.65,card,CP3737,high_risk_geo,0,0
AL008423,C81157,retail,2,FR,US,50000.0,card,CP2032,round_amount,0,0
AL008424,C21484,retail,20,DE,CA,4849.3,cash,CP7981,velocity,0,0
AL008425,C91758,retail,12,AU,DE,9714.28,ach,CP3384,structuring,3,1
AL008426,C48026,retail,19,GB,SG,163224.36,wire,CP3669,sanctions_match,0,0
AL008427,C13855,business,19,DE,CA,5609.07,wire,CP8584,high_risk_geo,0,0
AL008428,C13964,retail,5,FR,AU,5000.0,ach,CP6516,round_amount,2,0
AL008429,C99781,retail,11,US,SG,840.87,ach,CP7778,velocity,0,0
AL008430,C50889,retail,11,AU,SG,11836.41,cash,CP3691,high_risk_geo,0,0
AL008431,C92979,private,3,JP,GB,3065.52,wire,CP9164,velocity,0,1
AL008432,C28614,retail,21,AE,AU,9710.26,card,CP5953,structuring,0,0
AL008433,C64750,retail,12,FR,US,25000.0,ach,CP2801,round_amount,0,0
AL008434,C48271,retail,6,BR,US,4900.04,ach,CP7987,velocity,0,0
AL008435,C47597,retail,8,JP,SG,16425.84,ach,CP9512,high_risk_geo,1,0
AL008436,C46681,private,2,TR,TR,42955.55,ach,CP8340,pep_match,1,0
AL008437,C18618,retail,2,FR,AU,10000.0,ach,CP2652,round_amount,0,0
AL008438,C65236,retail,17,FR,DE,3914.44,wire,CP8173,velocity,0,0
AL008439,C40667,retail,10,JP,JP,1716.95,ach,CP4213,velocity,3,0
AL008440,C90747,retail,17,DE,AU,111801.59,card,CP6013,sanctions_match,0,0
AL008441,C21630,retail,17,DE,CA,10000.0,ach,CP3610,round_amount,1,0
AL008442,C64669,retail,7,AU,BR,230373.35,ach,CP2719,sanctions_match,0,1
AL008443,C52596,retail,6,CA,DE,10000.0,wire,CP3485,round_amount,5,0
AL008444,C40946,retail,22,NG,FR,36235.75,ach,CP4538,dormant_reactivation,0,0
AL008445,C40081,business,3,GB,AU,3394.31,ach,CP7333,velocity,0,0
AL008446,C38941,business,24,AU,JP,12384.05,ach,CP4379,high_risk_geo,0,1
AL008447,C57061,private,15,AU,GB,4393.0,card,CP9030,velocity,0,0
AL008448,C16214,retail,5,JP,US,100000.0,ach,CP9344,round_amount,3,0
AL008449,C57223,retail,15,US,SG,8603.08,wire,CP8677,structuring,0,0
AL008450,C58918,retail,13,CA,AU,42525.06,ach,CP1054,dormant_reactivation,1,0
AL008451,C46755,business,3,DE,DE,14305.53,card,CP8329,high_risk_geo,2,0
AL008452,C27680,business,15,AU,FR,4159.46,card,CP4060,velocity,1,0
AL008453,C33261,retail,12,DE,FR,25000.0,ach,CP6823,round_amount,0,0
AL008454,C55155,retail,3,GB,DE,8974.72,ach,CP3898,structuring,0,0
AL008455,C18618,retail,9,CA,US,14454.92,ach,CP8347,dormant_reactivation,0,0
AL008456,C50408,retail,16,AU,AU,8033.9,ach,CP2035,dormant_reactivation,0,0
AL008457,C47957,private,13,AU,GB,42892.41,card,CP9577,pep_match,0,0
AL008458,C60683,retail,11,FR,JP,27190.48,ach,CP7515,pep_match,2,0
AL008459,C99737,business,14,GB,JP,10000.0,wire,CP6965,round_amount,8,0
AL008460,C32284,retail,13,DE,GB,16140.84,ach,CP6454,pep_match,0,0
AL008461,C39364,business,13,MX,CA,38214.96,wire,CP5983,pep_match,0,0
AL008462,C64118,retail,17,GB,SG,18757.27,ach,CP3988,high_risk_geo,0,0
AL008463,C19016,business,17,AU,ZA,206934.46,card,CP5736,sanctions_match,3,0
AL008464,C14231,retail,3,SG,FR,841.38,ach,CP2554,velocity,0,0
AL008465,C19474,private,2,IR,AE,4102.95,cash,CP2902,sanctions_match,0,0
AL008466,C17566,retail,21,RU,SG,18689.45,card,CP5247,sanctions_match,0,1
AL008467,C59762,retail,11,DE,AU,8311.73,ach,CP3510,structuring,0,1
AL008468,C21990,retail,1,AU,JP,9681.33,ach,CP6769,structuring,0,0
AL008469,C99459,retail,21,AU,AU,171813.55,card,CP1953,sanctions_match,0,0
AL008470,C24013,retail,8,AU,GB,13393.59,cash,CP6019,pep_match,2,0
AL008471,C26451,retail,10,DE,SG,1189.15,wire,CP7104,velocity,0,0
AL008472,C37293,retail,14,MX,FR,5000.0,ach,CP4359,round_amount,0,0
AL008473,C21739,retail,4,CA,CA,377.51,ach,CP3958,velocity,0,0
AL008474,C67391,retail,6,JP,DE,6147.26,ach,CP7448,sanctions_match,0,0
AL008475,C70746,business,18,MX,FR,4699.8,cash,CP5544,velocity,0,0
AL008476,C73537,retail,8,GB,SG,87892.76,cash,CP6621,sanctions_match,0,0
AL008477,C11614,retail,0,US,SG,21096.02,wire,CP6015,high_risk_geo,0,0
AL008478,C94456,retail,17,AU,ZA,45509.51,ach,CP2596,pep_match,0,0
AL008479,C64795,retail,21,DE,KP,50000.0,card,CP2896,round_amount,0,0
AL008480,C70214,retail,25,AU,CA,4934.68,cash,CP2964,velocity,0,0
AL008481,C59201,retail,10,CA,DE,25000.0,ach,CP2394,round_amount,0,0
AL008482,C52816,business,16,GB,DE,3540.3,ach,CP2881,velocity,3,0
AL008483,C36581,retail,12,DE,TR,10000.0,wire,CP2647,round_amount,0,0
AL008484,C84916,retail,8,DE,MX,3987.85,wire,CP5353,velocity,1,0
AL008485,C18103,retail,15,DE,SG,42699.21,wire,CP4670,sanctions_match,0,0
AL008486,C42692,retail,3,DE,US,10000.0,card,CP4868,round_amount,0,0
AL008487,C89417,business,17,ZA,US,8841.29,ach,CP7956,structuring,0,1
AL008488,C24173,retail,23,US,CA,29105.6,ach,CP9469,dormant_reactivation,3,0
AL008489,C54884,business,23,AU,SG,2876.74,ach,CP9761,velocity,0,0
AL008490,C63203,business,7,DE,SG,50000.0,ach,CP9802,round_amount,0,0
AL008491,C11260,retail,23,CA,FR,5000.0,cash,CP9806,round_amount,0,0
AL008492,C98308,business,10,SG,AU,13448.78,card,CP9269,high_risk_geo,0,0
AL008493,C43026,business,13,ZA,US,9516.97,cash,CP4566,structuring,0,1
AL008494,C46884,retail,23,VE,GB,8222.42,ach,CP7050,structuring,1,1
AL008495,C90547,retail,13,DE,BR,4303.02,card,CP2589,dormant_reactivation,0,0
AL008496,C75799,retail,11,AU,US,3163.0,card,CP1575,velocity,2,0
AL008497,C20098,retail,19,JP,DE,42179.26,cash,CP2543,dormant_reactivation,1,0
AL008498,C55626,retail,17,FR,CA,100000.0,ach,CP3352,round_amount,5,0
AL008499,C27588,retail,1,CA,AE,33442.79,ach,CP6902,pep_match,0,0
AL008500,C43654,retail,12,DE,AU,4994.94,ach,CP3101,velocity,0,0
AL008501,C56547,business,0,DE,SG,38218.33,card,CP3752,pep_match,0,0
AL008502,C26485,retail,19,US,AU,2006.62,ach,CP5743,velocity,0,1
AL008503,C87265,retail,18,DE,TR,15646.73,ach,CP9452,high_risk_geo,0,0
AL008504,C97838,retail,3,CA,JP,422.04,card,CP4567,velocity,0,0
AL008505,C16819,retail,15,FR,DE,23267.18,wire,CP1499,dormant_reactivation,0,0
AL008506,C90641,retail,19,FR,JP,10000.0,card,CP4185,round_amount,3,0
AL008507,C39900,business,16,NG,GB,6551.45,ach,CP8806,sanctions_match,0,1
AL008508,C20555,retail,15,JP,AU,100000.0,wire,CP8369,round_amount,2,0
AL008509,C79911,retail,21,KP,AE,25000.0,card,CP2286,round_amount,0,0
AL008510,C70622,retail,7,TR,DE,290.54,ach,CP5625,velocity,0,0
AL008511,C58952,retail,7,AU,MX,9350.47,cash,CP1754,structuring,3,0
AL008512,C86555,retail,6,US,US,8190.15,ach,CP8250,high_risk_geo,3,1
AL008513,C15244,retail,4,CA,GB,13031.69,ach,CP3778,high_risk_geo,0,0
AL008514,C62978,retail,10,US,JP,124109.32,card,CP5138,sanctions_match,0,0
AL008515,C47284,retail,4,CA,FR,18365.58,wire,CP3065,high_risk_geo,0,0
AL008516,C60231,retail,10,IR,FR,100000.0,card,CP9877,round_amount,1,0
AL008517,C33123,retail,22,US,MX,25000.0,ach,CP6072,round_amount,0,0
AL008518,C48699,private,25,SY,SY,176633.37,card,CP7051,sanctions_match,0,1
AL008519,C36360,private,17,SG,CA,221061.3,wire,CP6806,high_risk_geo,0,0
AL008520,C61925,retail,14,JP,CA,50000.0,wire,CP6153,round_amount,0,0
AL008521,C57215,business,7,DE,CA,19740.84,card,CP1148,high_risk_geo,0,0
AL008522,C10669,retail,15,DE,BR,2190.41,ach,CP7236,velocity,0,0
AL008523,C44407,business,10,GB,AU,9056.61,ach,CP4159,structuring,1,1
AL008524,C64517,retail,22,SG,SG,27582.49,ach,CP1063,dormant_reactivation,2,0
AL008525,C42823,retail,3,CA,CA,100000.0,cash,CP6865,round_amount,5,0
AL008526,C17160,retail,21,GB,TR,26254.25,card,CP5314,dormant_reactivation,0,0
AL008527,C38529,retail,16,US,AE,115202.83,card,CP7975,sanctions_match,2,0
AL008528,C99490,retail,15,CA,SG,14486.62,ach,CP1042,dormant_reactivation,8,0
AL008529,C63857,retail,10,DE,BR,2319.63,wire,CP1120,velocity,1,0
AL008530,C34928,retail,22,CA,DE,1269.29,card,CP4172,velocity,0,0
AL008531,C17483,retail,15,MX,FR,24656.56,card,CP8523,high_risk_geo,0,0
AL008532,C87022,retail,2,JP,AU,16648.4,ach,CP9860,dormant_reactivation,0,0
AL008533,C54639,private,12,CA,AU,8020.56,wire,CP2221,structuring,8,0
AL008534,C26592,retail,1,US,DE,174284.25,wire,CP2063,sanctions_match,0,0
AL008535,C71515,private,18,AU,ZA,47707.3,ach,CP8965,dormant_reactivation,0,0
AL008536,C54279,retail,19,US,AU,195635.15,cash,CP3608,sanctions_match,0,1
AL008537,C56168,retail,7,JP,AU,207140.55,ach,CP4150,sanctions_match,3,0
AL008538,C84469,retail,3,GB,AU,1356.88,ach,CP5321,velocity,0,0
AL008539,C16096,business,7,JP,US,10700.34,ach,CP7210,high_risk_geo,1,0
AL008540,C11124,private,6,US,TR,25000.0,wire,CP4720,round_amount,0,0
AL008541,C27583,private,10,US,SY,2667.32,ach,CP6464,dormant_reactivation,1,0
AL008542,C55568,business,19,FR,FR,16974.96,card,CP9786,dormant_reactivation,0,1
AL008543,C13272,retail,24,SY,FR,4092.0,wire,CP1430,velocity,2,0
AL008544,C19592,retail,16,FR,MX,6476.17,ach,CP2668,high_risk_geo,0,0
AL008545,C19913,private,4,US,MX,83267.74,card,CP4922,sanctions_match,0,0
AL008546,C52222,private,18,AE,TR,35879.4,ach,CP6441,dormant_reactivation,2,0
AL008547,C70747,retail,25,DE,AU,8077.18,cash,CP6238,pep_match,0,1
AL008548,C64080,retail,6,DE,JP,18847.38,card,CP8859,high_risk_geo,0,0
AL008549,C82730,business,24,AU,CA,152502.14,wire,CP8219,sanctions_match,0,0
AL008550,C24881,private,12,AE,SY,26864.23,ach,CP1518,pep_match,2,0
AL008551,C14360,retail,17,MX,CA,10000.0,card,CP9484,round_amount,0,0
AL008552,C67442,business,5,GB,JP,101879.99,card,CP8278,sanctions_match,1,0
AL008553,C94194,private,5,SG,CA,5000.0,cash,CP9172,round_amount,1,0
AL008554,C88768,business,3,DE,US,15673.78,ach,CP8351,high_risk_geo,2,0
AL008555,C42996,business,13,US,GB,43664.7,card,CP3763,pep_match,0,0
AL008556,C26321,retail,24,GB,AE,167686.77,wire,CP8739,sanctions_match,0,0
AL008557,C49448,retail,11,JP,SG,10000.0,wire,CP1574,round_amount,5,0
AL008558,C26967,retail,24,JP,CA,22581.44,cash,CP3096,pep_match,0,0
AL008559,C43880,retail,8,FR,CA,7819.81,ach,CP2461,pep_match,1,0
AL008560,C17324,business,12,US,ZA,14554.67,wire,CP8411,high_risk_geo,0,0
AL008561,C22657,business,10,US,DE,32629.31,wire,CP3011,sanctions_match,0,0
AL008562,C94001,business,12,AU,SG,8776.1,ach,CP6754,dormant_reactivation,0,0
AL008563,C30853,business,4,ZA,ZA,24860.01,ach,CP8046,pep_match,0,0
AL008564,C14114,retail,23,BR,GB,947.23,ach,CP5688,velocity,0,0
AL008565,C49498,retail,12,SG,FR,46459.76,wire,CP8455,pep_match,0,0
AL008566,C40048,business,13,FR,ZA,8253.43,wire,CP3853,structuring,0,0
AL008567,C41007,retail,12,SG,AE,227514.29,wire,CP7779,sanctions_match,0,0
AL008568,C20130,retail,18,FR,GB,2862.49,card,CP1249,velocity,0,0
AL008569,C71660,retail,1,ZA,CA,169938.63,card,CP9347,sanctions_match,2,0
AL008570,C70630,private,6,AE,JP,22911.19,wire,CP6779,dormant_reactivation,0,1
AL008571,C43977,retail,17,FR,JP,24305.98,cash,CP3985,high_risk_geo,0,0
AL008572,C38091,retail,21,JP,US,30112.03,ach,CP6334,dormant_reactivation,0,0
AL008573,C50695,retail,4,US,AU,46097.42,wire,CP6905,pep_match,1,0
AL008574,C45153,retail,22,SG,US,9864.84,wire,CP7585,structuring,3,1
AL008575,C12984,private,6,SG,ZA,24845.37,wire,CP5004,pep_match,0,0
AL008576,C50178,business,19,NG,AU,10000.0,ach,CP5001,round_amount,3,0
AL008577,C80200,retail,0,AU,VE,2276.38,wire,CP8883,velocity,1,0
AL008578,C10510,business,25,SG,JP,31225.38,wire,CP2952,pep_match,1,0
AL008579,C27166,retail,18,AU,SG,3149.33,ach,CP1684,velocity,1,0
AL008580,C44117,retail,11,FR,CA,100000.0,ach,CP7242,round_amount,0,0
AL008581,C97321,business,5,CA,JP,2573.37,wire,CP8027,velocity,0,0
AL008582,C53515,retail,15,JP,AU,100000.0,cash,CP1388,round_amount,0,0
AL008583,C22710,retail,20,FR,GB,108809.04,ach,CP2052,sanctions_match,0,0
AL008584,C24757,retail,24,GB,GB,9778.72,cash,CP4706,structuring,0,0
AL008585,C49141,retail,18,AU,NG,50000.0,card,CP2502,round_amount,1,0
AL008586,C74096,business,13,US,US,13551.45,wire,CP9202,high_risk_geo,2,0
AL008587,C15763,retail,19,DE,AU,5000.0,wire,CP3353,round_amount,0,0
AL008588,C84919,retail,19,AE,ZA,10000.0,card,CP8005,round_amount,0,0
AL008589,C30949,business,5,CA,GB,1641.57,card,CP2930,pep_match,1,0
AL008590,C78327,retail,9,CA,RU,26984.88,wire,CP7631,pep_match,0,0
AL008591,C69043,retail,22,DE,DE,8130.28,ach,CP1209,structuring,2,1
AL008592,C80789,retail,25,FR,SG,238061.6,wire,CP7267,sanctions_match,5,1
AL008593,C60312,business,1,DE,ZA,8435.9,wire,CP9195,structuring,1,0
AL008594,C75650,private,17,CA,GB,7943.74,cash,CP7345,structuring,0,0
AL008595,C27014,retail,9,AU,CA,9883.4,wire,CP3654,structuring,0,1
AL008596,C21572,retail,23,SG,ZA,11571.12,ach,CP3076,sanctions_match,0,0
AL008597,C76585,retail,16,JP,DE,10000.0,ach,CP6976,round_amount,1,0
AL008598,C34933,retail,1,ZA,FR,17139.26,ach,CP6194,high_risk_geo,0,0
AL008599,C26371,private,2,US,AE,10000.0,ach,CP2422,round_amount,1,0
AL008600,C14678,retail,3,DE,DE,880.44,ach,CP8038,velocity,3,0
AL008601,C20346,retail,21,DE,GB,9426.56,ach,CP5941,structuring,2,1
AL008602,C46728,business,14,DE,FR,19295.68,ach,CP1273,pep_match,3,0
AL008603,C57534,retail,11,SG,FR,10799.97,ach,CP5486,dormant_reactivation,0,0
AL008604,C73745,retail,19,AU,CA,3170.56,ach,CP7810,velocity,0,0
AL008605,C38446,retail,9,FR,US,10000.0,ach,CP1454,round_amount,2,0
AL008606,C14481,retail,23,FR,NG,15307.37,wire,CP3185,high_risk_geo,0,1
AL008607,C44424,retail,10,AU,JP,10000.0,wire,CP6169,round_amount,0,0
AL008608,C93975,business,8,GB,CA,3892.11,ach,CP2410,velocity,0,0
AL008609,C10162,retail,9,CA,CA,8123.68,card,CP3688,structuring,0,0
AL008610,C11854,retail,4,NG,CA,30500.32,wire,CP2865,sanctions_match,0,1
AL008611,C77342,private,8,AU,MX,4095.23,cash,CP8728,velocity,0,0
AL008612,C68943,retail,1,RU,NG,50000.0,wire,CP9437,round_amount,0,0
AL008613,C30369,business,9,SG,DE,20104.24,wire,CP4006,pep_match,0,0
AL008614,C87690,retail,4,DE,SG,25000.0,ach,CP8778,round_amount,0,0
AL008615,C44274,retail,18,JP,SG,10525.09,ach,CP1512,high_risk_geo,0,0
AL008616,C98783,retail,13,TR,US,23844.58,wire,CP1610,high_risk_geo,0,0
AL008617,C67832,retail,11,SG,DE,40157.17,card,CP5958,dormant_reactivation,1,1
AL008618,C85191,retail,22,FR,SG,7928.18,ach,CP1297,structuring,2,0
AL008619,C75425,retail,9,GB,AU,5000.0,cash,CP9882,round_amount,1,0
AL008620,C68234,business,3,US,SG,36716.83,ach,CP5239,pep_match,2,0
AL008621,C18849,business,25,DE,JP,16543.85,wire,CP7026,high_risk_geo,0,0
AL008622,C29263,retail,14,CA,AU,2331.63,ach,CP5269,velocity,2,0
AL008623,C85570,private,4,FR,FR,39367.26,wire,CP8019,pep_match,0,0
AL008624,C55307,retail,25,AE,FR,9473.46,card,CP3485,structuring,0,0
AL008625,C35980,retail,15,FR,FR,100000.0,wire,CP2679,round_amount,2,0
AL008626,C14876,retail,16,DE,CA,50000.0,ach,CP9062,round_amount,0,0
AL008627,C48309,business,14,JP,FR,221165.41,ach,CP9776,sanctions_match,2,0
AL008628,C62329,retail,2,DE,AU,9488.95,card,CP3458,structuring,0,0
AL008629,C61969,business,3,GB,SG,46761.19,ach,CP7820,pep_match,0,0
AL008630,C35901,retail,20,DE,AE,110357.55,wire,CP4225,sanctions_match,0,0
AL008631,C13176,private,15,US,GB,8713.2,ach,CP2987,structuring,0,1
AL008632,C49390,private,0,CA,RU,32572.9,card,CP4209,pep_match,0,0
AL008633,C97883,retail,23,US,DE,8407.56,card,CP6491,high_risk_geo,2,0
AL008634,C15691,retail,25,DE,JP,2392.19,ach,CP8722,velocity,0,0
AL008635,C57692,retail,18,FR,GB,8257.0,ach,CP1984,structuring,0,1
AL008636,C90503,private,19,SG,AE,34049.7,wire,CP2626,pep_match,8,0
AL008637,C45768,retail,20,JP,US,40404.62,ach,CP1132,dormant_reactivation,0,0
AL008638,C41539,retail,3,JP,FR,5000.0,ach,CP4588,round_amount,2,0
AL008639,C69237,business,5,NG,GB,90564.11,wire,CP2831,sanctions_match,1,0
AL008640,C45620,retail,2,NG,CA,21521.23,ach,CP2527,high_risk_geo,1,0
AL008641,C11061,retail,21,DE,DE,31168.08,card,CP5183,dormant_reactivation,1,0
AL008642,C42714,retail,1,JP,AU,8889.81,wire,CP9192,structuring,0,1
AL008643,C20498,business,24,TR,SG,5000.0,card,CP3868,round_amount,0,0
AL008644,C25013,retail,19,US,DE,46876.27,card,CP3802,pep_match,2,0
AL008645,C99740,retail,25,BR,US,220171.54,wire,CP8487,sanctions_match,1,0
AL008646,C67972,retail,9,GB,BR,25000.0,wire,CP5021,round_amount,0,0
AL008647,C90238,retail,9,CA,CA,8096.49,wire,CP8026,structuring,0,0
AL008648,C62173,retail,23,BR,JP,100000.0,ach,CP3119,round_amount,0,0
AL008649,C68011,retail,11,CA,CA,9128.3,wire,CP2649,structuring,2,0
AL008650,C17294,business,20,JP,SG,29721.98,wire,CP7563,dormant_reactivation,0,0
AL008651,C63117,retail,6,FR,GB,9508.71,card,CP8245,structuring,1,0
AL008652,C72234,retail,15,BR,FR,8818.76,card,CP5444,structuring,0,1
AL008653,C13708,retail,2,AU,FR,1778.02,ach,CP6159,velocity,0,0
AL008654,C53845,retail,9,US,JP,17407.37,wire,CP6635,dormant_reactivation,2,0
AL008655,C31996,retail,5,FR,GB,28826.59,card,CP2928,pep_match,0,0
AL008656,C33213,retail,0,AU,JP,112879.6,wire,CP4680,sanctions_match,1,0
AL008657,C42291,retail,18,ZA,FR,8992.82,ach,CP1314,structuring,0,0
AL008658,C25904,business,2,NG,GB,32281.21,ach,CP5446,pep_match,3,1
AL008659,C16991,retail,19,BR,US,9105.31,ach,CP4930,structuring,1,0
AL008660,C92739,private,21,JP,US,42072.43,ach,CP4995,pep_match,0,0
AL008661,C59211,private,2,SG,US,4779.02,ach,CP5556,velocity,0,0
AL008662,C77861,retail,7,FR,GB,39847.9,ach,CP3707,dormant_reactivation,1,0
AL008663,C45829,business,14,AE,US,712.87,ach,CP6541,pep_match,0,1
AL008664,C45878,business,3,ZA,AU,8150.37,wire,CP2259,structuring,0,0
AL008665,C18537,retail,16,GB,TR,16079.42,ach,CP6755,dormant_reactivation,2,0
AL008666,C55795,retail,5,SG,AU,8022.05,wire,CP8468,structuring,0,0
AL008667,C18272,retail,2,AU,FR,100000.0,card,CP9536,round_amount,0,0
AL008668,C23152,retail,4,FR,CA,10000.0,ach,CP7074,round_amount,3,0
AL008669,C76420,retail,4,CA,FR,50000.0,ach,CP8707,round_amount,3,0
AL008670,C72033,retail,12,DE,JP,176040.96,ach,CP1472,sanctions_match,5,0
AL008671,C54244,retail,5,GB,GB,15679.5,wire,CP6853,high_risk_geo,8,0
AL008672,C12520,retail,10,CA,SG,14507.14,ach,CP9310,high_risk_geo,0,0
AL008673,C46392,retail,21,SG,KP,4136.27,ach,CP5825,velocity,2,0
AL008674,C70636,retail,10,GB,CA,9392.04,card,CP3974,structuring,0,0
AL008675,C76397,retail,25,FR,TR,50000.0,ach,CP1326,round_amount,2,0
AL008676,C75322,retail,14,AE,FR,35535.4,wire,CP6189,dormant_reactivation,1,0
AL008677,C18998,business,4,US,AE,648.12,card,CP5694,dormant_reactivation,0,0
AL008678,C71790,retail,8,FR,GB,3482.03,cash,CP1377,dormant_reactivation,2,0
AL008679,C25162,business,2,KP,JP,9671.54,ach,CP7509,structuring,0,0
AL008680,C27957,retail,22,NG,DE,83919.94,card,CP7825,sanctions_match,0,0
AL008681,C47485,retail,19,FR,US,9530.78,ach,CP5256,structuring,0,0
AL008682,C21658,retail,17,JP,AU,76496.76,ach,CP5890,sanctions_match,1,0
AL008683,C57765,business,18,US,DE,231900.68,ach,CP9932,sanctions_match,0,0
AL008684,C27556,retail,4,GB,SG,22660.66,wire,CP7135,pep_match,0,1
AL008685,C37195,retail,21,GB,JP,5429.71,ach,CP9483,high_risk_geo,0,0
AL008686,C43196,business,18,DE,US,50000.0,card,CP9844,round_amount,2,0
AL008687,C63243,retail,6,FR,GB,9032.53,wire,CP4507,structuring,0,0
AL008688,C15564,business,6,JP,JP,21381.95,ach,CP7594,high_risk_geo,0,0
AL008689,C33222,private,23,DE,VE,29691.98,card,CP5969,sanctions_match,0,1
AL008690,C76578,private,6,MM,KP,8752.63,ach,CP9276,structuring,2,1
AL008691,C50075,retail,6,DE,US,1345.11,card,CP8969,velocity,0,0
AL008692,C44234,retail,3,AU,GB,20645.38,ach,CP9295,high_risk_geo,3,0
AL008693,C38161,retail,5,FR,FR,916.42,card,CP9727,velocity,0,0
AL008694,C53082,retail,5,SG,US,8708.66,wire,CP1610,structuring,3,0
AL008695,C83040,retail,8,CA,FR,3860.37,ach,CP3737,velocity,0,0
AL008696,C17989,private,11,US,AU,8180.8,wire,CP2641,structuring,0,1
AL008697,C14176,private,18,US,MX,201988.75,ach,CP3770,high_risk_geo,0,0
AL008698,C92784,business,23,SG,GB,1313.46,wire,CP3779,velocity,0,0
AL008699,C98197,retail,21,AU,JP,8217.5,cash,CP1920,structuring,0,0
AL008700,C67080,retail,25,JP,GB,28983.53,wire,CP8483,pep_match,0,0
AL008701,C28475,retail,8,GB,TR,6792.39,ach,CP1817,high_risk_geo,0,0
AL008702,C70181,retail,13,US,JP,119233.03,wire,CP6744,sanctions_match,0,0
AL008703,C68343,retail,22,US,DE,8007.16,ach,CP4989,structuring,0,0
AL008704,C25104,retail,12,AU,TR,100000.0,wire,CP1966,round_amount,3,0
AL008705,C96949,retail,23,JP,SY,12670.9,wire,CP6742,pep_match,2,0
AL008706,C23966,retail,12,NG,DE,50000.0,card,CP9121,round_amount,8,0
AL008707,C44428,retail,25,CA,JP,49074.67,ach,CP1727,pep_match,0,0
AL008708,C93192,retail,16,US,TR,9341.86,cash,CP4533,structuring,3,0
AL008709,C22843,retail,14,MM,CA,784.38,ach,CP8503,velocity,3,0
AL008710,C17073,business,8,FR,AU,3129.67,cash,CP3340,velocity,0,0
AL008711,C72694,retail,0,DE,GB,231315.78,wire,CP5556,sanctions_match,0,0
AL008712,C69132,business,18,FR,SG,3639.6,wire,CP2818,velocity,0,0
AL008713,C38977,retail,23,US,FR,209941.26,card,CP6027,sanctions_match,0,0
AL008714,C72008,retail,16,US,JP,15623.17,card,CP3314,high_risk_geo,0,0
AL008715,C99616,retail,17,AU,MX,19716.84,ach,CP1429,pep_match,2,0
AL008716,C44364,retail,23,CA,GB,50000.0,wire,CP5964,round_amount,0,0
AL008717,C98096,retail,1,TR,JP,71302.83,ach,CP7010,sanctions_match,0,0
AL008718,C85052,retail,16,CA,US,66129.1,wire,CP8823,sanctions_match,1,1
AL008719,C41440,retail,1,US,GB,62240.21,cash,CP5133,sanctions_match,0,0
AL008720,C85273,private,21,GB,AE,9423.32,wire,CP8881,structuring,0,1
AL008721,C18383,business,7,SG,US,17031.1,card,CP6200,dormant_reactivation,0,0
AL008722,C15901,retail,1,FR,BR,20039.36,ach,CP9602,high_risk_geo,0,0
AL008723,C64004,retail,6,RU,US,8695.98,ach,CP2474,structuring,0,0
AL008724,C91923,retail,19,JP,AU,41741.06,wire,CP9094,pep_match,0,0
AL008725,C65527,retail,9,US,US,22110.41,card,CP9649,high_risk_geo,0,0
AL008726,C31521,retail,21,CA,GB,100000.0,cash,CP5135,round_amount,0,0
AL008727,C20529,retail,7,SG,GB,7809.08,card,CP5442,pep_match,0,0
AL008728,C41398,retail,10,SG,SG,218153.75,cash,CP1311,sanctions_match,1,0
AL008729,C75953,private,11,NG,SY,82847.11,cash,CP2323,high_risk_geo,0,0
AL008730,C58282,retail,3,GB,DE,25000.0,card,CP7341,round_amount,0,1
AL008731,C66112,retail,20,GB,FR,7857.32,card,CP1911,structuring,0,1
AL008732,C35692,retail,4,SG,GB,5000.0,wire,CP5293,round_amount,0,0
AL008733,C29561,business,8,GB,US,2364.65,ach,CP3593,velocity,1,0
AL008734,C76506,retail,18,AU,AU,100000.0,wire,CP5642,round_amount,0,0
AL008735,C26240,retail,4,CA,JP,37800.6,cash,CP8296,dormant_reactivation,0,0
AL008736,C88815,retail,6,FR,CA,15815.33,ach,CP2972,high_risk_geo,0,0
AL008737,C82108,retail,2,FR,AE,100000.0,ach,CP7509,round_amount,0,0
AL008738,C24481,retail,21,NG,BR,50000.0,ach,CP8530,round_amount,1,0
AL008739,C70480,private,17,SG,JP,207411.9,wire,CP4804,high_risk_geo,2,0
AL008740,C44764,retail,14,FR,FR,5000.0,ach,CP1407,round_amount,0,0
AL008741,C54236,retail,14,ZA,ZA,11241.34,ach,CP5518,high_risk_geo,0,1
AL008742,C83930,retail,22,CA,FR,47417.51,card,CP4130,dormant_reactivation,0,0
AL008743,C89435,retail,10,AU,GB,31993.0,ach,CP3930,pep_match,2,0
AL008744,C26167,retail,22,AU,GB,44162.36,ach,CP2224,pep_match,2,0
AL008745,C36231,retail,5,DE,CA,8562.82,ach,CP3394,structuring,3,0
AL008746,C43100,retail,9,CA,AU,43916.26,wire,CP4458,dormant_reactivation,0,0
AL008747,C82205,retail,24,GB,AU,199072.93,card,CP7644,sanctions_match,0,0
AL008748,C12010,retail,16,JP,SG,25000.0,ach,CP3912,round_amount,0,0
AL008749,C56056,retail,25,US,DE,8233.62,wire,CP7024,structuring,1,1
AL008750,C79865,retail,1,US,US,6687.05,ach,CP5529,high_risk_geo,0,0
AL008751,C50860,business,25,RU,FR,17476.05,ach,CP9945,pep_match,1,0
AL008752,C19595,retail,22,CA,JP,5822.23,ach,CP4120,high_risk_geo,0,0
AL008753,C93362,retail,16,GB,AU,100.19,wire,CP1846,velocity,8,0
AL008754,C20447,retail,8,ZA,GB,506.71,ach,CP4094,velocity,0,0
AL008755,C96124,business,5,AU,AU,18071.37,ach,CP9118,high_risk_geo,2,0
AL008756,C92254,business,12,DE,FR,9355.61,ach,CP2992,high_risk_geo,0,0
AL008757,C34591,retail,14,SG,AE,7421.76,card,CP3804,high_risk_geo,0,0
AL008758,C25565,retail,6,AU,BR,10000.0,wire,CP8915,round_amount,0,0
AL008759,C55993,business,4,AU,FR,50000.0,card,CP3950,round_amount,0,0
AL008760,C10544,retail,18,GB,JP,155299.67,ach,CP6408,sanctions_match,0,0
AL008761,C92393,retail,19,SG,SG,38350.24,ach,CP6852,pep_match,0,0
AL008762,C22144,private,10,MX,FR,15782.83,ach,CP1245,pep_match,1,0
AL008763,C90659,retail,0,CA,MX,9525.3,ach,CP7770,structuring,0,0
AL008764,C85366,retail,4,CA,CA,5000.0,card,CP8171,round_amount,0,0
AL008765,C71290,private,11,JP,GB,5000.0,cash,CP2328,round_amount,0,0
AL008766,C91793,private,18,BR,JP,147952.45,ach,CP7884,sanctions_match,0,0
AL008767,C43104,retail,16,CA,CA,39550.57,ach,CP7486,dormant_reactivation,0,0
AL008768,C78376,retail,0,ZA,DE,25000.0,card,CP3843,round_amount,0,0
AL008769,C76203,retail,23,SG,GB,9673.97,wire,CP8046,dormant_reactivation,0,0
AL008770,C14604,retail,23,GB,ZA,5000.0,cash,CP7586,round_amount,5,0
AL008771,C24312,business,24,CA,FR,100000.0,card,CP3930,round_amount,0,0
AL008772,C83524,private,16,RU,ZA,40952.36,ach,CP2696,dormant_reactivation,3,0
AL008773,C77963,retail,14,CA,US,100000.0,wire,CP6714,round_amount,0,0
AL008774,C48467,retail,21,CA,JP,249535.35,card,CP3111,sanctions_match,0,0
AL008775,C10980,business,2,US,CA,13729.92,card,CP4702,sanctions_match,5,0
AL008776,C47447,retail,6,GB,SG,6220.09,ach,CP1931,pep_match,0,1
AL008777,C32713,retail,18,SG,BR,13646.91,cash,CP4986,high_risk_geo,1,0
AL008778,C30191,business,10,SG,US,2296.15,ach,CP1071,velocity,0,0
AL008779,C64220,retail,24,TR,FR,100000.0,cash,CP5125,round_amount,0,0
AL008780,C98867,retail,2,FR,DE,9409.23,ach,CP3250,structuring,3,0
AL008781,C93907,retail,8,BR,FR,5193.84,wire,CP5649,dormant_reactivation,0,0
AL008782,C14252,retail,12,NG,MX,2512.99,cash,CP5302,velocity,1,0
AL008783,C52606,retail,12,DE,FR,1756.2,ach,CP8522,velocity,0,0
AL008784,C23938,retail,24,SG,US,16355.58,ach,CP4072,high_risk_geo,0,0
AL008785,C40320,retail,17,CA,DE,28509.45,card,CP3797,pep_match,3,0
AL008786,C89888,private,8,FR,VE,25000.0,ach,CP5838,round_amount,3,0
AL008787,C16923,business,7,AU,FR,8526.41,ach,CP8289,structuring,1,0
AL008788,C28249,retail,10,SY,SG,37820.21,ach,CP1762,pep_match,2,1
AL008789,C70091,retail,4,ZA,GB,23505.0,card,CP2651,high_risk_geo,1,0
AL008790,C47389,retail,17,AU,AU,100000.0,card,CP6822,round_amount,0,0
AL008791,C62236,retail,6,FR,TR,2888.14,ach,CP9885,pep_match,0,0
AL008792,C38973,private,18,GB,SG,88335.72,wire,CP7652,high_risk_geo,0,0
AL008793,C64725,retail,0,CA,JP,9589.51,ach,CP6830,structuring,0,0
AL008794,C72974,retail,9,MX,US,148156.64,wire,CP1139,sanctions_match,1,0
AL008795,C24563,retail,8,AE,FR,83906.11,ach,CP5624,sanctions_match,1,1
AL008796,C63319,business,22,ZA,SG,161020.05,card,CP1570,sanctions_match,0,1
AL008797,C69814,retail,3,TR,AU,9359.03,wire,CP2271,structuring,1,1
AL008798,C53493,private,17,TR,AU,1448.33,card,CP3256,dormant_reactivation,0,0
AL008799,C46361,retail,11,VE,AE,2547.6,card,CP2366,velocity,0,0
AL008800,C38309,retail,14,SG,AU,9355.77,wire,CP3994,structuring,3,0
AL008801,C59555,retail,13,CA,US,5000.0,wire,CP4038,round_amount,0,0
AL008802,C59860,retail,14,CA,KP,14879.28,card,CP3289,sanctions_match,0,0
AL008803,C81092,retail,14,FR,BR,21164.54,ach,CP7885,high_risk_geo,5,0
AL008804,C69439,business,4,GB,AU,9592.3,wire,CP9331,structuring,2,0
AL008805,C66477,retail,12,CA,JP,10000.0,wire,CP7025,round_amount,1,0
AL008806,C60491,retail,14,AU,AU,31509.52,ach,CP5300,pep_match,2,0
AL008807,C26953,business,20,FR,CA,44700.18,ach,CP8512,sanctions_match,0,0
AL008808,C89004,retail,16,SG,DE,22705.21,ach,CP3363,high_risk_geo,0,0
AL008809,C27023,private,16,BR,BR,175176.22,card,CP4656,sanctions_match,0,1
AL008810,C15612,retail,5,MX,FR,29265.95,ach,CP7309,pep_match,1,0
AL008811,C51680,retail,24,TR,MX,10000.0,ach,CP4635,round_amount,1,0
AL008812,C83694,retail,2,AU,JP,635.92,wire,CP5692,velocity,0,0
AL008813,C65617,business,14,FR,US,9011.36,card,CP2603,pep_match,3,0
AL008814,C18339,retail,5,GB,JP,8160.46,ach,CP4070,structuring,0,0
AL008815,C27425,retail,21,US,SG,25000.0,ach,CP3583,round_amount,3,0
AL008816,C29220,retail,22,FR,DE,135301.06,ach,CP2280,sanctions_match,0,1
AL008817,C23303,retail,11,DE,JP,39242.34,ach,CP1013,dormant_reactivation,2,1
AL008818,C71725,retail,25,FR,DE,8123.85,ach,CP8908,structuring,0,0
AL008819,C81515,business,18,SG,SG,133600.04,wire,CP6736,sanctions_match,1,0
AL008820,C32895,business,3,MX,AU,22802.6,cash,CP1025,pep_match,0,0
AL008821,C66005,retail,13,MX,JP,4318.81,wire,CP9853,sanctions_match,1,0
AL008822,C93055,business,22,JP,CA,100000.0,cash,CP8611,round_amount,0,0
AL008823,C30277,retail,10,SG,CA,15394.29,ach,CP7448,dormant_reactivation,1,0
AL008824,C81744,retail,7,AE,ZA,8744.21,ach,CP1775,structuring,0,0
AL008825,C29673,private,17,AU,DE,8881.11,ach,CP8466,structuring,0,0
AL008826,C38009,retail,12,SG,AU,72832.83,card,CP5161,sanctions_match,1,1
AL008827,C36601,retail,13,SG,AU,9371.33,ach,CP2565,structuring,0,0
AL008828,C94350,business,15,DE,CA,26143.74,wire,CP7216,pep_match,0,0
AL008829,C99001,retail,14,JP,FR,46860.32,card,CP3394,pep_match,2,1
AL008830,C53690,retail,18,AU,FR,23071.89,ach,CP8922,dormant_reactivation,0,0
AL008831,C40641,retail,5,CA,GB,33779.13,cash,CP5107,pep_match,0,0
AL008832,C47303,business,25,AU,AU,38299.24,card,CP1185,dormant_reactivation,5,0
AL008833,C28025,retail,11,AE,FR,59190.3,wire,CP2801,sanctions_match,0,0
AL008834,C12099,retail,20,SG,FR,8219.36,wire,CP7432,structuring,0,1
AL008835,C19285,retail,5,DE,CA,8156.12,card,CP5566,structuring,0,0
AL008836,C58585,retail,4,SG,DE,9225.16,cash,CP4293,structuring,1,0
AL008837,C83101,retail,6,CA,CA,29518.39,wire,CP5488,pep_match,0,0
AL008838,C24874,retail,24,RU,CA,33185.59,wire,CP2816,dormant_reactivation,0,0
AL008839,C98613,retail,16,GB,NG,8241.87,wire,CP2983,structuring,0,0
AL008840,C56790,retail,24,CA,GB,23963.28,ach,CP1448,pep_match,0,1
AL008841,C38612,retail,4,AU,FR,2204.95,ach,CP9454,velocity,0,0
AL008842,C81523,retail,9,NG,MX,141490.66,wire,CP9295,sanctions_match,0,1
AL008843,C91438,private,14,AE,AE,30546.26,card,CP2249,dormant_reactivation,0,0
AL008844,C17445,private,8,ZA,DE,132816.8,wire,CP2140,high_risk_geo,1,1
AL008845,C17799,business,7,US,JP,45825.98,ach,CP7228,dormant_reactivation,2,0
AL008846,C96541,retail,10,CA,ZA,15029.16,ach,CP3610,high_risk_geo,0,0
AL008847,C49475,retail,12,GB,DE,9117.04,wire,CP8784,structuring,0,0
AL008848,C19870,retail,24,SG,SG,2310.59,wire,CP1162,velocity,1,0
AL008849,C49332,business,4,SG,SG,9985.95,cash,CP9883,structuring,0,0
AL008850,C55082,retail,1,US,AU,8870.84,ach,CP6740,high_risk_geo,0,1
AL008851,C49739,retail,20,JP,JP,10748.2,card,CP9365,pep_match,0,0
AL008852,C68073,retail,8,NG,AU,30969.86,ach,CP4027,dormant_reactivation,2,0
AL008853,C61720,retail,16,SG,GB,490.18,card,CP5122,pep_match,2,0
AL008854,C19382,retail,2,CA,FR,8755.42,wire,CP4901,structuring,0,0
AL008855,C47345,business,16,JP,CA,30724.11,wire,CP2214,pep_match,0,0
AL008856,C24189,retail,18,NG,TR,44107.23,cash,CP1713,pep_match,1,0
AL008857,C62707,retail,8,CA,SG,49379.84,ach,CP8841,pep_match,3,0
AL008858,C67916,retail,25,AU,US,2636.16,ach,CP5886,dormant_reactivation,0,0
AL008859,C30587,private,4,BR,MM,83294.22,ach,CP8072,sanctions_match,0,0
AL008860,C32941,private,3,AU,SY,8611.74,wire,CP6710,sanctions_match,3,0
AL008861,C59721,retail,10,KP,US,145039.12,ach,CP9021,sanctions_match,8,0
AL008862,C77203,retail,19,AU,CA,4922.85,ach,CP6029,velocity,0,0
AL008863,C74670,retail,15,FR,KP,17512.67,ach,CP6869,dormant_reactivation,0,0
AL008864,C60500,retail,0,RU,DE,150966.35,cash,CP6910,sanctions_match,1,1
AL008865,C52464,business,24,US,US,3375.38,ach,CP7841,velocity,3,0
AL008866,C12184,business,14,MX,TR,14056.14,wire,CP1502,high_risk_geo,0,0
AL008867,C66219,business,13,ZA,AU,9077.25,wire,CP5156,structuring,3,0
AL008868,C37184,retail,10,GB,GB,100000.0,ach,CP1640,round_amount,0,0
AL008869,C66884,retail,8,US,ZA,32342.85,wire,CP6206,pep_match,1,0
AL008870,C60274,retail,6,GB,US,9287.35,ach,CP7061,structuring,0,0
AL008871,C38968,private,10,US,US,37477.76,ach,CP3233,dormant_reactivation,0,0
AL008872,C51249,retail,18,AU,SG,4248.87,card,CP7494,velocity,0,0
AL008873,C44150,private,7,AU,MX,90613.91,ach,CP9444,sanctions_match,1,0
AL008874,C63192,private,9,JP,JP,8917.92,wire,CP8962,structuring,0,0
AL008875,C29733,retail,19,JP,SG,189093.16,ach,CP8025,sanctions_match,0,0
AL008876,C60526,retail,1,JP,GB,42212.19,card,CP8017,pep_match,0,0
AL008877,C35395,retail,25,GB,AU,100000.0,card,CP1798,round_amount,0,0
AL008878,C30877,retail,12,BR,AE,5000.0,wire,CP3458,round_amount,0,0
AL008879,C79913,retail,4,DE,GB,34034.02,card,CP4342,dormant_reactivation,3,0
AL008880,C43542,retail,18,DE,AU,206820.0,wire,CP9282,sanctions_match,2,1
AL008881,C59818,retail,5,FR,NG,10389.68,cash,CP7319,dormant_reactivation,2,0
AL008882,C54155,retail,24,JP,CA,8124.79,card,CP9066,structuring,0,0
AL008883,C96294,retail,17,DE,DE,8864.28,wire,CP2327,structuring,0,0
AL008884,C39177,private,21,TR,FR,26583.35,cash,CP2566,dormant_reactivation,1,0
AL008885,C33218,retail,3,AU,SG,50000.0,card,CP1501,round_amount,3,0
AL008886,C72579,retail,22,AU,AE,230674.74,cash,CP8527,sanctions_match,2,0
AL008887,C86040,business,20,JP,FR,2819.29,ach,CP7066,velocity,0,0
AL008888,C44062,retail,21,US,SG,5934.89,cash,CP7624,high_risk_geo,0,0
AL008889,C59145,retail,10,AU,ZA,12777.51,ach,CP7695,pep_match,0,0
AL008890,C35531,retail,15,AE,US,14866.3,ach,CP8543,high_risk_geo,1,0
AL008891,C80558,retail,12,DE,US,34714.41,ach,CP3028,dormant_reactivation,0,0
AL008892,C69575,retail,0,SG,AU,9392.97,ach,CP8148,structuring,1,1
AL008893,C64427,business,7,FR,CA,187672.49,card,CP7952,sanctions_match,2,0
AL008894,C99561,private,13,ZA,SG,9681.84,wire,CP4890,structuring,1,1
AL008895,C77328,retail,16,CA,AE,5934.01,card,CP6077,pep_match,0,0
AL008896,C25874,retail,1,BR,JP,8245.96,cash,CP3755,structuring,0,0
AL008897,C96580,retail,20,SG,AU,6811.4,ach,CP3988,high_risk_geo,0,0
AL008898,C82425,retail,6,AU,US,4895.3,card,CP1829,velocity,3,0
AL008899,C29414,retail,18,JP,US,18257.72,wire,CP6252,high_risk_geo,0,0
AL008900,C71514,retail,18,GB,DE,30452.53,ach,CP5317,dormant_reactivation,0,0
AL008901,C50692,business,5,MX,SG,4062.12,cash,CP2844,velocity,0,0
AL008902,C32557,business,3,JP,JP,41713.64,ach,CP9675,dormant_reactivation,3,0
AL008903,C48808,retail,1,JP,CA,1091.8,ach,CP7815,velocity,0,0
AL008904,C52686,private,19,SG,CA,213213.33,wire,CP2261,high_risk_geo,3,0
AL008905,C31237,business,11,GB,GB,9340.91,wire,CP8376,structuring,0,1
AL008906,C32790,private,14,SG,BR,41626.36,ach,CP9238,dormant_reactivation,0,0
AL008907,C54949,retail,10,AU,SG,3788.44,wire,CP5326,pep_match,0,0
AL008908,C96503,business,18,SG,SG,46309.65,ach,CP4763,sanctions_match,0,1
AL008909,C95187,business,23,AU,CA,45539.21,ach,CP8194,dormant_reactivation,0,0
AL008910,C28766,retail,13,AE,GB,45218.88,wire,CP8532,pep_match,0,0
AL008911,C79172,business,6,AU,CA,4511.21,ach,CP7170,velocity,2,0
AL008912,C59212,retail,22,FR,GB,397.08,wire,CP5560,velocity,0,0
AL008913,C44848,retail,23,CA,CA,21070.03,wire,CP6224,high_risk_geo,0,1
AL008914,C64327,retail,13,CA,SG,9883.07,ach,CP2788,structuring,3,1
AL008915,C23322,retail,8,FR,GB,7828.14,card,CP1518,structuring,0,0
AL008916,C73330,retail,12,JP,GB,8787.42,card,CP2129,structuring,0,0
AL008917,C22146,business,15,GB,CA,33824.89,ach,CP7315,dormant_reactivation,3,0
AL008918,C73989,business,20,AE,CA,203514.84,wire,CP1022,sanctions_match,1,0
AL008919,C29712,retail,25,CA,SY,2450.96,cash,CP2110,velocity,0,0
AL008920,C14521,private,2,ZA,JP,100000.0,ach,CP5227,round_amount,0,0
AL008921,C41871,retail,21,SG,CA,24017.91,wire,CP9226,pep_match,0,0
AL008922,C54173,private,14,AE,AU,23340.18,wire,CP5116,dormant_reactivation,0,0
AL008923,C30548,retail,25,US,US,85456.44,card,CP3989,sanctions_match,8,1
AL008924,C17551,retail,22,SG,SG,25166.94,ach,CP9707,pep_match,1,0
AL008925,C23341,business,0,FR,JP,9002.52,ach,CP6106,structuring,0,0
AL008926,C39224,retail,6,AU,JP,100000.0,card,CP5422,round_amount,2,0
AL008927,C30933,retail,13,DE,IR,180.29,card,CP6346,velocity,0,0
AL008928,C37431,retail,18,CA,US,1094.72,ach,CP7772,velocity,0,0
AL008929,C21413,retail,21,MX,SG,24480.12,card,CP8923,pep_match,0,0
AL008930,C15038,business,5,MM,MX,9977.49,ach,CP5931,structuring,1,1
AL008931,C61292,private,24,VE,GB,3638.4,wire,CP5172,velocity,1,0
AL008932,C92564,retail,15,FR,SG,42687.55,wire,CP1589,sanctions_match,0,0
AL008933,C68885,business,6,GB,AU,115775.07,ach,CP5114,sanctions_match,2,0
AL008934,C32707,retail,3,JP,GB,11454.68,ach,CP1814,high_risk_geo,0,0
AL008935,C42518,retail,17,JP,US,49649.23,ach,CP7252,dormant_reactivation,1,0
AL008936,C29854,retail,4,CA,AU,106325.66,ach,CP8769,sanctions_match,0,0
AL008937,C77766,retail,10,CA,ZA,2105.34,card,CP6591,pep_match,1,0
AL008938,C12101,private,3,US,IR,139078.55,ach,CP9142,sanctions_match,0,0
AL008939,C76175,retail,19,BR,US,245203.17,wire,CP5934,sanctions_match,0,0
AL008940,C37434,retail,17,FR,DE,142081.91,ach,CP4258,sanctions_match,2,0
AL008941,C38725,retail,22,GB,CA,166927.78,cash,CP6930,sanctions_match,0,0
AL008942,C61257,retail,23,CA,CA,7875.44,wire,CP5959,structuring,0,0
AL008943,C29550,retail,8,JP,JP,10000.0,ach,CP9436,round_amount,0,0
AL008944,C86459,private,25,AE,NG,38778.58,wire,CP6143,pep_match,2,0
AL008945,C92043,retail,10,DE,DE,9345.84,ach,CP9387,structuring,1,1
AL008946,C56934,business,6,AE,SY,7808.66,wire,CP5891,structuring,1,0
AL008947,C10138,retail,4,CA,CA,2298.69,cash,CP1528,velocity,0,0
AL008948,C45698,retail,14,US,DE,50000.0,wire,CP2100,round_amount,0,0
AL008949,C66746,business,18,DE,ZA,9072.71,ach,CP3073,structuring,0,0
AL008950,C12389,retail,8,MX,GB,7884.1,wire,CP3481,structuring,0,0
AL008951,C75659,retail,19,DE,GB,34999.61,card,CP1454,pep_match,0,0
AL008952,C28081,business,15,FR,DE,5000.0,ach,CP1494,round_amount,1,0
AL008953,C75198,retail,24,FR,DE,5000.0,wire,CP6564,round_amount,3,0
AL008954,C44460,retail,11,CA,GB,8066.67,ach,CP7002,high_risk_geo,0,0
AL008955,C73559,business,19,CA,AU,25000.0,card,CP1805,round_amount,3,0
AL008956,C31654,retail,7,FR,ZA,3088.67,ach,CP4775,velocity,0,0
AL008957,C95477,retail,11,US,FR,2405.28,ach,CP8552,velocity,0,0
AL008958,C81488,business,5,US,ZA,8554.02,ach,CP5020,structuring,1,0
AL008959,C38560,retail,22,GB,TR,29820.8,ach,CP6817,dormant_reactivation,2,0
AL008960,C95799,private,14,JP,SG,407.13,cash,CP3056,velocity,0,0
AL008961,C74536,retail,24,MX,US,10000.0,card,CP6673,round_amount,2,0
AL008962,C93243,retail,7,NG,GB,5991.51,ach,CP5215,high_risk_geo,1,0
AL008963,C41547,business,12,JP,SG,100000.0,card,CP1998,round_amount,2,0
AL008964,C43648,retail,5,DE,GB,7979.53,ach,CP2368,structuring,8,0
AL008965,C10226,retail,18,CA,AU,30330.32,wire,CP2713,sanctions_match,0,0
AL008966,C27657,retail,14,US,DE,65527.27,ach,CP4343,sanctions_match,1,0
AL008967,C79090,private,1,GB,US,62838.65,wire,CP1772,high_risk_geo,0,0
AL008968,C94759,retail,20,IR,FR,8293.08,card,CP5773,high_risk_geo,1,0
AL008969,C94737,retail,0,JP,NG,8769.95,card,CP2581,structuring,0,1
AL008970,C36399,retail,12,GB,SG,3484.22,ach,CP6415,dormant_reactivation,0,0
AL008971,C13032,retail,24,AE,GB,239.6,ach,CP4067,velocity,3,0
AL008972,C29779,private,4,IR,MM,4901.79,wire,CP5526,velocity,0,0
AL008973,C48493,retail,6,JP,ZA,46287.83,ach,CP6580,sanctions_match,1,0
AL008974,C88795,retail,23,DE,VE,23911.34,card,CP8864,high_risk_geo,0,0
AL008975,C81730,private,10,NG,FR,1204.97,ach,CP3816,velocity,0,0
AL008976,C13154,retail,2,CA,GB,34195.23,ach,CP4053,pep_match,0,0
AL008977,C12051,retail,20,AE,DE,87464.09,wire,CP7536,sanctions_match,2,0
AL008978,C47341,retail,1,GB,CA,15158.41,ach,CP1325,dormant_reactivation,0,0
AL008979,C43708,business,5,US,DE,44760.13,ach,CP6714,pep_match,0,0
AL008980,C46866,business,0,SG,CA,42357.52,wire,CP8199,dormant_reactivation,0,0
AL008981,C78848,retail,20,DE,DE,43264.59,wire,CP8764,pep_match,0,0
AL008982,C86750,business,5,AE,JP,218831.15,card,CP1202,sanctions_match,0,0
AL008983,C72401,business,12,CA,CA,200598.39,card,CP9328,sanctions_match,0,0
AL008984,C64156,retail,18,US,US,30282.94,card,CP9213,pep_match,0,0
AL008985,C44672,retail,13,GB,FR,7630.51,ach,CP4389,high_risk_geo,0,0
AL008986,C81663,private,1,MX,MM,30242.7,ach,CP2145,dormant_reactivation,3,0
AL008987,C63515,business,19,US,BR,1523.25,wire,CP7716,velocity,0,0
AL008988,C75032,retail,15,JP,FR,11342.66,card,CP8861,dormant_reactivation,2,0
AL008989,C83596,retail,13,US,CA,9315.01,wire,CP2089,dormant_reactivation,0,0
AL008990,C78194,retail,14,SG,VE,10000.0,ach,CP5601,round_amount,2,0
AL008991,C46668,business,22,DE,JP,5000.0,wire,CP9756,round_amount,8,0
AL008992,C22485,retail,25,SG,US,3468.29,cash,CP9716,velocity,0,0
AL008993,C22790,business,18,US,CA,4790.34,ach,CP2715,velocity,0,0
AL008994,C75661,retail,14,DE,CA,30559.67,wire,CP1838,pep_match,0,0
AL008995,C15422,retail,22,SG,JP,5000.0,wire,CP6012,round_amount,0,0
AL008996,C64070,private,11,GB,SG,3829.28,wire,CP9431,velocity,0,0
AL008997,C99142,retail,16,JP,RU,13226.85,cash,CP7197,high_risk_geo,0,0
AL008998,C29664,retail,1,AU,AU,5027.64,ach,CP1465,dormant_reactivation,2,0
AL008999,C21947,business,14,US,FR,5633.91,ach,CP5885,high_risk_geo,1,0
AL009000,C60667,retail,14,DE,FR,18845.59,ach,CP2527,high_risk_geo,2,0
AL009001,C92185,retail,15,DE,AU,102312.67,cash,CP2043,sanctions_match,0,0
AL009002,C78967,business,23,SG,JP,25591.58,card,CP4299,pep_match,2,0
AL009003,C89808,retail,2,US,ZA,102104.6,card,CP2830,sanctions_match,0,0
AL009004,C32126,business,20,AU,DE,217737.72,wire,CP7397,sanctions_match,0,1
AL009005,C98911,retail,6,JP,US,167348.08,ach,CP8772,sanctions_match,5,1
AL009006,C49772,business,15,AU,ZA,244405.85,cash,CP3667,sanctions_match,0,0
AL009007,C55398,retail,12,BR,CA,4755.66,wire,CP5363,velocity,0,0
AL009008,C23746,retail,17,AE,SG,5890.99,ach,CP5141,high_risk_geo,0,1
AL009009,C97590,retail,11,CA,JP,56862.2,ach,CP1942,sanctions_match,0,0
AL009010,C48004,retail,18,JP,CA,3105.7,ach,CP8786,velocity,0,0
AL009011,C95421,retail,24,AU,SG,8098.72,card,CP8663,structuring,0,0
AL009012,C27675,retail,2,US,ZA,7940.42,card,CP4999,structuring,0,0
AL009013,C76585,business,20,DE,DE,25000.0,card,CP6368,round_amount,2,0
AL009014,C23426,business,15,CA,US,21356.73,wire,CP1148,pep_match,1,0
AL009015,C38447,business,9,DE,TR,6637.21,ach,CP4478,high_risk_geo,0,0
AL009016,C98747,business,23,GB,CA,112519.26,card,CP8527,sanctions_match,1,0
AL009017,C94772,business,0,BR,SG,23328.98,ach,CP1739,dormant_reactivation,0,0
AL009018,C24262,business,18,US,ZA,24487.53,ach,CP6336,high_risk_geo,0,1
AL009019,C76339,business,16,GB,US,8470.79,wire,CP1783,structuring,8,0
AL009020,C79232,business,15,SG,FR,18610.77,wire,CP1115,pep_match,1,0
AL009021,C88670,retail,17,TR,US,87161.6,wire,CP8429,sanctions_match,0,1
AL009022,C67759,business,9,JP,AU,21424.05,cash,CP9379,sanctions_match,2,0
AL009023,C22533,retail,9,SG,FR,38855.43,ach,CP7516,pep_match,1,0
AL009024,C88541,retail,12,SG,DE,21314.95,wire,CP6926,high_risk_geo,3,1
AL009025,C26183,business,6,DE,DE,15966.48,ach,CP8850,high_risk_geo,1,0
AL009026,C35358,retail,25,GB,BR,181937.71,card,CP5751,sanctions_match,0,0
AL009027,C31199,retail,21,DE,AU,18105.88,cash,CP4623,pep_match,2,0
AL009028,C42890,business,24,CA,SG,37539.05,ach,CP2280,pep_match,0,0
AL009029,C73638,retail,14,AU,AU,1571.02,card,CP7046,velocity,5,1
AL009030,C31288,retail,14,JP,DE,9418.59,cash,CP9142,pep_match,0,1
AL009031,C89333,retail,18,BR,MX,17184.51,ach,CP9971,high_risk_geo,0,1
AL009032,C74847,retail,24,ZA,US,50000.0,cash,CP1673,round_amount,1,0
AL009033,C18515,business,1,AE,SG,32873.42,ach,CP5389,dormant_reactivation,2,0
AL009034,C80399,private,5,NG,CA,35541.97,card,CP3146,pep_match,1,0
AL009035,C97563,retail,15,JP,CA,17854.37,wire,CP6849,pep_match,0,0
AL009036,C66521,business,0,US,JP,20778.11,ach,CP7009,pep_match,0,0
AL009037,C85032,business,5,JP,GB,7822.71,wire,CP1937,structuring,2,0
AL009038,C31778,private,4,BR,GB,25000.0,cash,CP1742,round_amount,0,0
AL009039,C54445,business,5,US,JP,16977.51,ach,CP3032,pep_match,2,0
AL009040,C60468,business,23,CA,US,9728.61,wire,CP8035,structuring,0,0
AL009041,C85838,retail,3,BR,GB,10412.31,ach,CP5260,pep_match,0,0
AL009042,C33390,retail,13,US,SG,9438.61,wire,CP7620,structuring,3,0
AL009043,C37699,private,14,TR,US,4145.73,ach,CP9808,velocity,0,0
AL009044,C49581,retail,19,TR,AU,93954.0,wire,CP2069,sanctions_match,0,1
AL009045,C53685,retail,9,AU,GB,18795.95,ach,CP1805,high_risk_geo,0,0
AL009046,C31289,retail,7,DE,CA,19031.47,card,CP9829,high_risk_geo,0,0
AL009047,C53678,private,20,FR,VE,5000.0,wire,CP2152,round_amount,3,0
AL009048,C32369,retail,8,SG,DE,104415.92,ach,CP8563,sanctions_match,1,0
AL009049,C48265,private,23,ZA,US,28709.66,card,CP1560,pep_match,1,0
AL009050,C90983,retail,20,JP,AU,9377.99,card,CP7996,structuring,0,0
AL009051,C23009,retail,11,AU,SG,3321.47,ach,CP8108,velocity,2,1
AL009052,C53963,retail,1,FR,CA,718.77,wire,CP2158,velocity,2,0
AL009053,C45172,retail,15,FR,CA,4953.05,wire,CP6492,velocity,3,0
AL009054,C46205,retail,10,AU,CA,16045.75,card,CP1378,high_risk_geo,3,0
AL009055,C51597,retail,1,SG,ZA,195901.84,ach,CP6158,sanctions_match,1,0
AL009056,C41856,retail,15,GB,US,4191.91,card,CP4750,velocity,1,0
AL009057,C58166,business,15,AU,JP,10819.91,ach,CP5230,high_risk_geo,0,0
AL009058,C30161,retail,25,GB,AE,14894.12,ach,CP3430,pep_match,0,0
AL009059,C32699,retail,14,AU,CA,920.18,wire,CP1057,velocity,3,0
AL009060,C91782,retail,24,MX,AU,17868.42,cash,CP9646,pep_match,3,1
AL009061,C21527,retail,25,SG,US,4339.87,card,CP5685,sanctions_match,0,0
AL009062,C12149,retail,9,DE,SY,3179.31,ach,CP4725,velocity,0,0
AL009063,C40770,retail,22,TR,US,23432.97,wire,CP7793,high_risk_geo,0,0
AL009064,C70690,private,10,FR,MM,50000.0,ach,CP7892,round_amount,0,0
AL009065,C18962,private,16,CA,AE,137381.16,wire,CP7241,sanctions_match,2,0
AL009066,C31192,retail,9,JP,FR,6943.17,card,CP3710,high_risk_geo,1,0
AL009067,C88062,business,4,US,SG,25000.0,wire,CP4580,round_amount,1,0
AL009068,C16259,business,11,CA,MX,1651.22,wire,CP1581,pep_match,0,1
AL009069,C80891,retail,17,DE,US,9387.32,wire,CP8684,sanctions_match,0,0
AL009070,C83152,business,3,US,ZA,2882.72,cash,CP7139,pep_match,0,0
AL009071,C92614,business,3,US,GB,1065.88,ach,CP5697,pep_match,1,0
AL009072,C42454,business,7,JP,JP,2522.65,ach,CP9137,velocity,0,0
AL009073,C32414,business,16,SG,NG,3676.61,ach,CP3820,dormant_reactivation,0,0
AL009074,C32651,private,9,BR,MM,10000.0,wire,CP9516,round_amount,0,0
AL009075,C46845,business,5,CA,GB,50000.0,ach,CP7842,round_amount,0,0
AL009076,C49638,business,22,AE,DE,1312.49,wire,CP7094,pep_match,1,1
AL009077,C47671,retail,13,JP,AU,5891.45,cash,CP3689,pep_match,0,0
AL009078,C39040,retail,10,DE,CA,1512.99,wire,CP5124,velocity,0,0
AL009079,C53895,retail,24,GB,AU,47339.5,wire,CP2149,pep_match,0,0
AL009080,C44853,private,21,NG,DE,159521.33,wire,CP6200,high_risk_geo,2,0
AL009081,C63888,retail,19,DE,FR,9030.36,card,CP2569,high_risk_geo,8,0
AL009082,C31217,retail,4,US,SG,36278.7,wire,CP7962,dormant_reactivation,0,0
AL009083,C53254,retail,10,FR,US,19175.31,ach,CP8447,pep_match,2,0
AL009084,C30461,retail,16,TR,FR,9900.21,ach,CP4057,structuring,0,0
AL009085,C96831,retail,23,BR,JP,5000.0,ach,CP3325,round_amount,0,0
AL009086,C11782,retail,6,GB,SG,25000.0,wire,CP4502,round_amount,0,1
AL009087,C30188,business,9,FR,SG,46863.73,wire,CP5566,pep_match,0,0
AL009088,C78904,retail,12,FR,US,2072.37,ach,CP8221,velocity,0,0
AL009089,C90230,retail,4,US,AU,2377.31,ach,CP7982,pep_match,8,0
AL009090,C77705,retail,6,FR,US,31264.65,wire,CP7009,dormant_reactivation,0,0
AL009091,C62743,private,1,US,TR,8192.39,card,CP4185,sanctions_match,2,0
AL009092,C11581,business,18,DE,SG,18159.98,ach,CP1077,high_risk_geo,3,0
AL009093,C97822,private,12,JP,VE,25189.67,card,CP1187,sanctions_match,1,1
AL009094,C74574,retail,15,DE,DE,5000.0,card,CP5301,round_amount,0,0
AL009095,C86583,private,18,NG,BR,9452.77,wire,CP6546,structuring,0,0
AL009096,C97895,business,10,TR,DE,19422.73,wire,CP6322,high_risk_geo,8,0
AL009097,C22448,business,8,US,MX,10005.12,ach,CP4011,dormant_reactivation,2,0
AL009098,C55322,business,18,SG,FR,9474.6,wire,CP4490,high_risk_geo,0,0
AL009099,C45631,retail,5,CA,CA,4338.63,wire,CP7428,velocity,0,0
AL009100,C78890,retail,7,JP,JP,40624.63,wire,CP9616,dormant_reactivation,0,0
AL009101,C43055,private,16,DE,DE,9277.35,card,CP8937,structuring,0,1
AL009102,C42164,business,14,US,SG,8669.17,ach,CP2489,structuring,1,0
AL009103,C28519,business,25,AE,FR,11642.0,ach,CP5568,high_risk_geo,1,0
AL009104,C22134,retail,13,JP,SG,50000.0,wire,CP7061,round_amount,2,0
AL009105,C58995,retail,4,CA,JP,8615.24,wire,CP7333,dormant_reactivation,1,0
AL009106,C77457,retail,22,US,CA,331.65,ach,CP1292,velocity,1,0
AL009107,C12468,retail,8,CA,FR,32102.05,card,CP3484,dormant_reactivation,0,0
AL009108,C83914,retail,23,US,CA,35009.01,ach,CP3323,sanctions_match,1,0
AL009109,C99698,retail,9,DE,GB,192225.07,wire,CP4914,sanctions_match,0,0
AL009110,C62067,private,19,SG,TR,46480.4,wire,CP4916,pep_match,3,0
AL009111,C31757,retail,12,GB,AU,201266.77,cash,CP1374,sanctions_match,1,0
AL009112,C43426,retail,19,SG,SG,42280.52,wire,CP6542,pep_match,2,0
AL009113,C19660,retail,22,DE,DE,29292.98,ach,CP9837,pep_match,2,0
AL009114,C30351,retail,3,FR,SG,26793.83,ach,CP3252,pep_match,0,0
AL009115,C63022,business,1,GB,MX,30668.21,ach,CP9520,dormant_reactivation,0,0
AL009116,C43626,retail,14,JP,FR,15334.99,ach,CP2445,sanctions_match,5,0
AL009117,C39221,retail,16,ZA,CA,22260.88,card,CP8217,high_risk_geo,0,1
AL009118,C71335,business,12,US,DE,2170.0,wire,CP9391,dormant_reactivation,0,0
AL009119,C50646,retail,3,JP,SG,39130.23,cash,CP3468,dormant_reactivation,0,0
AL009120,C45138,retail,1,AE,DE,84016.75,card,CP5391,sanctions_match,3,0
AL009121,C74637,retail,23,BR,SG,45015.69,ach,CP1226,pep_match,1,0
AL009122,C82451,retail,3,GB,US,20942.11,ach,CP9091,pep_match,2,0
AL009123,C60767,retail,9,MX,US,9120.49,ach,CP7239,sanctions_match,0,0
AL009124,C68765,retail,18,FR,JP,45170.41,ach,CP8090,pep_match,0,0
AL009125,C88652,business,11,CA,CA,13566.36,wire,CP9775,high_risk_geo,5,1
AL009126,C15203,business,19,AE,NG,49203.17,ach,CP6474,pep_match,1,0
AL009127,C24721,retail,15,US,FR,20727.09,cash,CP8156,dormant_reactivation,1,0
AL009128,C12137,retail,4,TR,BR,3410.01,wire,CP2147,velocity,2,0
AL009129,C51984,private,4,MX,BR,13396.87,card,CP5945,pep_match,5,0
AL009130,C69123,retail,3,FR,MX,49681.94,ach,CP6786,dormant_reactivation,1,0
AL009131,C10015,retail,0,AE,GB,25000.0,wire,CP5975,round_amount,0,0
AL009132,C91313,private,23,FR,TR,1413.98,wire,CP2634,dormant_reactivation,1,0
AL009133,C29808,retail,25,SG,GB,30448.51,card,CP1955,pep_match,1,0
AL009134,C66309,retail,20,FR,NG,23264.63,wire,CP8970,high_risk_geo,3,0
AL009135,C12094,retail,12,FR,BR,2729.55,ach,CP1661,pep_match,0,0
AL009136,C47110,retail,5,CA,NG,45515.91,ach,CP7076,pep_match,2,0
AL009137,C63501,retail,25,JP,MX,8152.23,ach,CP4647,structuring,3,1
AL009138,C57423,retail,10,AU,BR,8820.34,wire,CP3230,dormant_reactivation,3,0
AL009139,C77131,retail,25,CA,DE,100000.0,wire,CP9986,round_amount,1,0
AL009140,C95647,private,18,SY,AU,17927.66,card,CP3291,pep_match,0,0
AL009141,C44721,retail,12,SG,US,6911.77,ach,CP4992,pep_match,0,0
AL009142,C36278,retail,13,ZA,SG,45881.16,wire,CP3492,pep_match,5,0
AL009143,C50132,retail,18,TR,CA,8059.52,wire,CP3263,structuring,0,1
AL009144,C32473,business,23,CA,US,20584.76,ach,CP1792,pep_match,3,0
AL009145,C55136,retail,7,BR,AU,3224.9,wire,CP8464,pep_match,3,0
AL009146,C59903,retail,22,JP,CA,8396.05,wire,CP1156,structuring,3,0
AL009147,C66448,retail,4,CA,DE,63391.88,wire,CP4677,sanctions_match,0,0
AL009148,C10814,private,13,NG,JP,45391.98,wire,CP4340,dormant_reactivation,1,0
AL009149,C15488,business,14,JP,DE,212379.19,card,CP1269,sanctions_match,0,1
AL009150,C20663,business,19,SG,FR,9306.87,wire,CP3182,structuring,0,0
AL009151,C63025,retail,8,AE,SG,3529.13,wire,CP9196,velocity,0,0
AL009152,C65977,retail,11,DE,SG,100000.0,ach,CP1320,round_amount,8,0
AL009153,C77302,retail,4,SG,US,6003.25,wire,CP7093,sanctions_match,0,1
AL009154,C67457,private,11,FR,JP,28691.12,card,CP7872,pep_match,3,0
AL009155,C67290,business,14,DE,AE,40369.91,wire,CP2158,dormant_reactivation,0,0
AL009156,C38026,retail,6,FR,DE,3381.92,wire,CP9363,dormant_reactivation,1,0
AL009157,C13913,retail,14,JP,FR,8717.57,wire,CP1188,structuring,0,0
AL009158,C71778,retail,18,AU,DE,48539.96,ach,CP7172,pep_match,0,0
AL009159,C94835,retail,6,CA,DE,5000.0,ach,CP8863,round_amount,0,0
AL009160,C27640,retail,11,US,NG,209326.78,cash,CP6490,sanctions_match,0,0
AL009161,C19842,retail,8,SG,FR,45405.95,ach,CP4265,pep_match,0,0
AL009162,C73852,retail,11,JP,ZA,12036.61,ach,CP8340,high_risk_geo,2,0
AL009163,C20055,retail,1,US,US,7930.02,card,CP1204,structuring,0,0
AL009164,C71543,private,21,SY,JP,69825.22,ach,CP9072,high_risk_geo,2,1
AL009165,C81724,private,6,CA,SG,44250.92,ach,CP2506,dormant_reactivation,0,0
AL009166,C88989,retail,14,JP,DE,96490.43,cash,CP3730,sanctions_match,3,1
AL009167,C22657,retail,24,AU,AE,50000.0,ach,CP2408,round_amount,0,0
AL009168,C74455,retail,8,NG,FR,13437.85,ach,CP2052,high_risk_geo,0,0
AL009169,C98908,retail,7,SY,GB,3277.65,wire,CP5190,pep_match,0,0
AL009170,C25359,private,1,TR,CA,212594.25,ach,CP8511,high_risk_geo,2,0
AL009171,C85303,retail,8,CA,SG,20702.62,ach,CP2249,high_risk_geo,3,1
AL009172,C67445,retail,21,SG,MX,15791.8,card,CP6043,dormant_reactivation,0,0
AL009173,C65955,retail,1,GB,GB,9808.86,wire,CP1081,structuring,0,0
AL009174,C28301,business,12,NG,US,9673.78,wire,CP1186,pep_match,0,0
AL009175,C28101,retail,17,CA,JP,12688.02,cash,CP7709,pep_match,0,0
AL009176,C80013,retail,24,SG,SG,8664.59,ach,CP4090,structuring,0,0
AL009177,C83751,retail,16,DE,CA,13985.43,wire,CP6351,pep_match,1,0
AL009178,C94182,retail,7,US,JP,9382.78,card,CP5234,structuring,5,0
AL009179,C63239,retail,8,NG,DE,3912.41,ach,CP9037,velocity,3,0
AL009180,C45411,retail,14,US,SG,13447.28,wire,CP9000,high_risk_geo,0,0
AL009181,C31951,retail,17,GB,GB,1332.04,ach,CP4353,velocity,0,0
AL009182,C73224,business,22,DE,JP,31277.28,ach,CP4431,pep_match,1,0
AL009183,C54668,retail,1,FR,ZA,41883.05,wire,CP2963,dormant_reactivation,2,0
AL009184,C99575,retail,9,SG,CA,5000.0,card,CP1997,round_amount,0,0
AL009185,C86395,retail,16,US,GB,3379.75,ach,CP5851,velocity,0,0
AL009186,C40121,retail,4,JP,AU,10203.71,ach,CP3739,pep_match,1,0
AL009187,C75109,retail,13,CA,AE,25000.0,card,CP7449,round_amount,1,0
AL009188,C29702,retail,3,GB,AU,4374.77,card,CP1579,velocity,0,0
AL009189,C30801,retail,8,DE,US,9655.97,card,CP6608,structuring,1,0
AL009190,C92894,retail,13,AU,SG,16026.05,wire,CP3603,high_risk_geo,5,0
AL009191,C46378,private,14,AU,MM,67822.06,ach,CP1345,sanctions_match,1,0
AL009192,C87759,retail,19,FR,JP,216116.7,card,CP6371,sanctions_match,1,0
AL009193,C92212,retail,22,JP,SG,29283.87,wire,CP1285,dormant_reactivation,2,1
AL009194,C68737,private,15,RU,IR,2722.45,cash,CP7983,dormant_reactivation,3,0
AL009195,C48319,private,5,AU,AE,8990.91,ach,CP3392,structuring,0,1
AL009196,C16020,retail,20,SG,GB,34133.64,card,CP8335,dormant_reactivation,0,0
AL009197,C94992,business,7,US,CA,25000.0,wire,CP6511,round_amount,2,0
AL009198,C99096,retail,2,MX,MX,239463.84,wire,CP1608,sanctions_match,8,0
AL009199,C22199,business,5,DE,BR,204590.07,ach,CP9775,sanctions_match,1,0
AL009200,C64400,retail,12,SY,CA,39287.96,cash,CP6814,dormant_reactivation,0,0
AL009201,C55634,business,5,AU,US,9988.23,wire,CP5875,structuring,0,1
AL009202,C38566,retail,14,CA,AU,147570.25,wire,CP9453,sanctions_match,0,0
AL009203,C38935,retail,4,SG,FR,179975.62,cash,CP5399,sanctions_match,0,0
AL009204,C80337,retail,0,DE,AE,21559.95,ach,CP6959,high_risk_geo,5,1
AL009205,C10104,retail,15,FR,FR,8731.12,ach,CP4176,structuring,2,0
AL009206,C27410,private,2,AU,GB,1504.3,ach,CP2631,velocity,8,0
AL009207,C35283,business,15,AU,DE,68674.37,ach,CP5857,sanctions_match,2,0
AL009208,C27441,retail,18,JP,TR,978.05,wire,CP8070,velocity,1,0
AL009209,C23799,business,10,DE,AU,6648.55,ach,CP1725,high_risk_geo,5,0
AL009210,C39152,retail,17,DE,AU,99066.72,card,CP9448,sanctions_match,2,1
AL009211,C33539,retail,9,GB,FR,20931.33,cash,CP5703,high_risk_geo,0,0
AL009212,C63319,retail,13,FR,TR,21672.57,wire,CP2269,pep_match,1,0
AL009213,C93082,retail,13,TR,GB,3440.95,card,CP4564,dormant_reactivation,0,0
AL009214,C28473,retail,10,SG,SG,35649.12,ach,CP8639,dormant_reactivation,1,0
AL009215,C38589,retail,0,TR,BR,7681.25,card,CP8412,high_risk_geo,1,0
AL009216,C64830,retail,9,GB,GB,1186.19,wire,CP1452,velocity,0,0
AL009217,C22878,retail,2,CA,GB,8512.45,card,CP3235,structuring,8,1
AL009218,C96850,retail,25,JP,ZA,30442.49,wire,CP7686,pep_match,3,0
AL009219,C17943,retail,1,AE,NG,100000.0,card,CP3271,round_amount,0,0
AL009220,C91284,retail,10,SG,JP,7811.32,card,CP4168,structuring,0,0
AL009221,C96651,retail,16,IR,KP,103815.97,ach,CP6860,sanctions_match,0,0
AL009222,C10158,retail,0,FR,RU,22218.23,ach,CP1226,high_risk_geo,0,0
AL009223,C87314,retail,23,NG,SG,8889.54,ach,CP1827,structuring,0,0
AL009224,C49785,retail,15,DE,AU,100000.0,ach,CP1953,round_amount,3,0
AL009225,C87434,business,21,FR,AU,100000.0,card,CP4613,round_amount,1,0
AL009226,C99246,retail,0,FR,KP,4240.43,card,CP4163,velocity,0,0
AL009227,C46536,retail,21,GB,AU,32014.81,cash,CP5217,pep_match,0,0
AL009228,C87233,retail,18,AU,DE,48618.55,card,CP2892,sanctions_match,0,0
AL009229,C34870,retail,1,AU,FR,8888.31,wire,CP1713,high_risk_geo,1,0
AL009230,C91562,retail,17,DE,AU,23848.3,wire,CP9350,dormant_reactivation,0,0
AL009231,C55418,business,3,FR,CA,25119.4,card,CP4407,sanctions_match,0,0
AL009232,C74917,retail,1,AU,DE,180948.87,ach,CP9078,sanctions_match,1,0
AL009233,C91144,retail,23,US,NG,172223.26,wire,CP1397,sanctions_match,0,0
AL009234,C86215,retail,9,CA,DE,50000.0,card,CP3528,round_amount,5,0
AL009235,C77258,retail,16,ZA,AU,8641.9,wire,CP5300,structuring,0,0
AL009236,C52328,retail,12,US,DE,50000.0,ach,CP7593,round_amount,0,0
AL009237,C95002,retail,9,AU,NG,8678.64,card,CP4091,structuring,0,1
AL009238,C29478,retail,25,JP,SG,5000.0,ach,CP3823,round_amount,0,0
AL009239,C78843,business,25,SG,GB,50000.0,ach,CP9453,round_amount,2,0
AL009240,C74079,retail,4,FR,DE,7917.63,card,CP6261,structuring,5,0
AL009241,C19604,retail,5,BR,SG,5000.0,wire,CP9909,round_amount,0,0
AL009242,C75464,retail,10,DE,BR,6605.65,card,CP7802,pep_match,5,0
AL009243,C32557,retail,2,DE,DE,22478.35,ach,CP2317,pep_match,0,0
AL009244,C32106,retail,16,NG,SG,6371.2,card,CP7087,high_risk_geo,3,0
AL009245,C42921,business,1,TR,BR,44880.99,ach,CP1200,pep_match,1,1
AL009246,C21103,retail,20,US,SY,100000.0,wire,CP7325,round_amount,1,0
AL009247,C92442,business,8,SG,AU,24929.86,ach,CP5456,pep_match,0,0
AL009248,C47873,retail,8,FR,SG,10000.0,wire,CP5392,round_amount,0,0
AL009249,C42056,private,13,US,TR,27462.74,ach,CP8095,pep_match,0,0
AL009250,C55737,business,25,FR,SG,62724.74,card,CP9171,sanctions_match,0,0
AL009251,C14908,retail,12,FR,JP,2347.06,ach,CP3607,velocity,2,0
AL009252,C80999,business,9,JP,DE,2178.93,card,CP7105,velocity,2,0
AL009253,C74892,retail,14,VE,GB,10000.0,ach,CP4077,round_amount,0,0
AL009254,C25932,retail,1,DE,CA,5000.0,ach,CP3042,round_amount,1,0
AL009255,C89671,retail,22,SG,US,243920.7,wire,CP2024,sanctions_match,0,0
AL009256,C84496,retail,23,US,US,47292.11,ach,CP8561,dormant_reactivation,0,0
AL009257,C37059,retail,3,DE,DE,5000.0,ach,CP7965,round_amount,0,0
AL009258,C64955,retail,7,SG,FR,20616.15,ach,CP2901,high_risk_geo,1,0
AL009259,C31371,retail,0,SG,GB,45865.48,wire,CP5252,pep_match,1,0
AL009260,C24633,retail,9,JP,JP,8555.85,wire,CP5010,structuring,1,0
AL009261,C69914,business,5,FR,SG,534.39,card,CP8717,velocity,3,0
AL009262,C11396,business,25,FR,SG,16211.29,card,CP8241,pep_match,0,0
AL009263,C14162,retail,24,CA,SY,5000.0,card,CP8907,round_amount,0,0
AL009264,C60397,retail,6,US,JP,206993.58,wire,CP9596,sanctions_match,1,0
AL009265,C27257,retail,6,FR,NG,1816.54,wire,CP3301,velocity,0,0
AL009266,C41956,business,11,ZA,GB,15758.75,cash,CP6414,high_risk_geo,1,0
AL009267,C65247,retail,20,FR,US,47405.74,ach,CP3077,pep_match,0,0
AL009268,C72569,private,24,RU,AE,2562.38,ach,CP8950,velocity,1,0
AL009269,C20350,retail,21,JP,CA,1933.91,wire,CP8348,velocity,0,0
AL009270,C18416,retail,21,AU,AE,19850.03,wire,CP1722,high_risk_geo,0,0
AL009271,C76877,retail,1,FR,CA,2191.22,card,CP8896,velocity,0,0
AL009272,C67893,private,3,SG,JP,1737.19,wire,CP6379,velocity,2,0
AL009273,C44257,business,12,FR,BR,26059.87,card,CP6649,dormant_reactivation,0,0
AL009274,C99079,business,5,DE,SG,9580.63,ach,CP5224,high_risk_geo,2,0
AL009275,C66912,retail,21,NG,AU,7536.51,ach,CP6255,dormant_reactivation,0,0
AL009276,C68715,retail,15,DE,GB,961.47,ach,CP4694,pep_match,0,0
AL009277,C44265,retail,10,GB,CA,1882.95,card,CP5328,velocity,0,0
AL009278,C27721,private,10,US,TR,10123.0,ach,CP6291,pep_match,0,0
AL009279,C33580,retail,24,CA,US,45832.76,ach,CP7695,dormant_reactivation,1,0
AL009280,C17224,retail,5,GB,TR,2721.26,ach,CP1306,pep_match,0,1
AL009281,C85576,retail,0,CA,US,30541.53,ach,CP6124,dormant_reactivation,0,0
AL009282,C64587,retail,11,CA,ZA,9422.73,wire,CP7779,structuring,0,0
AL009283,C88133,retail,4,SG,CA,8121.13,card,CP3136,structuring,3,0
AL009284,C48161,retail,2,JP,FR,7996.95,card,CP5559,structuring,2,0
AL009285,C42700,retail,13,AU,CA,25247.51,ach,CP5776,dormant_reactivation,1,0
AL009286,C77971,retail,9,US,JP,25000.0,wire,CP9080,round_amount,1,0
AL009287,C28332,retail,15,ZA,CA,2884.94,cash,CP5212,velocity,1,0
AL009288,C78441,retail,8,SG,SG,8528.85,ach,CP7309,pep_match,0,0
AL009289,C24404,business,2,JP,AU,10000.0,ach,CP4217,round_amount,1,0
AL009290,C95349,private,0,DE,VE,9397.1,ach,CP2624,structuring,3,1
AL009291,C61725,retail,22,SG,FR,26854.34,ach,CP4131,dormant_reactivation,0,0
AL009292,C78153,retail,6,SG,CA,46805.37,wire,CP6064,dormant_reactivation,2,0
AL009293,C88158,private,2,AU,FR,9471.56,wire,CP3892,structuring,0,0
AL009294,C97309,retail,10,CA,US,41363.04,card,CP5926,dormant_reactivation,0,0
AL009295,C61906,private,2,FR,SG,10000.0,card,CP7446,round_amount,2,0
AL009296,C30592,retail,17,CA,AU,25000.0,card,CP8735,round_amount,1,0
AL009297,C54525,business,13,AU,NG,131369.56,ach,CP6116,sanctions_match,8,0
AL009298,C38621,retail,19,CA,JP,27522.93,cash,CP4721,dormant_reactivation,0,0
AL009299,C68132,retail,10,US,US,9135.34,ach,CP4730,high_risk_geo,0,0
AL009300,C57040,retail,18,AU,VE,9535.31,wire,CP4717,structuring,1,1
AL009301,C37184,retail,11,CA,CA,34728.31,card,CP9010,dormant_reactivation,0,0
AL009302,C34326,retail,2,DE,GB,50000.0,card,CP9140,round_amount,2,0
AL009303,C53658,retail,16,CA,SG,17571.43,wire,CP3643,dormant_reactivation,1,0
AL009304,C63389,business,1,US,GB,20361.7,wire,CP8498,high_risk_geo,0,0
AL009305,C80836,business,20,CA,US,100000.0,ach,CP9800,round_amount,0,0
AL009306,C50983,business,11,AU,CA,4405.77,card,CP6321,velocity,1,0
AL009307,C68858,retail,21,SG,SG,18783.46,ach,CP4598,high_risk_geo,0,0
AL009308,C42389,business,8,SG,SG,26644.44,ach,CP1342,pep_match,2,0
AL009309,C73107,business,25,AE,FR,83680.58,card,CP8545,sanctions_match,0,0
AL009310,C45820,business,11,AU,SY,57755.93,card,CP7439,sanctions_match,3,0
AL009311,C78117,retail,10,GB,GB,38560.81,ach,CP9172,pep_match,1,0
AL009312,C41269,retail,2,SG,AU,1053.38,wire,CP8896,velocity,2,0
AL009313,C74569,retail,3,JP,CA,8473.5,wire,CP2015,structuring,1,0
AL009314,C20898,retail,7,NG,DE,119800.44,ach,CP6922,sanctions_match,0,1
AL009315,C68500,retail,14,US,FR,3518.81,card,CP3125,velocity,0,0
AL009316,C57345,retail,9,SG,NG,17783.57,card,CP1937,dormant_reactivation,0,0
AL009317,C36245,retail,8,JP,SG,25718.84,wire,CP7009,dormant_reactivation,0,0
AL009318,C72399,retail,18,CA,SG,28666.47,wire,CP3989,pep_match,0,0
AL009319,C58305,retail,23,JP,AE,165344.29,ach,CP1164,sanctions_match,0,0
AL009320,C66189,private,15,TR,NG,34197.39,wire,CP5024,pep_match,0,0
AL009321,C90899,retail,16,CA,SG,10000.0,wire,CP6423,round_amount,0,0
AL009322,C93994,retail,8,US,JP,8406.42,wire,CP5432,structuring,0,0
AL009323,C59748,retail,13,US,JP,142749.06,card,CP1809,sanctions_match,0,0
AL009324,C60289,retail,25,SG,NG,10000.0,wire,CP7948,round_amount,1,0
AL009325,C78628,retail,2,TR,FR,46935.64,wire,CP9093,dormant_reactivation,1,0
AL009326,C78394,retail,6,JP,AU,177671.4,cash,CP5144,sanctions_match,3,0
AL009327,C91726,business,12,DE,AU,100000.0,ach,CP2954,round_amount,2,0
AL009328,C69502,retail,9,FR,JP,9237.61,wire,CP1845,structuring,1,0
AL009329,C84189,retail,24,AU,FR,26125.0,card,CP7180,dormant_reactivation,2,0
AL009330,C33367,retail,9,DE,AU,45333.77,ach,CP5250,pep_match,2,0
AL009331,C58822,retail,0,JP,MX,16761.21,ach,CP5577,high_risk_geo,8,0
AL009332,C62258,business,5,AE,DE,24496.95,ach,CP1699,pep_match,2,1
AL009333,C35663,retail,11,DE,AU,25000.0,ach,CP7363,round_amount,3,0
AL009334,C53249,retail,1,GB,GB,17322.62,card,CP3388,pep_match,0,0
AL009335,C96355,retail,10,FR,DE,14398.95,card,CP1565,high_risk_geo,2,0
AL009336,C70805,retail,4,ZA,NG,49161.45,wire,CP4728,dormant_reactivation,0,0
AL009337,C23913,business,3,AE,ZA,1785.26,card,CP9886,velocity,0,0
AL009338,C66303,retail,8,DE,NG,82830.59,wire,CP6745,sanctions_match,3,1
AL009339,C80164,retail,1,JP,JP,12781.29,ach,CP6498,high_risk_geo,1,1
AL009340,C56213,private,14,SG,AU,8803.29,ach,CP3637,structuring,0,1
AL009341,C58212,retail,24,SG,AE,22690.76,ach,CP5825,high_risk_geo,0,0
AL009342,C80073,retail,25,JP,SG,8778.29,ach,CP5076,structuring,1,0
AL009343,C71772,retail,12,BR,TR,5000.0,card,CP2573,round_amount,0,0
AL009344,C63167,business,11,AU,BR,114183.86,ach,CP2675,sanctions_match,2,1
AL009345,C24325,business,17,US,GB,3950.35,ach,CP8673,velocity,0,0
AL009346,C17784,retail,16,CA,GB,8967.55,wire,CP5467,structuring,0,1
AL009347,C74295,retail,9,US,US,1080.12,card,CP5481,velocity,0,0
AL009348,C77096,business,12,JP,GB,16794.38,ach,CP2014,high_risk_geo,0,1
AL009349,C16214,retail,13,CA,FR,25200.81,wire,CP2619,dormant_reactivation,0,0
AL009350,C52341,private,15,GB,ZA,93879.0,card,CP7254,high_risk_geo,0,0
AL009351,C51761,retail,9,JP,AU,7596.57,ach,CP2298,high_risk_geo,0,0
AL009352,C95555,retail,9,AU,JP,47156.79,wire,CP2554,dormant_reactivation,5,0
AL009353,C32751,retail,8,CA,DE,5000.0,ach,CP6471,round_amount,0,0
AL009354,C51758,retail,17,AE,SY,133122.28,card,CP6079,sanctions_match,1,0
AL009355,C38727,retail,6,JP,DE,3795.84,wire,CP5583,dormant_reactivation,1,0
AL009356,C38903,retail,5,CA,FR,2105.66,wire,CP2067,velocity,1,0
AL009357,C22002,retail,9,SG,MX,8541.26,ach,CP2944,structuring,0,1
AL009358,C72758,retail,7,ZA,GB,22123.49,ach,CP6212,pep_match,0,0
AL009359,C63953,business,18,AU,GB,8046.82,cash,CP8306,structuring,3,0
AL009360,C67367,retail,5,SG,AU,8799.55,wire,CP9277,structuring,0,0
AL009361,C21852,retail,13,FR,BR,32262.08,ach,CP4495,dormant_reactivation,3,0
AL009362,C29721,retail,20,DE,AU,12993.37,cash,CP5640,pep_match,2,0
AL009363,C21792,retail,3,SG,FR,23621.07,wire,CP3810,pep_match,0,0
AL009364,C80887,retail,23,ZA,CA,16824.82,ach,CP2764,high_risk_geo,1,0
AL009365,C70037,retail,25,FR,DE,17977.93,card,CP2945,high_risk_geo,8,0
AL009366,C83038,retail,18,US,GB,4673.55,wire,CP4417,dormant_reactivation,0,0
AL009367,C23889,retail,24,GB,NG,23970.88,card,CP5199,high_risk_geo,0,0
AL009368,C83658,retail,12,MX,SG,162957.16,ach,CP9660,sanctions_match,3,1
AL009369,C62151,retail,23,CA,AE,38804.63,wire,CP5419,pep_match,0,0
AL009370,C31418,retail,24,FR,AU,28072.62,card,CP9753,dormant_reactivation,1,0
AL009371,C19345,retail,16,AU,TR,9845.3,ach,CP2833,high_risk_geo,0,1
AL009372,C83916,retail,25,NG,MX,9152.71,ach,CP5440,structuring,0,0
AL009373,C73113,retail,11,FR,US,10000.0,wire,CP5743,round_amount,1,0
AL009374,C63306,retail,9,RU,BR,17811.06,card,CP9181,high_risk_geo,0,0
AL009375,C44998,retail,1,JP,DE,8467.99,wire,CP2112,structuring,0,0
AL009376,C47929,retail,21,CA,GB,2903.45,wire,CP8876,velocity,3,0
AL009377,C45042,retail,16,ZA,AU,24826.72,cash,CP3827,high_risk_geo,0,0
AL009378,C29748,private,3,ZA,AE,171545.33,card,CP4336,sanctions_match,0,1
AL009379,C35144,retail,15,US,BR,8028.3,ach,CP2989,structuring,5,1
AL009380,C21230,retail,22,CA,SG,9764.55,wire,CP1739,structuring,2,0
AL009381,C14475,private,10,FR,FR,193006.72,cash,CP9288,sanctions_match,0,0
AL009382,C44428,retail,0,CA,GB,8208.03,card,CP9819,structuring,1,0
AL009383,C29335,retail,23,BR,AU,3883.5,wire,CP4937,velocity,1,0
AL009384,C76955,retail,9,JP,AU,50000.0,wire,CP2546,round_amount,0,0
AL009385,C63712,retail,8,NG,AU,50000.0,ach,CP8713,round_amount,1,0
AL009386,C45615,retail,4,GB,ZA,9203.06,wire,CP1653,structuring,2,0
AL009387,C21258,retail,12,BR,JP,13104.21,cash,CP3885,high_risk_geo,0,0
AL009388,C78253,business,14,JP,US,24825.0,ach,CP6551,high_risk_geo,2,0
AL009389,C49527,retail,13,US,GB,10188.94,card,CP2626,pep_match,0,0
AL009390,C49508,business,1,FR,VE,44183.35,card,CP4756,dormant_reactivation,1,0
AL009391,C66157,private,5,GB,TR,21547.55,ach,CP4041,dormant_reactivation,1,0
AL009392,C67065,retail,10,JP,FR,25677.23,wire,CP7869,pep_match,3,0
AL009393,C62498,retail,12,AU,CA,136177.69,cash,CP2837,sanctions_match,2,0
AL009394,C90551,retail,14,FR,CA,36619.16,ach,CP4523,dormant_reactivation,1,0
AL009395,C94271,business,2,AU,FR,51266.4,ach,CP9149,sanctions_match,2,0
AL009396,C74561,retail,16,DE,MX,12931.51,wire,CP1708,high_risk_geo,1,0
AL009397,C73252,business,2,CA,GB,30257.65,card,CP8084,pep_match,0,0
AL009398,C61141,retail,14,SY,FR,24294.78,ach,CP4817,dormant_reactivation,2,1
AL009399,C93356,retail,13,AU,FR,247987.28,wire,CP1413,sanctions_match,0,0
AL009400,C88600,retail,25,BR,CA,1557.9,ach,CP8185,velocity,3,0
AL009401,C41305,retail,7,SG,SG,24841.52,ach,CP9136,high_risk_geo,0,0
AL009402,C31411,retail,14,CA,BR,1917.34,ach,CP5771,velocity,0,0
AL009403,C38600,business,4,VE,GB,128097.24,ach,CP5381,sanctions_match,1,0
AL009404,C53864,retail,6,AU,GB,7997.54,ach,CP9059,structuring,0,1
AL009405,C40325,retail,20,CA,SG,52705.04,card,CP3046,sanctions_match,1,0
AL009406,C81463,private,20,MM,US,2979.12,wire,CP1056,velocity,8,0
AL009407,C18600,retail,25,GB,AU,39535.65,card,CP8468,sanctions_match,0,0
AL009408,C27883,business,15,AU,MX,25000.0,ach,CP3864,round_amount,5,0
AL009409,C11540,business,6,AE,JP,15648.06,ach,CP3292,pep_match,5,0
AL009410,C54929,business,19,JP,GB,25021.62,ach,CP6133,dormant_reactivation,1,0
AL009411,C42032,retail,10,JP,CA,5000.0,ach,CP6720,round_amount,0,0
AL009412,C47656,retail,23,JP,DE,5381.79,wire,CP1361,pep_match,0,1
AL009413,C35154,business,2,JP,DE,10000.0,ach,CP2241,round_amount,0,0
AL009414,C71699,private,6,IR,AU,158.26,wire,CP8531,velocity,1,0
AL009415,C65772,retail,18,FR,CA,42471.86,wire,CP3532,pep_match,1,1
AL009416,C68185,retail,14,FR,SG,8980.5,ach,CP1864,structuring,0,1
AL009417,C12278,retail,18,CA,CA,3131.19,ach,CP7284,velocity,0,0
AL009418,C59467,business,22,AU,BR,932.42,ach,CP2606,dormant_reactivation,0,0
AL009419,C91089,retail,3,US,US,9918.17,wire,CP2926,structuring,1,0
AL009420,C30857,retail,11,BR,JP,102822.33,ach,CP6474,sanctions_match,0,0
AL009421,C47081,retail,7,SG,CA,1153.66,ach,CP8754,pep_match,0,0
AL009422,C39583,retail,24,AE,CA,59000.41,ach,CP4522,sanctions_match,0,1
AL009423,C41064,retail,22,CA,AU,14634.35,card,CP6157,high_risk_geo,8,0
AL009424,C46863,private,2,SY,JP,3265.71,card,CP5822,velocity,0,0
AL009425,C35688,retail,11,VE,JP,17908.66,wire,CP3076,high_risk_geo,2,0
AL009426,C56873,retail,13,AU,US,38469.91,wire,CP5377,pep_match,1,1
AL009427,C87538,retail,14,JP,NG,15749.27,ach,CP6850,high_risk_geo,2,0
AL009428,C47797,retail,9,GB,SG,25826.35,wire,CP4404,pep_match,1,0
AL009429,C36686,retail,7,GB,AE,13529.27,wire,CP8178,high_risk_geo,0,0
AL009430,C92868,business,19,DE,FR,16616.21,wire,CP1011,high_risk_geo,0,0
AL009431,C53159,business,20,CA,CA,9196.81,wire,CP8674,structuring,2,0
AL009432,C76457,retail,25,AU,GB,8340.71,cash,CP3210,structuring,0,0
AL009433,C66892,private,7,AE,FR,34387.67,wire,CP3466,pep_match,2,0
AL009434,C77802,retail,17,FR,DE,670.46,wire,CP8908,velocity,3,0
AL009435,C83639,business,10,US,CA,4158.22,ach,CP3221,velocity,1,0
AL009436,C17522,retail,4,AU,BR,9077.77,card,CP4073,pep_match,3,0
AL009437,C88514,retail,13,GB,RU,131865.21,cash,CP9050,sanctions_match,0,0
AL009438,C68076,business,12,GB,NG,39744.84,wire,CP7503,pep_match,0,0
AL009439,C30213,business,22,NG,JP,15973.59,wire,CP5476,pep_match,0,0
AL009440,C33662,business,23,AU,AU,9405.49,wire,CP7629,structuring,1,0
AL009441,C39111,retail,15,CA,FR,7930.12,ach,CP7549,structuring,0,0
AL009442,C93365,business,11,FR,VE,83048.34,ach,CP3923,sanctions_match,1,0
AL009443,C11272,retail,0,AU,CA,5755.93,wire,CP2363,high_risk_geo,0,0
AL009444,C64270,retail,3,IR,JP,94514.57,card,CP5613,sanctions_match,0,0
AL009445,C71910,retail,23,CA,GB,9441.05,card,CP5964,structuring,0,0
AL009446,C59931,retail,9,GB,GB,8785.32,wire,CP5615,high_risk_geo,0,0
AL009447,C10350,retail,2,GB,AU,3058.61,card,CP8315,velocity,1,0
AL009448,C82647,retail,9,SG,CA,18258.98,wire,CP2117,pep_match,2,1
AL009449,C54650,retail,5,AU,US,8583.0,wire,CP4700,structuring,0,0
AL009450,C48440,retail,8,AU,GB,148649.31,card,CP8708,sanctions_match,0,1
AL009451,C37848,business,5,AU,MM,50000.0,cash,CP3157,round_amount,1,0
AL009452,C59683,retail,18,ZA,JP,25000.0,wire,CP1990,round_amount,0,0
AL009453,C55010,retail,25,SG,US,1301.14,cash,CP3849,velocity,1,0
AL009454,C47005,business,20,GB,FR,7362.58,wire,CP6478,high_risk_geo,1,0
AL009455,C28006,retail,11,SG,GB,50000.0,card,CP1574,round_amount,1,0
AL009456,C95640,retail,11,FR,JP,10000.0,wire,CP8636,round_amount,3,0
AL009457,C52674,retail,23,GB,FR,48993.17,cash,CP8642,dormant_reactivation,1,0
AL009458,C58100,business,2,DE,GB,4354.63,wire,CP7576,velocity,1,0
AL009459,C76711,retail,7,AU,AU,10000.0,ach,CP9260,round_amount,2,0
AL009460,C85737,private,9,FR,US,9009.08,wire,CP2607,pep_match,5,1
AL009461,C27881,business,20,FR,AE,226319.85,card,CP3892,sanctions_match,0,1
AL009462,C48642,private,3,KP,MX,2991.46,ach,CP8795,velocity,0,0
AL009463,C32762,retail,16,FR,CA,11718.0,card,CP4593,high_risk_geo,2,0
AL009464,C15055,retail,24,FR,US,102086.74,wire,CP1596,sanctions_match,1,1
AL009465,C91018,retail,15,CA,JP,8181.02,card,CP5681,pep_match,8,0
AL009466,C47303,retail,20,SG,FR,5000.0,ach,CP2053,round_amount,0,1
AL009467,C25897,retail,11,SG,ZA,34616.25,wire,CP7520,dormant_reactivation,1,0
AL009468,C22645,retail,0,JP,FR,11629.09,wire,CP5378,high_risk_geo,1,0
AL009469,C34157,retail,16,SG,JP,5000.0,wire,CP5615,round_amount,0,0
AL009470,C66637,private,13,SG,AU,25000.0,card,CP7870,round_amount,3,0
AL009471,C91190,retail,13,JP,SG,25000.0,wire,CP7082,round_amount,0,0
AL009472,C26490,retail,23,BR,ZA,8247.18,ach,CP3808,structuring,0,0
AL009473,C22922,retail,13,AU,GB,13073.59,wire,CP9950,pep_match,0,0
AL009474,C63004,business,14,TR,GB,8861.53,wire,CP1438,pep_match,1,0
AL009475,C87114,retail,20,ZA,MX,9865.72,ach,CP5833,structuring,0,1
AL009476,C42349,private,21,TR,TR,24111.06,ach,CP2174,dormant_reactivation,2,0
AL009477,C50527,retail,1,KP,AE,23268.58,wire,CP4056,high_risk_geo,0,0
AL009478,C38114,business,17,CA,SG,199494.54,ach,CP1741,sanctions_match,0,1
AL009479,C79129,retail,19,AE,SY,188260.75,ach,CP1411,sanctions_match,0,0
AL009480,C59374,retail,9,SG,SG,5000.0,wire,CP8093,round_amount,1,0
AL009481,C26605,private,25,US,US,50000.0,ach,CP5545,round_amount,1,0
AL009482,C33056,business,8,GB,ZA,2092.63,wire,CP6453,velocity,0,0
AL009483,C32546,retail,12,CA,FR,225557.88,cash,CP1691,sanctions_match,1,0
AL009484,C21134,retail,12,DE,AE,7870.8,ach,CP8798,structuring,0,0
AL009485,C75250,business,17,AU,US,1523.25,card,CP1391,velocity,1,0
AL009486,C54009,retail,3,JP,US,31437.76,cash,CP8346,dormant_reactivation,1,0
AL009487,C82865,retail,9,KP,GB,5592.19,card,CP7259,high_risk_geo,3,0
AL009488,C61820,business,21,US,MX,79065.53,wire,CP4007,sanctions_match,2,1
AL009489,C93062,retail,24,MM,GB,50000.0,card,CP1957,round_amount,0,0
AL009490,C21959,business,17,AU,DE,24455.38,card,CP2496,pep_match,8,0
AL009491,C16093,retail,3,SG,US,5000.0,ach,CP5280,round_amount,1,0
AL009492,C78356,business,19,BR,JP,98.68,cash,CP3017,velocity,1,0
AL009493,C15522,retail,21,AE,CA,8811.58,wire,CP1788,structuring,2,0
AL009494,C31573,private,16,US,TR,13192.03,cash,CP5230,sanctions_match,0,0
AL009495,C21669,retail,21,US,US,9167.11,wire,CP3822,structuring,0,1
AL009496,C78218,retail,20,NG,CA,5004.07,card,CP5363,pep_match,2,0
AL009497,C27687,business,12,AU,US,353.74,card,CP1430,pep_match,0,0
AL009498,C48564,business,9,GB,BR,1232.42,ach,CP9365,velocity,0,0
AL009499,C71825,private,23,SY,MX,36239.28,ach,CP7466,pep_match,0,0
AL009500,C63659,private,12,AE,SY,10000.0,wire,CP2065,round_amount,0,0
AL009501,C71173,business,17,CA,US,2979.02,cash,CP6502,velocity,3,0
AL009502,C20203,business,17,GB,JP,8572.75,wire,CP7458,structuring,0,0
AL009503,C48771,retail,1,CA,CA,100000.0,cash,CP7136,round_amount,2,0
AL009504,C84158,business,23,US,CA,21789.06,ach,CP6161,high_risk_geo,1,0
AL009505,C60602,retail,16,US,AU,2496.97,ach,CP7157,pep_match,3,1
AL009506,C11507,retail,24,DE,AE,50000.0,ach,CP7171,round_amount,0,0
AL009507,C61075,retail,17,JP,DE,10000.0,ach,CP8038,round_amount,1,1
AL009508,C10662,business,0,AU,US,226559.43,ach,CP8965,sanctions_match,0,0
AL009509,C50708,retail,20,JP,SG,4787.9,ach,CP5180,velocity,0,0
AL009510,C61208,business,4,FR,CA,15945.96,wire,CP3181,dormant_reactivation,1,0
AL009511,C44050,retail,8,DE,GB,36116.09,ach,CP3130,pep_match,0,0
AL009512,C95538,retail,20,AU,CA,7987.37,ach,CP1111,structuring,0,0
AL009513,C42803,business,22,US,AU,3946.11,wire,CP4353,sanctions_match,1,0
AL009514,C83803,retail,11,GB,MX,2293.66,card,CP5823,velocity,0,0
AL009515,C93981,business,12,FR,JP,2482.35,wire,CP9469,velocity,3,0
AL009516,C20385,retail,19,DE,DE,5000.0,card,CP2607,round_amount,1,0
AL009517,C79152,retail,5,MX,CA,20453.04,ach,CP3529,pep_match,3,0
AL009518,C60850,retail,19,AE,NG,9467.84,cash,CP5915,high_risk_geo,2,0
AL009519,C76399,retail,25,DE,DE,3018.46,card,CP8513,velocity,2,0
AL009520,C10412,private,16,AE,US,10000.0,ach,CP8216,round_amount,0,0
AL009521,C14494,private,18,CA,FR,100000.0,wire,CP1368,round_amount,0,0
AL009522,C62530,retail,17,FR,SG,10126.99,card,CP7755,pep_match,0,0
AL009523,C65114,business,5,FR,GB,5000.0,ach,CP5342,round_amount,0,0
AL009524,C95485,retail,3,GB,SG,4479.05,ach,CP8619,velocity,0,0
AL009525,C78599,business,16,GB,CA,9491.65,ach,CP1953,high_risk_geo,0,0
AL009526,C86656,private,7,MX,FR,4658.62,card,CP7393,velocity,1,0
AL009527,C68394,retail,6,FR,SG,23667.53,card,CP4331,high_risk_geo,1,0
AL009528,C61449,retail,4,TR,FR,8283.63,wire,CP1593,structuring,1,0
AL009529,C74310,private,11,AE,US,2024.86,wire,CP2802,velocity,0,0
AL009530,C63931,retail,1,FR,GB,42277.52,ach,CP2464,dormant_reactivation,0,0
AL009531,C30146,retail,25,SG,AU,90020.36,card,CP6224,sanctions_match,1,0
AL009532,C23927,private,5,AU,DE,38441.51,ach,CP8335,dormant_reactivation,1,0
AL009533,C56070,business,12,GB,ZA,7911.47,ach,CP3310,structuring,3,0
AL009534,C16456,retail,22,AU,BR,8431.54,ach,CP1307,structuring,0,0
AL009535,C80477,retail,15,FR,CA,100000.0,ach,CP2973,round_amount,2,0
AL009536,C92340,business,25,FR,SG,50000.0,ach,CP6038,round_amount,0,0
AL009537,C13123,private,17,SG,AU,8224.69,wire,CP2200,structuring,0,0
AL009538,C51393,retail,0,AU,SG,23870.87,cash,CP6040,sanctions_match,0,1
AL009539,C94932,retail,21,SG,JP,3195.5,ach,CP6906,velocity,3,0
AL009540,C95293,business,2,JP,FR,6234.89,card,CP6970,pep_match,0,0
AL009541,C42497,private,14,GB,DE,4633.0,wire,CP2682,velocity,0,0
AL009542,C27356,retail,0,MX,GB,100000.0,ach,CP1174,round_amount,3,0
AL009543,C69044,retail,23,MX,JP,31787.63,ach,CP4380,dormant_reactivation,1,0
AL009544,C64490,business,21,GB,SG,37999.65,cash,CP2413,dormant_reactivation,0,0
AL009545,C32320,retail,13,JP,CA,38520.04,ach,CP7215,dormant_reactivation,0,0
AL009546,C87516,business,6,DE,MX,1877.77,wire,CP8435,velocity,0,0
AL009547,C45183,retail,6,TR,AU,451.5,ach,CP8182,velocity,0,0
AL009548,C90453,business,21,US,JP,9085.38,card,CP7058,structuring,0,0
AL009549,C67799,retail,6,US,MM,27024.95,ach,CP3776,pep_match,5,0
AL009550,C22791,retail,15,FR,US,24342.98,wire,CP6688,high_risk_geo,0,0
AL009551,C38216,private,0,JP,SG,25000.0,cash,CP7921,round_amount,1,0
AL009552,C82158,private,21,SG,CA,131951.55,wire,CP5494,sanctions_match,0,0
AL009553,C62635,business,21,CA,DE,166145.4,ach,CP3704,sanctions_match,0,0
AL009554,C57223,private,19,AU,MM,47337.67,wire,CP6492,pep_match,0,1
AL009555,C90077,private,12,MX,AU,122306.59,ach,CP7634,sanctions_match,0,0
AL009556,C69972,retail,6,SG,AU,36589.14,ach,CP9481,dormant_reactivation,2,0
AL009557,C76983,retail,11,DE,GB,50000.0,wire,CP1049,round_amount,0,0
AL009558,C99218,retail,11,DE,JP,3796.66,ach,CP6599,velocity,1,0
AL009559,C97173,retail,25,DE,JP,100000.0,ach,CP1547,round_amount,3,0
AL009560,C81745,retail,11,AE,DE,6210.96,card,CP4474,sanctions_match,2,0
AL009561,C49783,retail,12,US,MX,9227.24,wire,CP4904,structuring,0,0
AL009562,C46665,retail,2,CA,CA,20230.22,ach,CP9557,high_risk_geo,0,0
AL009563,C67566,business,11,MX,CA,8787.68,cash,CP4947,structuring,1,0
AL009564,C68178,business,19,NG,US,20066.05,ach,CP8182,pep_match,0,0
AL009565,C90159,private,21,MX,JP,4795.35,ach,CP6331,velocity,1,0
AL009566,C14972,retail,13,AU,CA,2845.02,cash,CP2460,velocity,1,0
AL009567,C75673,retail,18,SG,SG,5000.0,ach,CP4319,round_amount,0,0
AL009568,C94234,business,20,DE,FR,24608.07,ach,CP9584,high_risk_geo,8,0
AL009569,C79350,business,10,CA,DE,100000.0,ach,CP5367,round_amount,2,0
AL009570,C70484,business,4,CA,AU,50000.0,wire,CP5338,round_amount,5,0
AL009571,C98078,retail,5,AU,US,27220.09,ach,CP6204,pep_match,1,0
AL009572,C49959,retail,20,FR,GB,4324.56,ach,CP9751,velocity,0,0
AL009573,C25196,retail,25,NG,GB,8987.15,cash,CP4975,structuring,0,0
AL009574,C25388,business,10,SG,BR,20658.93,wire,CP1391,high_risk_geo,1,0
AL009575,C80617,retail,18,SG,JP,3593.56,wire,CP3758,velocity,2,0
AL009576,C12832,retail,10,GB,TR,7881.96,card,CP3255,structuring,5,0
AL009577,C22441,private,6,VE,ZA,25000.0,wire,CP7177,round_amount,0,0
AL009578,C78675,retail,21,US,AU,22020.87,wire,CP8247,high_risk_geo,3,0
AL009579,C71904,retail,25,TR,GB,9559.28,wire,CP3907,structuring,3,0
AL009580,C51775,retail,5,FR,FR,8500.79,cash,CP6752,dormant_reactivation,0,0
AL009581,C51465,retail,22,CA,GB,8802.2,ach,CP6531,structuring,1,1
AL009582,C24350,private,4,CA,DE,23817.31,ach,CP6388,dormant_reactivation,0,0
AL009583,C81222,retail,13,JP,US,8272.12,ach,CP8982,structuring,0,0
AL009584,C98242,retail,10,GB,JP,5000.0,ach,CP4795,round_amount,0,0
AL009585,C96804,business,7,JP,ZA,30281.48,cash,CP9857,dormant_reactivation,0,0
AL009586,C21503,retail,16,US,FR,46036.43,card,CP2250,pep_match,1,0
AL009587,C37603,retail,22,AU,FR,9331.41,ach,CP5738,structuring,2,0
AL009588,C33388,business,5,FR,CA,8401.53,ach,CP2753,structuring,0,0
AL009589,C87454,retail,19,CA,DE,10405.63,ach,CP1465,high_risk_geo,0,0
AL009590,C96637,retail,22,FR,DE,8380.21,card,CP5514,structuring,0,0
AL009591,C48236,private,23,GB,VE,37255.2,ach,CP3706,pep_match,0,0
AL009592,C53328,retail,5,AU,US,19209.43,ach,CP4507,pep_match,0,0
AL009593,C79685,retail,13,SG,AU,118275.47,card,CP8244,sanctions_match,1,0
AL009594,C83851,business,25,DE,GB,6924.62,wire,CP5378,high_risk_geo,0,0
AL009595,C22570,retail,15,US,AU,13022.01,ach,CP8905,high_risk_geo,0,1
AL009596,C56047,retail,5,AU,US,1838.61,card,CP5826,velocity,0,0
AL009597,C48535,retail,25,GB,AU,223930.03,wire,CP1894,sanctions_match,1,0
AL009598,C20655,retail,25,CA,ZA,1865.96,ach,CP8959,velocity,0,0
AL009599,C74407,retail,14,SG,SG,1816.76,cash,CP1058,pep_match,2,0
AL009600,C56006,retail,15,DE,AU,9432.33,ach,CP8825,structuring,3,0
AL009601,C78953,retail,12,MM,US,38147.55,wire,CP4902,dormant_reactivation,0,1
AL009602,C31188,retail,7,SG,GB,216.94,wire,CP7029,velocity,1,0
AL009603,C95698,retail,0,FR,US,8656.8,wire,CP2406,structuring,1,1
AL009604,C24916,retail,20,US,CA,17954.68,card,CP5828,high_risk_geo,0,0
AL009605,C72955,retail,3,TR,DE,292.37,ach,CP5301,velocity,3,0
AL009606,C73125,retail,25,AE,SG,14117.69,ach,CP5415,dormant_reactivation,0,0
AL009607,C16543,private,23,NG,CA,8242.19,wire,CP6127,structuring,3,1
AL009608,C65738,retail,25,CA,GB,8294.85,card,CP5585,structuring,0,0
AL009609,C15184,private,5,JP,GB,7964.67,cash,CP9281,structuring,3,0
AL009610,C77415,retail,19,FR,CA,70156.07,wire,CP5800,sanctions_match,1,0
AL009611,C44403,retail,10,FR,JP,10384.68,wire,CP2813,high_risk_geo,3,0
AL009612,C62193,retail,25,CA,DE,15352.16,ach,CP4876,high_risk_geo,8,0
AL009613,C73611,retail,4,BR,DE,11938.93,card,CP4940,high_risk_geo,0,1
AL009614,C68342,retail,17,JP,GB,8776.19,ach,CP5687,structuring,1,1
AL009615,C48513,retail,1,CA,DE,9863.95,cash,CP9924,structuring,0,0
AL009616,C30624,business,19,US,AU,14380.27,ach,CP1069,high_risk_geo,0,1
AL009617,C85449,retail,2,TR,JP,50000.0,ach,CP5032,round_amount,1,0
AL009618,C98342,business,6,GB,AU,20428.55,card,CP1917,high_risk_geo,1,0
AL009619,C66684,retail,2,DE,GB,5911.18,wire,CP9862,high_risk_geo,0,0
AL009620,C43556,business,24,US,ZA,29210.64,wire,CP6102,pep_match,0,0
AL009621,C92047,retail,21,JP,JP,5000.0,card,CP7870,round_amount,0,0
AL009622,C29099,business,1,RU,NG,8904.5,ach,CP7874,structuring,0,0
AL009623,C69074,business,9,SY,CA,12530.03,ach,CP9399,pep_match,1,0
AL009624,C93548,retail,24,FR,GB,4748.53,wire,CP8339,velocity,0,0
AL009625,C96041,retail,25,AE,JP,136864.69,ach,CP6801,sanctions_match,0,0
AL009626,C31419,retail,6,GB,JP,9154.23,cash,CP2474,structuring,0,0
AL009627,C98422,retail,2,CA,JP,8574.5,card,CP1671,structuring,0,0
AL009628,C53708,retail,16,FR,SG,8314.75,card,CP2404,structuring,0,0
AL009629,C17619,retail,21,NG,CA,69405.01,ach,CP5420,sanctions_match,2,1
AL009630,C49905,business,7,DE,US,2875.69,ach,CP3191,velocity,1,0
AL009631,C74244,retail,22,US,SG,114542.08,wire,CP6446,sanctions_match,0,0
AL009632,C60382,retail,9,DE,AU,8116.24,wire,CP7021,structuring,2,1
AL009633,C14149,retail,7,DE,SG,17915.42,cash,CP7749,sanctions_match,0,0
AL009634,C56030,retail,2,CA,JP,1257.84,ach,CP1455,velocity,0,0
AL009635,C65500,retail,4,US,CA,504.43,ach,CP7155,velocity,0,0
AL009636,C59939,retail,0,SG,DE,15759.38,ach,CP7338,high_risk_geo,1,0
AL009637,C46497,retail,1,CA,BR,22083.69,wire,CP3283,high_risk_geo,2,1
AL009638,C81171,retail,11,CA,GB,6433.41,card,CP8073,high_risk_geo,2,0
AL009639,C75293,retail,6,JP,US,8961.42,ach,CP4576,structuring,0,0
AL009640,C36287,retail,13,GB,JP,10656.49,ach,CP2628,high_risk_geo,5,1
AL009641,C40410,business,3,FR,US,8636.59,card,CP5853,structuring,0,0
AL009642,C51773,retail,25,DE,ZA,1853.73,card,CP1118,pep_match,0,0
AL009643,C37086,retail,13,SG,JP,11502.83,ach,CP9725,high_risk_geo,0,0
AL009644,C83072,business,8,GB,AU,31576.93,wire,CP6485,dormant_reactivation,0,0
AL009645,C32642,retail,6,SG,SG,2647.56,wire,CP2266,dormant_reactivation,3,0
AL009646,C83144,retail,21,US,SG,4302.72,ach,CP9332,velocity,0,0
AL009647,C53594,retail,12,US,JP,8784.78,card,CP1200,high_risk_geo,1,0
AL009648,C11477,retail,24,AU,NG,9856.03,ach,CP4705,structuring,1,0
AL009649,C21056,retail,15,SY,US,2333.27,card,CP6771,velocity,0,0
AL009650,C25697,retail,9,TR,GB,8367.82,wire,CP1269,structuring,1,0
AL009651,C45016,private,7,JP,ZA,2588.22,card,CP8720,velocity,3,0
AL009652,C59875,business,18,AE,MX,100000.0,card,CP9323,round_amount,1,0
AL009653,C38293,retail,13,BR,AU,18767.25,ach,CP9068,pep_match,2,0
AL009654,C42773,business,24,DE,VE,40455.06,card,CP9567,sanctions_match,0,0
AL009655,C23312,business,8,JP,MX,35689.27,cash,CP7582,dormant_reactivation,2,0
AL009656,C55301,retail,11,AU,NG,7898.23,wire,CP4332,structuring,1,0
AL009657,C81617,business,8,GB,SG,47199.3,wire,CP5768,pep_match,0,0
AL009658,C88070,retail,20,FR,AE,19635.89,ach,CP1309,dormant_reactivation,0,0
AL009659,C67539,retail,12,NG,CA,170241.03,cash,CP2855,sanctions_match,0,0
AL009660,C20959,private,24,MX,MM,9782.72,card,CP8767,structuring,0,0
AL009661,C19016,retail,8,DE,US,54676.86,ach,CP3427,sanctions_match,3,0
AL009662,C36524,retail,20,NG,MX,37149.64,cash,CP8857,pep_match,0,0
AL009663,C55055,business,6,FR,DE,1495.36,card,CP6909,velocity,5,0
AL009664,C18506,retail,10,US,JP,42470.75,ach,CP2945,dormant_reactivation,1,0
AL009665,C82500,retail,5,MX,JP,1817.69,wire,CP6630,sanctions_match,1,1
AL009666,C47568,retail,13,AU,DE,9003.1,ach,CP7051,structuring,0,0
AL009667,C48799,retail,8,SG,GB,3141.72,cash,CP9775,velocity,2,0
AL009668,C22615,business,10,AU,US,50000.0,wire,CP5001,round_amount,0,0
AL009669,C43943,retail,19,GB,US,9644.48,ach,CP1623,high_risk_geo,0,0
AL009670,C12623,retail,24,FR,FR,11832.68,ach,CP8141,high_risk_geo,0,1
AL009671,C52290,retail,23,CA,JP,9924.62,cash,CP8670,high_risk_geo,0,0
AL009672,C64001,retail,18,US,SG,6992.4,card,CP2681,pep_match,0,0
AL009673,C57770,retail,7,SG,AU,92.77,ach,CP7109,velocity,0,0
AL009674,C21330,retail,3,DE,FR,3728.53,ach,CP1807,velocity,1,0
AL009675,C24929,retail,2,ZA,JP,25000.0,wire,CP9601,round_amount,0,0
AL009676,C70977,retail,3,JP,NG,5000.0,card,CP5225,round_amount,1,0
AL009677,C24996,retail,11,CA,KP,245336.07,wire,CP8488,sanctions_match,0,0
AL009678,C17616,business,3,AE,GB,44393.05,ach,CP6300,dormant_reactivation,2,0
AL009679,C75992,business,23,CA,SG,23846.06,wire,CP9005,high_risk_geo,3,0
AL009680,C91827,retail,12,MX,SY,10911.24,ach,CP2481,high_risk_geo,0,1
AL009681,C98125,retail,6,SG,BR,7819.07,ach,CP8034,structuring,0,1
AL009682,C39040,retail,12,US,DE,17556.41,card,CP3948,high_risk_geo,1,0
AL009683,C30965,retail,20,GB,US,10000.0,wire,CP5638,round_amount,1,0
AL009684,C16682,private,7,MM,FR,258.56,wire,CP5124,velocity,0,0
AL009685,C98073,retail,14,SY,AU,10000.0,ach,CP7225,round_amount,0,0
AL009686,C92180,retail,3,IR,DE,19803.75,wire,CP7086,high_risk_geo,1,0
AL009687,C64216,retail,0,FR,CA,10000.0,ach,CP5618,round_amount,2,0
AL009688,C50331,retail,18,AU,DE,157156.26,ach,CP8227,sanctions_match,0,1
AL009689,C58280,business,6,JP,AU,45229.87,wire,CP4760,dormant_reactivation,0,0
AL009690,C70931,retail,25,TR,US,5438.74,ach,CP2869,pep_match,0,0
AL009691,C41156,retail,10,FR,NG,26175.28,card,CP7535,pep_match,3,0
AL009692,C25166,business,6,US,GB,4795.13,ach,CP5095,velocity,3,0
AL009693,C70581,business,4,FR,NG,9560.79,ach,CP2825,structuring,2,0
AL009694,C80707,retail,12,SG,GB,8134.78,cash,CP9027,structuring,0,0
AL009695,C51669,private,15,BR,NG,2825.31,card,CP5731,pep_match,1,0
AL009696,C89890,business,22,JP,AE,22227.17,card,CP1402,dormant_reactivation,0,0
AL009697,C20113,business,5,GB,US,4260.78,ach,CP1233,dormant_reactivation,2,0
AL009698,C78640,retail,14,AU,DE,112402.62,wire,CP5296,sanctions_match,2,0
AL009699,C33420,retail,4,CA,TR,739.99,card,CP9374,velocity,1,0
AL009700,C41452,retail,9,JP,DE,5313.25,wire,CP6780,dormant_reactivation,2,0
AL009701,C44410,retail,1,AE,FR,120876.93,card,CP5632,sanctions_match,1,0
AL009702,C84941,private,18,SG,IR,9025.85,ach,CP1019,dormant_reactivation,2,0
AL009703,C84803,retail,16,AE,DE,11886.3,ach,CP9744,high_risk_geo,0,0
AL009704,C86383,retail,17,CA,US,1052.17,ach,CP4976,velocity,3,1
AL009705,C36525,retail,25,ZA,JP,8316.4,card,CP7401,structuring,2,0
AL009706,C39545,business,6,US,FR,7154.69,ach,CP3944,dormant_reactivation,2,0
AL009707,C57280,retail,24,CA,DE,22281.66,ach,CP3802,high_risk_geo,0,0
AL009708,C69205,retail,16,SG,SG,9109.68,cash,CP4335,structuring,0,0
AL009709,C51645,retail,15,GB,KP,7957.01,cash,CP7056,high_risk_geo,0,0
AL009710,C82734,business,10,JP,ZA,100000.0,card,CP7412,round_amount,1,0
AL009711,C35387,retail,25,SG,FR,20726.51,wire,CP9455,sanctions_match,2,0
AL009712,C15705,retail,25,US,GB,115155.43,cash,CP1288,sanctions_match,2,0
AL009713,C25884,retail,3,CA,FR,9780.52,card,CP3475,structuring,1,0
AL009714,C45382,private,7,AE,US,100000.0,wire,CP7724,round_amount,2,0
AL009715,C33974,retail,14,SG,DE,9492.75,wire,CP4057,dormant_reactivation,0,0
AL009716,C74382,retail,8,AU,GB,100000.0,wire,CP5944,round_amount,2,0
AL009717,C16993,retail,18,NG,JP,2947.79,card,CP1217,velocity,0,0
AL009718,C27928,retail,23,AU,SG,7971.09,ach,CP8199,structuring,0,0
AL009719,C51897,business,2,TR,DE,5000.0,ach,CP5410,round_amount,0,0
AL009720,C20236,retail,24,ZA,DE,1252.54,ach,CP3873,velocity,0,0
AL009721,C75994,retail,0,JP,FR,1081.35,card,CP3468,velocity,2,0
AL009722,C81113,retail,3,JP,US,20926.21,ach,CP5494,high_risk_geo,1,0
AL009723,C90526,business,3,SG,CA,15911.95,card,CP9609,pep_match,0,0
AL009724,C23769,retail,25,NG,US,23659.96,card,CP9126,high_risk_geo,1,0
AL009725,C71569,private,18,AU,GB,46441.58,ach,CP4224,sanctions_match,0,1
AL009726,C19691,business,7,GB,DE,22519.76,ach,CP3079,high_risk_geo,0,1
AL009727,C56958,retail,14,CA,ZA,1539.27,ach,CP2981,velocity,3,0
AL009728,C73916,retail,8,SG,CA,8947.56,cash,CP5588,high_risk_geo,0,1
AL009729,C66275,retail,2,AU,SG,238044.82,card,CP1636,sanctions_match,3,0
AL009730,C16911,retail,2,AU,NG,3277.63,wire,CP5815,velocity,0,0
AL009731,C96283,business,1,JP,GB,9126.01,ach,CP7972,high_risk_geo,8,1
AL009732,C77145,retail,25,DE,MX,16843.6,ach,CP9495,high_risk_geo,0,0
AL009733,C44094,retail,2,NG,AU,9107.55,ach,CP5982,structuring,0,1
AL009734,C24013,business,4,FR,AU,8401.67,ach,CP5089,structuring,0,1
AL009735,C90594,retail,23,FR,CA,30757.95,wire,CP2200,dormant_reactivation,0,0
AL009736,C99281,retail,17,BR,CA,7804.56,wire,CP3377,structuring,0,0
AL009737,C17095,retail,4,SG,GB,8296.64,card,CP2257,structuring,0,0
AL009738,C73748,retail,2,CA,AU,42155.63,ach,CP7066,dormant_reactivation,0,0
AL009739,C23873,retail,3,JP,CA,10000.0,ach,CP2467,round_amount,3,0
AL009740,C41289,private,16,TR,US,16552.83,ach,CP4669,pep_match,1,0
AL009741,C90192,retail,4,ZA,MX,25000.0,cash,CP8716,round_amount,0,0
AL009742,C13208,retail,17,CA,SG,858.8,cash,CP2837,velocity,0,0
AL009743,C49714,business,16,SG,JP,10118.35,cash,CP7619,pep_match,0,1
AL009744,C85975,business,6,JP,JP,184290.91,wire,CP4325,sanctions_match,0,0
AL009745,C91919,retail,22,DE,FR,9837.57,ach,CP5052,structuring,0,1
AL009746,C50259,private,13,SY,ZA,9309.53,ach,CP4470,structuring,2,1
AL009747,C33575,retail,10,US,GB,15375.21,card,CP6612,pep_match,1,0
AL009748,C34486,private,23,VE,IR,5000.0,ach,CP5547,round_amount,0,0
AL009749,C30571,business,24,US,SG,28489.97,card,CP2267,dormant_reactivation,1,0
AL009750,C73094,retail,4,CA,AU,9227.23,wire,CP5474,structuring,0,0
AL009751,C21492,retail,20,JP,CA,9968.04,ach,CP1248,structuring,3,1
AL009752,C87208,retail,24,BR,US,33423.02,ach,CP2066,pep_match,1,0
AL009753,C93536,retail,7,DE,AE,5000.0,wire,CP7773,round_amount,0,0
AL009754,C83093,private,18,AU,US,25182.03,wire,CP6670,pep_match,2,0
AL009755,C90121,retail,23,FR,AU,64077.33,ach,CP3341,sanctions_match,0,0
AL009756,C54643,private,20,SG,JP,9273.68,ach,CP3029,pep_match,0,1
AL009757,C62928,business,1,US,DE,50000.0,cash,CP1874,round_amount,0,0
AL009758,C38247,retail,6,CA,SG,43967.96,card,CP9079,dormant_reactivation,0,0
AL009759,C58448,retail,9,SG,AU,188585.71,wire,CP9648,sanctions_match,1,1
AL009760,C56146,business,10,JP,FR,33025.2,card,CP7650,pep_match,1,0
AL009761,C37765,private,13,JP,AE,34731.81,cash,CP4841,pep_match,0,0
AL009762,C20083,retail,24,AU,FR,4538.29,ach,CP3274,velocity,3,0
AL009763,C92705,retail,10,SG,CA,117603.54,ach,CP2304,sanctions_match,5,1
AL009764,C81612,retail,2,GB,SG,68002.94,ach,CP6531,sanctions_match,0,0
AL009765,C14369,retail,23,US,JP,11861.93,card,CP2653,pep_match,0,0
AL009766,C50764,retail,9,GB,NG,45147.74,cash,CP3837,pep_match,2,0
AL009767,C55617,retail,2,MX,MX,8907.87,ach,CP7998,structuring,0,1
AL009768,C90110,private,1,RU,AU,5000.0,card,CP6010,round_amount,2,0
AL009769,C47186,retail,13,DE,FR,100000.0,wire,CP2292,round_amount,0,0
AL009770,C41861,retail,2,SG,GB,118067.64,card,CP1072,sanctions_match,2,0
AL009771,C21970,retail,3,GB,SG,22406.34,wire,CP9728,dormant_reactivation,2,0
AL009772,C58574,retail,16,GB,GB,10794.56,ach,CP9628,sanctions_match,0,0
AL009773,C36928,retail,9,GB,CA,12098.43,ach,CP2009,dormant_reactivation,2,0
AL009774,C59835,retail,17,GB,GB,25000.0,cash,CP7195,round_amount,1,0
AL009775,C26101,business,4,AE,DE,9799.61,wire,CP6912,structuring,0,0
AL009776,C51816,retail,5,JP,CA,9531.86,ach,CP9867,structuring,2,0
AL009777,C79218,private,17,NG,AE,28178.16,wire,CP3821,pep_match,2,0
AL009778,C45460,retail,22,DE,DE,5000.0,wire,CP6696,round_amount,2,0
AL009779,C89583,retail,7,US,NG,43781.42,wire,CP1147,sanctions_match,1,0
AL009780,C66247,retail,16,JP,AE,10069.61,ach,CP5877,dormant_reactivation,1,0
AL009781,C18487,business,17,AU,SG,9062.28,ach,CP1004,structuring,0,1
AL009782,C73221,retail,5,CA,TR,100000.0,wire,CP3852,round_amount,1,0
AL009783,C97191,retail,15,MX,FR,31113.43,ach,CP8706,pep_match,2,1
AL009784,C27340,business,14,SG,US,25000.0,cash,CP1154,round_amount,0,0
AL009785,C53730,retail,23,CA,US,3153.91,wire,CP9655,pep_match,0,0
AL009786,C99505,retail,16,DE,US,41909.39,card,CP7412,sanctions_match,0,0
AL009787,C37423,retail,6,FR,SG,8388.04,wire,CP4561,structuring,0,0
AL009788,C57325,private,12,DE,FR,415.0,wire,CP3561,velocity,1,0
AL009789,C34127,retail,0,US,GB,31476.19,card,CP6456,pep_match,2,0
AL009790,C83752,private,9,AU,AE,9271.31,wire,CP7786,structuring,3,0
AL009791,C81191,business,11,SG,US,50000.0,ach,CP7051,round_amount,0,0
AL009792,C92750,retail,5,FR,AU,11060.45,ach,CP9870,high_risk_geo,0,0
AL009793,C88661,retail,19,GB,DE,10000.0,card,CP2494,round_amount,1,0
AL009794,C37234,retail,6,AU,DE,9513.15,ach,CP4258,structuring,0,0
AL009795,C19541,retail,18,FR,US,4500.22,card,CP3026,sanctions_match,0,0
AL009796,C60975,retail,22,SG,ZA,24478.96,wire,CP5007,high_risk_geo,0,0
AL009797,C10340,business,12,AU,GB,3427.71,wire,CP8028,velocity,5,0
AL009798,C12819,retail,23,GB,GB,7837.45,wire,CP8168,structuring,0,0
AL009799,C43198,retail,9,GB,AE,144703.17,card,CP8317,sanctions_match,1,0
AL009800,C15849,retail,8,GB,ZA,10000.0,ach,CP5741,round_amount,0,0
AL009801,C23360,retail,17,US,BR,8736.96,wire,CP5646,structuring,0,0
AL009802,C38603,retail,23,DE,AU,9752.66,wire,CP8571,structuring,0,0
AL009803,C79114,retail,24,NG,AU,36581.67,card,CP5155,dormant_reactivation,0,0
AL009804,C10010,business,0,GB,CA,10000.0,ach,CP3427,round_amount,3,0
AL009805,C40413,retail,14,CA,JP,100000.0,cash,CP1608,round_amount,0,0
AL009806,C66370,retail,8,GB,ZA,61792.3,wire,CP3766,sanctions_match,1,0
AL009807,C84236,retail,18,BR,DE,41154.69,cash,CP9899,dormant_reactivation,0,0
AL009808,C85005,retail,22,CA,US,23058.69,wire,CP5358,dormant_reactivation,3,0
AL009809,C82405,retail,15,ZA,SG,7846.41,ach,CP3118,structuring,0,0
AL009810,C17588,business,23,AU,CA,44546.54,wire,CP2202,pep_match,1,0
AL009811,C47518,retail,13,JP,MX,21954.92,ach,CP2815,high_risk_geo,0,0
AL009812,C15333,retail,16,AE,GB,36183.2,ach,CP3573,pep_match,5,0
AL009813,C18834,retail,18,CA,US,8250.22,wire,CP8867,structuring,0,1
AL009814,C19129,retail,20,GB,AE,2342.57,wire,CP9882,velocity,0,0
AL009815,C29628,retail,9,SG,GB,149550.13,cash,CP1485,sanctions_match,0,0
AL009816,C77126,private,0,GB,JP,10000.0,wire,CP6902,round_amount,0,0
AL009817,C45145,retail,20,SG,CA,45419.32,card,CP5225,pep_match,1,0
AL009818,C42606,business,11,FR,FR,10015.0,card,CP9915,high_risk_geo,0,0
AL009819,C98593,retail,6,SG,DE,8183.47,wire,CP5440,structuring,0,0
AL009820,C92179,retail,22,FR,FR,100000.0,wire,CP3071,round_amount,1,0
AL009821,C43255,business,17,FR,GB,56468.85,card,CP4167,sanctions_match,0,1
AL009822,C90721,retail,14,CA,GB,8943.91,wire,CP7425,structuring,2,1
AL009823,C86721,retail,19,FR,AE,72477.81,ach,CP7812,sanctions_match,3,0
AL009824,C14500,retail,22,CA,BR,59253.98,wire,CP7962,sanctions_match,0,0
AL009825,C39382,business,2,AE,BR,6142.3,ach,CP4668,pep_match,2,0
AL009826,C69991,private,4,FR,KP,8560.74,card,CP4226,structuring,0,0
AL009827,C15694,retail,7,JP,SG,25138.98,cash,CP1356,dormant_reactivation,0,1
AL009828,C20741,retail,18,AU,US,3096.32,ach,CP2477,velocity,1,0
AL009829,C61546,retail,9,JP,MX,50000.0,ach,CP5203,round_amount,0,0
AL009830,C18660,business,6,CA,AU,9529.25,ach,CP4857,structuring,8,1
AL009831,C95745,business,17,AE,JP,180506.31,wire,CP7115,sanctions_match,3,0
AL009832,C35132,retail,8,SG,DE,23825.05,ach,CP9723,pep_match,2,0
AL009833,C40396,retail,21,GB,CA,40499.62,ach,CP9580,pep_match,2,1
AL009834,C42508,retail,5,GB,SG,24595.87,cash,CP1826,pep_match,1,0
AL009835,C76013,retail,13,CA,GB,938.42,ach,CP6872,velocity,0,0
AL009836,C42863,retail,7,DE,GB,1555.34,wire,CP8969,pep_match,2,0
AL009837,C25641,retail,11,MX,JP,100000.0,card,CP3665,round_amount,0,0
AL009838,C95277,retail,18,AU,US,33721.58,ach,CP8392,pep_match,3,0
AL009839,C21004,business,10,TR,FR,4953.51,ach,CP9147,velocity,0,0
AL009840,C89668,retail,21,CA,JP,11571.24,ach,CP3788,dormant_reactivation,1,0
AL009841,C77147,retail,6,CA,FR,45902.16,wire,CP9410,dormant_reactivation,0,0
AL009842,C63303,retail,23,JP,JP,14798.99,wire,CP8364,high_risk_geo,0,0
AL009843,C29170,retail,15,DE,RU,50000.0,wire,CP9070,round_amount,0,0
AL009844,C49532,retail,10,MM,DE,51150.86,ach,CP4591,sanctions_match,0,0
AL009845,C56975,retail,21,US,FR,243373.1,ach,CP7292,sanctions_match,8,1
AL009846,C46052,business,5,CA,AE,11464.9,ach,CP1329,pep_match,0,0
AL009847,C96896,retail,18,AU,NG,8253.21,ach,CP6526,structuring,5,0
AL009848,C23327,retail,20,TR,GB,45690.69,card,CP9835,dormant_reactivation,1,0
AL009849,C39164,retail,13,DE,GB,204159.19,card,CP4128,sanctions_match,1,0
AL009850,C93010,retail,6,GB,SG,18719.68,card,CP8356,pep_match,0,0
AL009851,C49728,retail,14,AU,DE,1692.09,cash,CP2596,velocity,3,0
AL009852,C47348,retail,22,JP,CA,9082.87,cash,CP9220,structuring,0,0
AL009853,C26407,retail,15,DE,JP,4361.68,cash,CP3837,sanctions_match,0,0
AL009854,C38939,private,10,FR,FR,10000.0,card,CP7566,round_amount,0,0
AL009855,C89909,retail,1,CA,AU,46654.47,card,CP1217,sanctions_match,2,0
AL009856,C72079,retail,11,SG,JP,26817.14,wire,CP9314,dormant_reactivation,0,0
AL009857,C82883,business,20,SG,US,5000.0,wire,CP5721,round_amount,0,0
AL009858,C96513,retail,13,FR,CA,4581.57,card,CP4935,velocity,0,0
AL009859,C90260,retail,2,FR,JP,648.49,ach,CP1445,pep_match,0,0
AL009860,C27897,retail,13,CA,FR,3490.82,ach,CP7639,velocity,0,1
AL009861,C67702,retail,13,AU,JP,243060.49,card,CP4422,sanctions_match,2,0
AL009862,C76020,private,13,NG,CA,10000.0,wire,CP3896,round_amount,0,0
AL009863,C80348,retail,12,ZA,CA,9551.7,ach,CP7277,structuring,0,0
AL009864,C65710,retail,18,AE,GB,16366.44,ach,CP8321,sanctions_match,0,0
AL009865,C56308,retail,22,DE,AU,9894.73,ach,CP3305,structuring,0,0
AL009866,C42893,retail,3,SG,SG,30127.58,ach,CP8163,sanctions_match,1,0
AL009867,C34963,private,22,SG,FR,16229.72,wire,CP7476,dormant_reactivation,0,0
AL009868,C89203,retail,19,FR,MM,33978.56,ach,CP4489,dormant_reactivation,5,0
AL009869,C11721,retail,10,US,DE,100000.0,cash,CP8039,round_amount,5,0
AL009870,C34617,retail,11,AU,AU,37386.63,ach,CP4800,dormant_reactivation,0,0
AL009871,C34087,retail,15,SG,FR,17195.42,ach,CP7024,dormant_reactivation,1,0
AL009872,C74628,retail,14,CA,TR,10000.0,ach,CP6969,round_amount,0,0
AL009873,C38665,business,6,TR,US,9498.33,ach,CP6211,structuring,0,0
AL009874,C95586,retail,23,GB,ZA,15825.44,wire,CP5632,dormant_reactivation,2,0
AL009875,C96713,retail,19,KP,NG,2627.84,ach,CP2171,velocity,1,0
AL009876,C26019,business,1,AU,CA,53212.77,ach,CP7007,sanctions_match,0,0
AL009877,C45351,retail,9,FR,JP,2810.46,ach,CP6699,velocity,5,0
AL009878,C88144,retail,10,FR,SG,136756.12,ach,CP3333,sanctions_match,0,0
AL009879,C54130,retail,0,US,FR,5331.78,ach,CP1870,high_risk_geo,0,0
AL009880,C64123,retail,23,BR,AU,10000.0,card,CP9283,round_amount,2,0
AL009881,C51559,retail,11,DE,DE,1572.73,cash,CP5470,velocity,0,0
AL009882,C77683,retail,19,SG,FR,21682.76,wire,CP3384,high_risk_geo,1,0
AL009883,C38885,retail,24,SG,GB,1364.1,ach,CP5703,velocity,0,0
AL009884,C46406,retail,20,AU,GB,2278.1,ach,CP8789,velocity,0,0
AL009885,C84458,business,25,NG,AU,6829.55,ach,CP9033,high_risk_geo,0,0
AL009886,C18732,retail,12,MX,DE,43746.83,cash,CP1352,dormant_reactivation,0,0
AL009887,C99722,business,17,FR,FR,3522.94,ach,CP7699,velocity,0,0
AL009888,C69301,business,24,GB,CA,13809.56,ach,CP6001,dormant_reactivation,0,0
AL009889,C29751,retail,17,AU,SG,85882.14,cash,CP4423,sanctions_match,0,0
AL009890,C25415,business,11,SG,AU,14525.07,cash,CP1590,high_risk_geo,0,0
AL009891,C43978,private,5,TR,GB,2549.92,card,CP2931,velocity,3,0
AL009892,C62509,business,24,FR,FR,2275.59,ach,CP4695,velocity,2,0
AL009893,C68724,retail,10,AE,CA,9204.46,wire,CP5354,structuring,2,1
AL009894,C32690,retail,17,US,GB,15234.36,ach,CP1317,dormant_reactivation,5,0
AL009895,C34698,retail,10,SG,JP,13363.36,wire,CP6732,pep_match,3,0
AL009896,C25361,business,15,GB,AU,241.58,wire,CP8089,velocity,0,0
AL009897,C45472,retail,6,US,DE,14523.12,ach,CP3188,high_risk_geo,0,0
AL009898,C17711,retail,16,US,GB,46915.9,card,CP3926,dormant_reactivation,0,0
AL009899,C49333,retail,20,BR,CA,9569.62,wire,CP3964,structuring,2,1
AL009900,C90478,business,17,FR,JP,40336.01,ach,CP1017,pep_match,0,0
AL009901,C36275,business,18,BR,GB,20771.65,wire,CP8029,high_risk_geo,3,0
AL009902,C50330,retail,2,US,FR,18471.22,wire,CP7902,dormant_reactivation,0,0
AL009903,C19784,retail,9,MM,GB,169344.69,ach,CP4254,sanctions_match,0,1
AL009904,C15073,business,10,US,DE,4122.25,wire,CP4144,pep_match,0,0
AL009905,C59215,retail,5,JP,AE,6943.58,wire,CP1264,high_risk_geo,1,1
AL009906,C78828,retail,12,AU,US,9805.16,wire,CP3403,structuring,0,0
AL009907,C21990,private,19,MX,NG,8311.26,ach,CP4762,structuring,0,0
AL009908,C57704,retail,14,US,JP,37650.87,card,CP9889,dormant_reactivation,1,0
AL009909,C69888,retail,11,CA,FR,673.71,ach,CP9478,velocity,3,0
AL009910,C26460,retail,10,BR,MX,10000.0,wire,CP1151,round_amount,0,0
AL009911,C27496,retail,21,FR,FR,144660.39,wire,CP7321,sanctions_match,1,0
AL009912,C13183,retail,7,AU,CA,56802.37,ach,CP4100,sanctions_match,1,0
AL009913,C60968,private,6,US,MX,5898.5,ach,CP4882,sanctions_match,0,0
AL009914,C72556,business,3,JP,JP,4044.22,wire,CP4079,velocity,0,0
AL009915,C32084,retail,14,IR,AU,9182.71,wire,CP7195,structuring,0,0
AL009916,C59524,retail,7,DE,FR,4701.87,wire,CP1410,velocity,2,0
AL009917,C34991,retail,22,US,BR,40296.45,ach,CP7981,pep_match,3,0
AL009918,C62081,retail,1,CA,GB,200960.84,wire,CP9259,sanctions_match,0,0
AL009919,C11089,retail,25,DE,DE,96.51,ach,CP1315,velocity,3,0
AL009920,C81348,retail,8,DE,GB,47877.6,wire,CP6689,pep_match,1,0
AL009921,C58698,retail,3,CA,AU,13195.73,wire,CP1437,dormant_reactivation,3,0
AL009922,C90642,retail,11,TR,CA,1122.75,card,CP6979,velocity,8,0
AL009923,C23923,retail,20,SG,FR,782.91,ach,CP1679,velocity,0,0
AL009924,C29565,retail,15,SG,MX,44766.7,ach,CP7510,dormant_reactivation,0,0
AL009925,C28157,business,11,SG,BR,25927.27,ach,CP7710,pep_match,0,0
AL009926,C98812,retail,8,US,FR,8343.75,card,CP8360,structuring,0,0
AL009927,C43235,retail,15,FR,US,7952.7,ach,CP5664,structuring,1,0
AL009928,C65965,retail,12,AU,ZA,56880.83,wire,CP2914,sanctions_match,0,0
AL009929,C44570,business,10,US,AU,21038.5,card,CP9284,dormant_reactivation,3,0
AL009930,C71766,retail,19,AU,DE,39333.91,ach,CP7470,dormant_reactivation,0,0
AL009931,C20689,retail,4,JP,JP,8177.33,cash,CP4811,structuring,1,0
AL009932,C22513,retail,8,FR,AU,9663.99,ach,CP7283,structuring,2,0
AL009933,C94496,business,6,BR,SG,41445.21,ach,CP9794,dormant_reactivation,2,0
AL009934,C18598,business,20,JP,FR,107595.95,ach,CP9035,sanctions_match,2,0
AL009935,C56165,retail,20,FR,US,966.62,ach,CP8180,velocity,3,0
AL009936,C38662,retail,8,CA,ZA,236750.97,ach,CP9699,sanctions_match,0,0
AL009937,C19408,retail,0,FR,RU,6585.68,wire,CP8596,pep_match,5,0
AL009938,C84289,business,19,FR,AU,36927.67,ach,CP6922,pep_match,0,0
AL009939,C95764,business,2,IR,DE,38125.06,wire,CP4281,dormant_reactivation,0,0
AL009940,C44422,retail,2,AU,JP,9085.09,ach,CP8909,structuring,0,0
AL009941,C30612,retail,4,AU,DE,28251.05,ach,CP3858,dormant_reactivation,0,0
AL009942,C41349,retail,3,AU,DE,8979.48,card,CP5993,structuring,0,0
AL009943,C34865,retail,10,BR,US,8484.17,card,CP1167,high_risk_geo,1,0
AL009944,C37973,private,17,FR,SG,9244.67,card,CP3022,structuring,2,0
AL009945,C17357,private,21,IR,GB,39275.27,ach,CP1490,dormant_reactivation,0,0
AL009946,C81761,retail,5,JP,US,9297.96,card,CP2735,structuring,2,0
AL009947,C40186,retail,16,DE,JP,14887.9,card,CP9116,high_risk_geo,0,0
AL009948,C21959,retail,22,NG,AU,138473.3,wire,CP2839,sanctions_match,0,0
AL009949,C21250,retail,2,FR,US,4354.05,ach,CP5506,velocity,2,0
AL009950,C47235,retail,3,CA,CA,50000.0,card,CP1013,round_amount,2,0
AL009951,C65007,retail,25,US,TR,2231.31,card,CP9458,velocity,0,0
AL009952,C17990,retail,13,FR,MX,19811.57,ach,CP1746,high_risk_geo,0,0
AL009953,C36634,retail,3,TR,DE,100000.0,card,CP3596,round_amount,5,0
AL009954,C78443,retail,2,DE,SY,2588.76,card,CP4486,velocity,1,0
AL009955,C43963,retail,11,AU,SG,8223.61,wire,CP5220,structuring,0,0
AL009956,C29584,retail,25,SG,AU,161244.57,wire,CP1551,sanctions_match,3,0
AL009957,C55743,retail,22,GB,DE,32616.27,cash,CP2346,dormant_reactivation,0,0
AL009958,C29816,private,3,MX,AU,50000.0,ach,CP9770,round_amount,0,0
AL009959,C81444,retail,4,ZA,US,2458.58,ach,CP4109,velocity,2,0
AL009960,C20052,retail,16,MX,CA,11924.21,ach,CP1693,high_risk_geo,0,1
AL009961,C35656,retail,24,US,FR,3808.25,wire,CP6108,velocity,0,0
AL009962,C36698,business,22,FR,GB,4396.8,ach,CP1236,velocity,3,0
AL009963,C64197,business,24,CA,TR,100000.0,ach,CP7547,round_amount,0,0
AL009964,C76606,business,13,JP,AE,4496.64,cash,CP4688,velocity,0,0
AL009965,C44921,retail,9,AU,VE,538.05,wire,CP8877,velocity,2,0
AL009966,C26884,private,20,BR,FR,10000.0,ach,CP1127,round_amount,0,0
AL009967,C62535,business,8,GB,SG,43881.0,wire,CP6356,pep_match,2,0
AL009968,C55418,private,19,JP,FR,28493.02,card,CP3057,dormant_reactivation,0,0
AL009969,C13210,retail,13,BR,US,10000.0,ach,CP4623,round_amount,0,0
AL009970,C86671,retail,7,AE,AU,43575.37,card,CP2316,dormant_reactivation,0,0
AL009971,C89471,retail,11,JP,GB,140246.26,wire,CP7188,sanctions_match,0,0
AL009972,C66231,retail,22,US,MX,34719.83,card,CP8501,sanctions_match,0,0
AL009973,C73697,business,24,JP,JP,903.11,card,CP4555,dormant_reactivation,1,0
AL009974,C89649,retail,23,CA,CA,213046.33,ach,CP7394,sanctions_match,2,0
AL009975,C97938,retail,13,CA,DE,36912.51,wire,CP6861,pep_match,5,0
AL009976,C23159,business,25,TR,DE,48931.77,wire,CP6200,dormant_reactivation,2,0
AL009977,C37386,retail,20,SG,CA,7746.71,wire,CP9761,high_risk_geo,0,0
AL009978,C68229,retail,3,AU,TR,5296.98,ach,CP3990,high_risk_geo,2,0
AL009979,C40980,retail,1,DE,DE,6630.11,card,CP6466,high_risk_geo,0,0
AL009980,C38547,business,11,SG,US,7980.11,ach,CP9232,structuring,1,1
AL009981,C11600,retail,15,DE,RU,43692.86,wire,CP8167,pep_match,2,0
AL009982,C41502,business,15,DE,SG,25121.0,ach,CP6870,dormant_reactivation,0,0
AL009983,C72687,retail,0,AU,MX,50000.0,wire,CP1329,round_amount,1,0
AL009984,C13085,retail,2,US,DE,5000.0,wire,CP3301,round_amount,0,0
AL009985,C92764,retail,9,FR,SG,45630.07,ach,CP1397,pep_match,0,0
AL009986,C96825,retail,24,DE,DE,3691.94,card,CP5864,velocity,0,0
AL009987,C61535,business,9,JP,DE,15109.1,ach,CP5971,high_risk_geo,0,0
AL009988,C87175,retail,20,CA,JP,27559.26,wire,CP2313,dormant_reactivation,0,0
AL009989,C27260,business,24,CA,DE,134697.26,card,CP3381,sanctions_match,0,0
AL009990,C47099,retail,5,CA,NG,9371.03,ach,CP7870,structuring,2,0
AL009991,C26075,private,21,ZA,JP,38785.97,wire,CP5614,dormant_reactivation,0,1
AL009992,C88554,retail,25,BR,IR,142745.37,wire,CP4946,sanctions_match,0,1
AL009993,C93358,business,9,JP,SG,4664.74,wire,CP5281,velocity,1,0
AL009994,C60889,retail,4,BR,AU,229105.54,wire,CP6727,sanctions_match,8,1
AL009995,C69493,retail,16,SG,GB,4632.98,ach,CP8504,velocity,0,0
AL009996,C20813,retail,3,SG,MX,50000.0,ach,CP8336,round_amount,0,0
AL009997,C88975,retail,11,JP,JP,37497.72,wire,CP2835,pep_match,2,0
AL009998,C57739,private,11,TR,GB,504.07,wire,CP3425,dormant_reactivation,1,0
AL009999,C91595,retail,12,SG,GB,21087.96,ach,CP8840,pep_match,2,0
